Laberinto:
X X X X X X X X X X X X X X X X X X X X X X X X X X X X X X X X X X X X X X X X X X X X X X X X X X X X X X X X X X X X X X X X X X X X X X X X X X X X X X X X X X X X X X X X X X X X X X X X X X X X X X X X X X X X X X X X X X X X X X X X X X X X X X X X X X X X X X X X X X X X X X X X X X X X X X X X X X X X X X X X X X X X X X X X X X X X X X X X X X X X X X X X X X X X X X X X X X X X X X X X X X X X X X X X X X X X X X X X X X X X X X X X X X X X X X X X X X X X X X X X X X X X X X X X X X X X X X X X X X X X X X X X X X X X X X X X X X X X X X X X X X X X X X X X X X X X X X X X X X X X X X X X X X X X X X X X X X X X X X X X X X X X X X X X X X X X X X X X X X X X X X X X X X X X X X X X X X X X X X X X X X X X X X X X X X X X X X X X X X X X X X X X X X X X X X X X X X X X X X X X
E 0 0 0 0 0 0 0 0 0 0 0 X 0 0 X 0 0 X 0 0 X X 0 X 0 0 0 X 0 0 0 0 0 0 0 0 0 0 0 0 0 0 0 0 0 X 0 0 0 0 0 0 0 X 0 0 0 0 0 0 0 0 0 X X 0 0 0 0 0 0 X X 0 0 0 0 0 0 0 0 0 0 0 0 0 0 0 X 0 0 0 X 0 0 0 0 X 0 0 0 0 0 0 0 0 0 X X 0 0 0 0 X 0 0 0 0 X 0 0 0 X X 0 0 0 0 0 0 X 0 X 0 0 0 0 0 0 X 0 0 0 0 0 0 0 0 0 X X 0 0 0 X 0 0 0 0 0 0 0 0 0 0 0 X 0 X X 0 0 0 0 0 0 0 0 0 0 0 0 0 0 0 0 0 0 0 X X 0 0 0 X 0 0 0 0 X X 0 0 0 0 0 0 0 0 0 0 0 0 0 X 0 0 0 0 X X X 0 0 0 0 0 0 X 0 0 X 0 0 0 0 0 0 X 0 X 0 0 0 0 0 X 0 0 0 0 0 0 X 0 0 0 0 0 0 0 X 0 X 0 0 0 0 0 0 0 0 0 0 0 0 X 0 X 0 0 0 0 0 0 X X 0 0 0 0 X 0 0 X 0 0 X 0 0 0 0 0 X 0 X X X 0 0 0 0 0 0 0 0 0 0 0 0 X X 0 0 0 0 X 0 0 0 0 0 0 0 X 0 0 0 0 0 0 0 0 X 0 0 0 0 X 0 X 0 0 0 X 0 0 0 X 0 0 0 0 0 0 0 0 0 0 0 0 0 X 0 0 0 0 0 X 0 0 0 0 0 0 0 0 0 0 0 0 0 0 0 0 0 0 0 X
X 0 0 0 0 X 0 0 0 0 0 0 0 X 0 0 0 0 0 0 0 0 0 0 0 0 0 0 0 0 0 0 0 0 0 X 0 0 0 0 0 0 0 0 0 0 0 X X 0 0 0 0 X 0 0 0 0 0 0 0 0 0 0 0 0 X 0 0 0 0 0 0 0 0 0 0 X 0 0 0 0 0 0 0 0 0 0 0 0 X X 0 0 X X X 0 0 0 0 0 0 0 0 0 X 0 0 X 0 0 0 0 0 0 X 0 0 0 X 0 0 X X 0 0 0 0 X 0 0 0 X 0 X 0 X 0 X 0 X 0 0 0 0 0 X 0 X 0 0 X X 0 0 0 0 0 X 0 0 X 0 0 0 0 X 0 0 X X X 0 0 0 0 X X X X 0 0 0 0 X 0 0 0 X X 0 0 0 0 X X 0 0 0 X 0 X 0 0 0 X X X 0 X 0 0 0 0 0 0 X 0 0 0 0 0 0 0 0 0 0 0 0 X 0 0 0 0 0 0 0 0 0 0 0 0 0 0 0 0 0 0 X X 0 0 0 X 0 0 0 0 0 0 0 0 0 X X 0 X X X 0 0 0 0 0 0 0 0 0 0 0 0 0 0 0 0 0 0 X 0 0 0 0 0 0 X 0 0 0 X 0 0 0 0 X X 0 0 0 0 0 0 0 0 0 0 0 X 0 0 0 0 0 X 0 0 0 0 X 0 0 0 0 0 0 X 0 0 0 X 0 0 0 X X 0 0 0 0 X 0 0 0 X 0 0 0 0 0 X X 0 0 0 X X 0 0 0 0 0 0 0 0 X X 0 X 0 X 0 0 X X 0 0 X 0 0 0 0 0 X X 0 0 0 0 0 X
X X 0 0 X 0 0 0 0 0 X 0 0 0 0 0 X 0 0 X 0 0 0 0 0 0 0 X X 0 0 0 0 0 X 0 0 0 0 X X 0 0 0 0 0 0 0 0 0 0 0 0 0 0 X 0 0 0 X 0 0 0 0 0 0 X X X 0 0 X 0 0 0 0 X 0 0 0 0 0 0 0 X X 0 X 0 0 X 0 0 0 X 0 0 0 0 0 0 X X X X 0 0 0 X X 0 0 0 0 0 0 0 0 0 X 0 0 0 0 0 0 X 0 X 0 0 0 0 0 0 0 0 X 0 0 X 0 0 0 0 0 0 0 0 X 0 0 0 0 0 0 0 0 X 0 0 0 X 0 0 X 0 0 0 0 0 0 0 0 X 0 0 0 0 0 0 X 0 0 0 0 0 X 0 0 0 0 0 0 0 X X 0 0 0 0 X X 0 0 X X 0 0 0 X X 0 0 0 0 0 0 X X 0 0 0 0 0 0 0 0 X 0 0 0 X 0 0 0 0 0 0 0 0 0 0 0 0 X 0 0 X X X 0 0 0 0 0 0 0 X 0 0 0 0 0 0 0 0 0 X 0 0 0 X X 0 0 0 0 X 0 0 0 0 X 0 X 0 0 0 0 0 0 0 0 0 0 0 0 X 0 0 0 0 0 0 0 0 0 0 0 0 0 0 0 X X X 0 0 0 X 0 0 0 X 0 0 0 0 X 0 X 0 0 0 0 0 0 0 0 0 0 0 0 X 0 0 0 0 0 0 0 X 0 0 X 0 0 0 0 0 0 X 0 0 0 0 0 0 0 0 0 0 0 0 X 0 0 0 X 0 0 0 0 X 0 0 0 0 0 0 0 0 X 0 0 0 0 0 X
X 0 X 0 0 X X 0 X 0 0 0 0 0 0 0 0 0 0 0 X X 0 0 0 0 0 X 0 0 X 0 X 0 0 0 0 0 0 0 0 0 0 X 0 0 0 0 0 0 0 X 0 0 X X 0 0 X 0 0 0 X 0 0 X 0 X 0 0 0 0 0 0 0 X 0 X 0 0 X X 0 X 0 X 0 X 0 0 0 0 0 0 0 X 0 X 0 0 0 0 0 0 0 0 0 X 0 X 0 0 0 0 0 0 X 0 0 0 0 X 0 X 0 0 0 0 X 0 0 0 X 0 0 0 0 0 0 0 0 X 0 X 0 0 X 0 X X X 0 0 0 0 0 X 0 0 0 X X 0 X 0 X 0 0 0 0 0 0 0 0 0 0 0 0 X 0 0 0 0 0 0 X 0 0 X 0 0 0 0 0 0 X X 0 0 X 0 0 X 0 0 X 0 0 0 X 0 0 0 0 0 0 0 0 0 0 0 0 0 0 0 0 X 0 0 0 0 0 0 0 X 0 0 0 0 0 0 X X 0 0 0 0 0 0 0 0 0 0 X 0 0 0 0 0 0 0 0 0 X 0 0 0 0 0 0 0 0 0 0 0 0 0 0 0 0 0 X 0 X 0 0 0 0 0 0 X X 0 0 0 0 X 0 0 0 0 0 0 0 0 0 0 X 0 0 0 0 0 0 X X 0 X 0 0 0 X X 0 X X 0 0 X 0 0 0 0 0 0 0 0 0 0 0 X 0 0 X 0 0 0 0 X 0 0 0 0 0 0 0 0 X X X 0 0 0 X 0 0 X 0 0 X 0 0 0 0 0 0 0 0 0 0 0 0 0 0 0 0 X 0 0 0 X 0 0 0 0 0 0 0 0 X
X 0 0 X 0 0 0 X 0 0 X 0 0 X 0 X 0 0 0 0 X 0 X X 0 0 0 0 0 0 0 0 0 0 0 0 0 0 0 0 0 0 0 0 X 0 0 X 0 0 X 0 0 0 0 0 0 0 0 0 0 0 0 0 X 0 X 0 0 0 0 0 0 0 X X 0 0 X 0 0 0 0 X X 0 0 0 X 0 0 X 0 0 0 0 0 0 0 0 X 0 0 0 0 0 0 0 0 X 0 0 0 0 0 0 0 0 X 0 X 0 0 0 0 0 0 0 0 X 0 0 0 0 X X 0 0 X 0 X 0 0 0 0 0 0 X 0 0 X 0 0 0 0 0 0 0 X 0 0 0 0 0 0 X 0 0 0 0 0 0 X X 0 X 0 0 0 0 0 0 X 0 X 0 X 0 0 0 X 0 0 0 0 0 X 0 0 0 X X 0 X 0 0 0 0 X 0 X 0 0 0 0 0 0 0 0 0 X X 0 X 0 0 0 0 0 0 X X 0 X 0 X 0 0 0 0 0 0 0 0 0 0 0 X 0 X 0 X 0 X 0 0 0 X X 0 X 0 0 X X X 0 0 0 0 0 0 0 0 0 0 0 X 0 0 0 0 0 X 0 0 0 0 0 0 0 0 0 X 0 0 0 0 X 0 0 0 0 X 0 X 0 0 0 0 0 0 0 0 0 X 0 0 0 0 0 0 0 0 X 0 0 0 0 0 0 0 0 0 0 0 X 0 0 0 0 0 0 0 0 0 0 0 0 0 0 X 0 0 0 0 X 0 0 0 0 0 0 0 0 0 X 0 0 0 X X 0 0 0 0 0 X 0 X X 0 0 0 0 0 X X 0 0 0 0 0 0 0 0 X X 0 X
X X 0 0 0 0 X 0 X X 0 0 0 0 0 0 0 0 X 0 0 0 0 0 X 0 0 0 0 0 0 0 0 0 0 0 0 X X 0 0 0 0 X X 0 0 0 0 0 0 0 X 0 0 0 0 0 0 0 0 X 0 X 0 0 0 0 0 0 X 0 X X 0 0 X 0 X 0 X 0 0 0 0 0 0 0 0 0 X 0 0 X 0 X 0 0 0 0 0 0 0 0 0 0 X 0 0 0 0 0 0 0 0 0 0 0 0 0 0 0 0 0 0 0 X 0 0 0 0 X 0 X 0 0 0 0 0 0 0 X X 0 0 X X 0 0 0 0 0 X 0 0 X 0 0 0 0 X 0 0 0 X 0 0 0 0 0 0 0 0 0 0 0 0 0 0 0 0 0 0 0 0 0 X 0 0 X 0 X 0 0 0 0 0 0 X 0 0 0 X 0 X 0 0 0 0 0 0 0 X 0 0 0 0 0 0 0 0 X X 0 0 0 0 0 0 0 0 0 0 0 0 0 0 0 0 0 0 0 0 0 0 0 0 0 0 0 X 0 0 0 X 0 0 0 0 0 0 0 0 X X 0 0 0 0 X 0 0 0 0 0 0 X 0 X 0 0 0 0 0 X 0 X 0 0 0 0 0 0 0 0 0 0 X 0 0 X 0 X 0 0 0 0 0 0 0 0 X 0 0 X 0 0 0 0 0 X 0 0 0 0 0 0 0 0 0 0 0 0 X 0 0 0 0 0 0 0 X 0 0 0 0 0 0 X 0 0 0 X 0 0 0 0 0 0 0 0 0 0 0 0 0 0 0 0 0 0 X 0 0 0 X 0 0 0 0 0 0 0 0 X X X 0 0 0 0 0 0 X 0 0 X 0 0 X
X 0 X 0 0 0 0 X 0 0 X 0 0 X 0 0 0 0 0 0 0 0 0 0 X 0 0 0 0 0 X 0 0 0 0 0 0 0 0 0 X X 0 0 X X X 0 0 0 0 X 0 0 0 0 X 0 X 0 0 0 0 0 0 0 0 0 X 0 0 0 0 0 0 0 0 0 0 X X X 0 0 0 0 0 X X 0 0 0 0 0 0 0 0 0 0 0 0 0 0 X 0 0 X 0 X 0 0 0 X 0 0 0 0 0 0 0 0 0 0 0 X 0 0 0 0 0 0 0 0 0 X 0 0 0 0 0 0 0 0 0 X 0 X X 0 0 0 0 0 0 0 0 0 X 0 0 0 0 X 0 0 X 0 X X 0 0 0 0 0 X X 0 0 0 0 0 0 0 0 0 0 0 0 0 0 0 0 0 0 0 0 0 0 X 0 0 0 0 0 0 0 0 0 0 0 X 0 0 X X X 0 0 0 0 0 0 0 0 0 X 0 0 0 0 X 0 0 X 0 0 X X 0 0 0 0 0 X X 0 0 0 0 0 0 X 0 0 0 X 0 0 0 0 0 0 X 0 0 0 0 0 0 0 X 0 0 0 0 0 0 X X 0 X 0 0 0 0 0 0 0 X 0 X 0 0 0 0 0 0 X 0 0 0 0 0 X 0 0 0 0 X 0 X 0 0 0 0 0 0 0 0 X 0 0 0 0 0 0 0 0 X 0 X 0 0 0 0 0 0 X 0 0 0 X 0 0 0 0 0 0 0 X 0 0 X 0 0 0 0 0 X 0 X X 0 X 0 0 0 0 0 0 0 0 X 0 X X X 0 0 0 0 0 0 0 0 0 0 0 0 0 X 0 X 0 0 0 0 0 0 X
X 0 0 0 X 0 0 0 0 0 0 0 X 0 0 0 0 0 0 0 0 X 0 X 0 0 X X X 0 0 0 0 X 0 0 0 0 X X 0 0 0 X 0 0 0 0 0 X 0 0 0 0 0 0 X X 0 0 0 0 0 0 0 0 0 0 0 0 0 0 0 0 0 0 0 0 0 0 0 X 0 0 0 0 0 0 0 0 0 0 0 0 X 0 X X X 0 0 0 0 X 0 0 0 0 0 X X 0 0 0 0 0 0 0 0 0 0 X 0 0 0 0 X 0 X X X 0 0 0 X 0 0 0 0 X 0 0 0 0 0 0 X 0 0 0 X 0 0 0 0 0 X 0 0 0 0 0 0 0 0 0 0 X 0 0 0 0 0 0 0 X 0 0 0 0 0 0 0 X X 0 0 0 X 0 X 0 0 0 0 0 X 0 0 0 0 0 0 0 0 0 0 X 0 0 X 0 0 0 0 0 0 0 X 0 X X 0 0 0 X 0 0 0 0 0 0 0 0 0 0 0 0 0 0 0 X 0 0 0 0 0 0 0 0 0 X 0 0 X X 0 0 X X 0 X X 0 X 0 X 0 0 0 X 0 0 0 0 0 0 X X 0 X X X 0 0 0 0 0 0 0 0 0 0 0 0 0 0 0 0 X 0 0 0 0 0 0 0 0 0 0 X 0 0 0 0 0 0 0 0 0 X X 0 0 0 0 0 0 X X 0 X 0 0 0 X 0 0 0 0 0 0 X 0 X 0 X 0 X X 0 0 0 0 0 0 0 X X X 0 0 0 X 0 0 X 0 0 0 0 0 0 0 0 0 0 0 0 0 0 0 0 X 0 0 0 X X X X 0 X X 0 0 0 X X X
X 0 0 0 0 0 0 0 0 X 0 X 0 0 0 0 X X 0 X 0 0 0 0 0 0 X 0 0 0 X 0 0 0 0 0 0 0 0 0 X 0 0 X 0 X 0 0 0 0 0 0 0 0 0 0 0 X 0 0 0 0 0 0 0 0 0 X 0 0 X 0 0 0 0 0 0 0 0 0 X 0 0 X 0 0 0 0 0 0 0 X 0 0 0 0 X 0 0 X 0 0 0 X X 0 X 0 0 0 0 0 0 0 0 0 0 0 X 0 0 0 0 0 X 0 0 0 X 0 X 0 X 0 0 X 0 0 X X X 0 0 X 0 X X 0 X 0 0 X 0 X 0 X 0 0 0 0 X 0 0 0 0 0 0 0 0 X 0 X 0 0 0 X 0 0 X 0 0 X 0 0 0 0 0 X 0 0 0 0 0 0 0 0 X 0 0 0 0 X 0 0 X 0 0 0 0 0 0 0 0 X X 0 0 0 0 0 0 0 0 0 0 0 X X 0 0 X 0 0 0 0 0 0 X 0 0 X 0 0 0 0 0 X 0 0 0 0 0 0 0 X 0 0 0 0 0 0 0 X 0 0 0 0 X 0 0 0 0 0 0 X 0 0 X 0 X X 0 0 0 0 X X 0 0 0 X 0 0 0 0 0 0 X X 0 0 0 0 0 X 0 0 0 0 0 0 0 0 0 0 0 0 0 0 0 0 0 0 0 0 0 X 0 0 0 0 0 X 0 X 0 X 0 X 0 X 0 0 0 0 X 0 0 0 0 X 0 0 0 X 0 0 X X 0 0 0 X 0 0 0 0 0 0 0 0 0 X 0 0 0 0 0 0 0 0 0 0 X 0 0 0 0 0 0 0 0 0 0 X 0 X 0 0 X
X X 0 0 0 0 0 0 0 0 0 0 0 X X 0 0 0 0 0 0 0 0 0 0 0 0 0 0 0 X X 0 0 0 X X 0 X 0 0 0 X 0 0 X X 0 X X 0 0 0 X 0 0 0 0 0 0 0 X 0 X X 0 X X 0 0 0 0 0 0 0 0 X 0 0 0 0 X 0 X 0 0 0 0 0 0 0 0 0 0 X 0 0 0 X 0 0 0 0 0 0 0 X 0 0 0 0 0 0 0 X 0 0 0 0 X X 0 0 X 0 X 0 0 0 0 X X 0 X 0 0 0 0 X 0 0 0 0 0 X 0 0 0 X 0 0 0 X 0 0 0 0 0 X 0 X 0 X 0 0 0 0 0 0 0 0 0 0 X 0 0 0 0 X 0 0 0 0 0 0 0 0 0 0 0 0 0 X 0 0 0 0 0 0 0 X 0 X 0 0 X 0 0 X X X X 0 0 0 X X X 0 0 0 X 0 0 X 0 0 0 X 0 X X 0 X X 0 X 0 X X 0 X 0 X 0 0 0 0 0 0 X 0 0 0 0 0 X 0 X 0 0 0 0 X 0 X 0 0 0 0 0 0 0 X 0 0 X 0 0 X X X 0 X 0 0 0 0 0 0 0 X X 0 X 0 0 0 0 0 0 0 X 0 0 X 0 X 0 0 X 0 0 0 0 0 0 0 0 X 0 X 0 0 0 0 0 0 0 0 0 0 0 X 0 0 0 0 0 0 0 0 0 X X 0 0 0 X 0 0 0 0 0 0 0 0 0 X X 0 X 0 0 0 0 X X 0 0 X 0 0 0 0 0 0 0 0 0 0 0 0 0 X X 0 0 0 0 X 0 0 0 0 0 0 0 X X
X 0 0 X 0 0 0 X X X X 0 0 0 0 X 0 X 0 0 0 0 0 0 0 X 0 0 0 0 0 0 0 0 0 0 0 0 0 X 0 0 X 0 X 0 0 0 0 X 0 0 0 0 0 0 0 X 0 0 0 0 0 X X X 0 0 0 0 0 0 0 0 0 0 0 X 0 X 0 0 0 X 0 0 0 0 0 0 0 0 0 0 X 0 X 0 0 0 0 0 0 0 0 0 0 0 0 X 0 0 0 0 X 0 0 0 0 0 0 0 0 0 0 0 0 0 0 0 0 0 0 0 0 0 0 0 0 X 0 0 0 0 0 0 X 0 0 0 0 0 X 0 0 0 0 0 0 0 0 0 0 0 0 X 0 X 0 0 0 X X 0 0 0 0 0 0 0 X 0 0 0 0 0 0 0 0 0 X 0 0 0 0 0 0 0 0 0 X 0 0 X X 0 0 0 0 0 0 0 0 0 0 0 0 0 0 X 0 0 0 0 X 0 0 0 0 0 0 X 0 0 0 X 0 0 0 0 0 X 0 0 0 0 0 0 0 0 X 0 0 0 0 0 X X 0 0 0 X 0 0 0 X X 0 0 0 0 0 X 0 0 0 0 0 X X 0 X 0 0 X 0 0 0 X 0 X 0 0 X 0 0 0 0 0 0 0 0 0 0 0 0 0 0 0 X X 0 0 X 0 0 0 0 0 0 X 0 0 0 0 0 0 0 0 0 0 0 0 0 0 0 X 0 0 0 0 X 0 0 0 X X 0 0 X X 0 0 0 0 X 0 0 0 0 0 0 0 0 X 0 0 0 0 0 0 0 0 0 0 0 X X 0 0 X 0 X 0 0 0 0 X 0 0 0 0 X X 0 0 X 0 0 X
X 0 0 X X 0 0 0 0 0 0 0 0 0 X 0 0 0 0 0 0 0 X 0 X 0 0 X 0 0 X X 0 0 X 0 0 X 0 X 0 0 X 0 0 0 X X 0 0 0 X 0 0 0 0 0 0 0 0 X 0 X X 0 X 0 0 0 0 0 0 0 0 0 0 X 0 X X X X 0 0 0 X 0 0 0 0 0 X 0 0 0 0 X 0 0 0 0 0 X 0 0 X 0 0 X 0 0 X 0 0 X X 0 0 0 0 0 0 0 0 0 0 0 0 0 0 X 0 0 0 X 0 0 0 0 0 0 X X 0 0 X 0 0 0 0 0 0 X 0 0 0 0 0 0 0 0 0 0 0 0 X X 0 0 0 0 X 0 0 0 0 0 X 0 0 X 0 0 0 0 0 0 0 0 0 0 0 0 0 0 X 0 X 0 0 0 0 0 0 0 0 X 0 0 0 0 0 X 0 0 0 0 0 0 0 0 0 X 0 0 X X X 0 0 0 0 0 0 0 0 0 X X X X 0 X X 0 0 0 0 0 0 X 0 X 0 0 0 0 0 0 0 0 0 0 0 0 0 X 0 0 0 0 0 X 0 0 0 0 0 X X 0 0 0 X 0 0 X 0 X X 0 X 0 0 X 0 0 0 0 X 0 X 0 X 0 X 0 0 0 0 0 0 0 0 0 X 0 0 0 0 X X 0 X 0 X 0 X 0 X 0 0 X 0 0 0 0 0 0 0 0 0 X 0 0 0 0 0 0 0 0 0 X 0 X 0 0 0 0 X 0 0 0 0 0 0 0 0 0 0 0 X 0 0 X 0 0 0 X 0 X 0 0 0 0 0 0 0 0 0 0 0 0 X 0 0 0 X 0 X
X 0 0 X 0 0 0 0 X 0 0 0 0 0 0 0 0 0 0 X 0 X 0 0 0 X X 0 0 0 0 0 0 0 0 0 0 X 0 0 0 0 0 0 X 0 X 0 0 0 0 0 X 0 0 X X 0 X 0 0 0 0 0 0 0 X 0 0 0 0 0 0 0 0 X 0 0 0 X 0 0 0 0 0 0 X 0 0 X X 0 0 X 0 0 0 0 X X X X 0 0 X X 0 0 X X 0 X X X 0 0 0 X 0 0 0 0 0 0 0 0 0 0 0 0 0 0 0 0 0 X 0 0 0 X 0 0 0 0 0 0 0 0 X X 0 0 0 0 X 0 0 0 0 0 0 0 0 0 0 0 0 0 X 0 0 0 0 X X 0 0 X 0 0 0 0 X 0 0 X 0 X X 0 X 0 0 0 X 0 X 0 X 0 0 0 0 0 0 0 0 X 0 0 0 X X 0 0 0 0 0 0 0 X 0 0 0 X 0 X X X 0 0 0 0 0 X 0 0 0 0 X 0 X 0 0 0 0 0 0 0 0 0 0 0 0 0 0 0 0 0 0 0 X 0 0 0 0 X 0 X 0 0 0 0 0 0 X 0 0 0 0 0 X 0 0 X 0 0 0 0 0 X X 0 0 0 0 X 0 0 0 X 0 0 X 0 X 0 0 0 0 0 0 X 0 0 0 0 X 0 X 0 X 0 X 0 X X 0 0 0 0 0 0 0 0 0 0 0 0 0 0 0 X 0 0 0 0 0 0 0 0 0 0 0 X X 0 0 0 0 0 X 0 0 0 0 0 0 0 0 0 0 0 X 0 0 0 0 0 0 0 X 0 0 0 0 0 0 0 0 0 0 0 0 0 0 0 X X X
X 0 0 0 0 0 0 X X 0 X 0 0 0 0 0 0 0 0 X 0 X 0 X X 0 X 0 0 X 0 0 0 X X X 0 X 0 0 0 0 0 X 0 0 0 0 0 0 0 0 X 0 0 X 0 0 0 0 0 0 0 0 0 0 0 X 0 0 0 X 0 0 0 0 0 X X 0 X 0 0 0 0 0 0 0 0 0 0 0 0 0 0 0 0 0 0 0 0 0 0 X 0 0 0 0 X 0 0 0 0 X 0 0 0 X X 0 0 0 X 0 X 0 0 0 0 0 0 0 0 0 0 0 0 X 0 0 X 0 0 0 0 X 0 0 0 X 0 0 0 0 0 0 X 0 0 0 X 0 0 0 X 0 0 0 0 0 0 0 0 0 0 0 0 0 0 0 X 0 0 0 0 X 0 0 0 0 0 X 0 0 0 0 0 0 0 0 0 X 0 0 0 0 0 0 X X 0 0 0 0 0 0 X X X 0 X X 0 0 0 X 0 0 X 0 X 0 X X 0 0 X 0 0 0 0 0 0 0 0 0 0 0 X 0 0 0 0 0 X X 0 X 0 X 0 0 X 0 X 0 0 0 0 0 0 0 0 0 X 0 0 0 0 X 0 0 0 0 0 0 0 0 0 X 0 0 0 0 0 0 0 0 0 0 0 0 0 0 0 0 0 0 0 0 0 X X X X 0 0 0 0 0 0 0 0 0 0 0 0 0 0 0 0 0 0 0 X 0 0 0 0 0 X 0 0 0 0 0 0 0 0 0 0 X 0 0 0 X X 0 0 0 0 0 0 0 0 0 0 0 0 0 0 0 0 X X 0 X 0 X 0 0 0 0 X 0 0 0 X 0 X 0 0 0 X 0 0 0 0 X X
X 0 0 X 0 0 X 0 0 0 0 0 0 0 0 X X 0 0 0 0 0 X 0 0 0 0 0 0 0 X X 0 0 0 X 0 0 X 0 X 0 0 0 0 0 0 0 0 X 0 X X X X X 0 0 X 0 0 0 0 0 X 0 0 0 0 0 0 0 0 0 0 0 0 0 0 X 0 0 0 0 0 X 0 0 0 0 0 X X 0 0 0 0 X X 0 0 0 0 0 0 0 0 0 X 0 0 0 X 0 0 0 0 0 0 0 X 0 0 X 0 X X 0 0 0 0 0 X 0 0 0 0 0 0 0 0 0 0 0 0 0 X 0 0 0 0 0 0 0 0 0 0 0 0 X 0 X 0 0 X X X 0 X 0 X 0 0 X 0 0 0 0 X 0 0 0 0 0 0 0 X 0 0 0 X 0 0 0 0 0 0 0 0 0 0 0 0 0 0 0 X 0 X X 0 0 0 0 X X 0 X 0 0 0 0 X X 0 0 0 0 0 0 0 0 0 X 0 0 0 0 0 0 0 X 0 0 0 0 X 0 X 0 0 0 X 0 0 X 0 0 0 0 0 X X 0 0 0 0 0 0 0 X 0 0 0 0 X 0 0 0 X 0 0 0 0 0 0 0 0 0 X 0 0 0 0 0 0 0 0 0 X 0 0 X 0 0 0 0 0 0 0 0 0 0 0 0 0 X 0 0 0 0 0 0 0 X 0 X 0 0 0 0 0 0 0 X X 0 0 X X 0 X X 0 0 X 0 0 0 0 0 X 0 0 0 X 0 0 0 X 0 0 0 0 0 0 X 0 X X 0 0 0 0 X 0 0 X 0 0 0 X X 0 0 0 0 0 0 0 0 0 X 0 0 0 X 0 0 X
X 0 0 X 0 0 0 0 X X 0 0 0 X 0 0 0 0 X 0 0 0 0 0 0 0 0 0 0 X 0 0 0 0 0 0 0 0 0 X 0 0 0 0 0 0 0 0 0 0 0 0 0 0 0 0 X 0 0 0 0 0 0 0 X X 0 0 0 0 0 0 0 0 0 X 0 0 0 0 0 0 0 0 X 0 0 0 0 0 0 0 0 0 X 0 0 X 0 0 0 0 0 0 X 0 0 0 0 0 0 0 0 0 0 0 0 0 0 0 0 0 0 0 0 0 0 0 0 0 0 0 X 0 0 0 0 0 X 0 0 0 0 0 0 0 0 X 0 0 0 0 0 X 0 0 X 0 0 0 0 X 0 X 0 0 X X 0 0 0 0 X 0 0 0 0 0 0 0 0 0 X X 0 0 X 0 0 0 X 0 0 X 0 0 0 X 0 0 0 0 0 0 0 0 0 0 0 X 0 0 0 0 X X X 0 0 0 X 0 X X 0 0 0 X 0 0 0 0 0 0 0 0 X 0 0 X 0 0 0 0 0 X X 0 0 0 0 0 0 0 0 0 0 0 0 0 0 0 0 0 0 0 0 0 0 X 0 0 0 0 X X X 0 0 0 0 0 0 X 0 0 X X 0 0 X 0 X 0 0 X 0 0 0 0 0 X X 0 X 0 0 0 X 0 0 X X X 0 0 0 0 0 0 0 0 0 0 0 X 0 0 0 0 0 0 0 0 X 0 0 X 0 0 0 0 0 0 0 0 X 0 X X 0 0 X 0 0 X X 0 0 0 0 0 0 0 X 0 0 0 X X 0 0 0 0 0 0 0 0 0 0 0 0 0 0 0 0 0 0 0 0 X X 0 0 0 X 0 0 X X
X 0 0 0 0 0 0 0 0 0 X 0 0 0 0 0 0 0 0 0 X 0 X X 0 0 X 0 0 0 0 0 0 0 0 0 X 0 0 0 0 0 0 0 0 0 0 0 0 0 0 X 0 0 0 0 0 0 0 0 X 0 0 0 0 X X X 0 0 0 0 0 0 0 0 0 0 X 0 0 0 0 0 X 0 0 0 0 0 X 0 0 0 0 0 0 0 X X 0 0 X 0 0 X 0 0 X X X 0 X X 0 0 0 X 0 0 0 0 0 X 0 0 0 X X 0 0 0 0 0 0 0 0 0 0 0 0 0 X 0 0 X 0 0 0 0 0 0 0 X 0 0 0 0 0 X 0 0 X X X 0 X 0 0 0 X 0 X 0 0 X 0 0 0 0 0 X X 0 0 0 0 0 0 0 0 0 0 0 0 X X X X 0 0 0 0 0 0 0 0 0 0 0 X X 0 0 0 0 0 0 0 0 0 0 0 0 X 0 0 0 0 X 0 0 X 0 0 0 0 0 0 0 0 0 0 0 0 0 0 0 0 0 0 X 0 0 0 0 0 X 0 0 0 0 0 0 0 0 0 0 0 0 X 0 X X X 0 0 X 0 0 0 X 0 0 0 0 0 X 0 0 X 0 0 0 X 0 0 0 0 0 0 0 X X 0 0 0 0 0 0 0 0 0 0 0 0 0 0 0 0 0 X 0 0 X 0 0 0 0 0 0 0 0 0 0 0 0 0 0 0 0 X X 0 X 0 0 0 0 0 0 X 0 0 0 0 0 X 0 X X X 0 0 X 0 0 0 0 0 X 0 0 0 0 0 0 0 X 0 X 0 0 0 0 X 0 0 0 X 0 0 0 X 0 0 0 0 0 X
X 0 0 X 0 0 0 0 0 X 0 X 0 0 0 0 0 0 0 0 0 0 0 0 0 0 0 0 0 X 0 0 0 0 0 X X 0 0 X 0 0 X 0 X 0 0 X 0 0 X 0 X 0 0 0 0 X 0 0 X 0 0 0 0 X 0 0 X 0 0 0 0 0 0 0 0 0 0 0 0 0 0 0 0 0 0 0 0 0 0 0 X 0 0 0 0 0 X 0 0 0 X 0 0 0 0 0 0 0 0 0 0 X X X 0 0 0 0 0 X X 0 0 0 0 0 0 0 X 0 0 0 X X 0 0 0 0 0 0 0 0 0 0 0 0 X 0 0 X 0 0 0 0 0 0 0 0 0 0 0 X X X 0 0 0 0 0 X 0 0 X X 0 0 0 0 0 X 0 0 X 0 X 0 0 0 X 0 X 0 0 0 0 0 0 0 0 0 0 0 0 0 0 0 0 X X 0 0 X 0 X 0 0 0 X 0 0 0 0 X 0 0 0 0 0 0 0 X 0 0 X 0 0 0 0 0 0 X 0 X 0 0 0 0 0 0 X 0 0 0 X 0 X 0 0 0 0 0 0 0 X 0 X 0 0 0 0 0 0 0 X 0 X 0 0 0 0 0 0 0 0 0 0 0 0 X X 0 0 0 0 X 0 0 0 X 0 0 X 0 0 0 X 0 0 0 0 0 X 0 0 0 0 0 0 X 0 0 0 0 0 0 X 0 0 0 X X X 0 X 0 0 0 0 0 0 0 0 0 0 0 0 0 0 X 0 X 0 X 0 0 0 0 0 0 0 0 0 0 0 0 0 0 0 0 0 0 X 0 0 0 X X X X 0 0 X 0 0 0 0 0 0 X X 0 0 0 0 0 X X X
X X X 0 0 X 0 0 0 0 X 0 0 X 0 X 0 0 0 0 0 0 0 X 0 0 0 0 0 X 0 X 0 0 0 0 0 0 0 0 0 0 0 X 0 X 0 0 0 0 X 0 0 0 0 0 X 0 X 0 0 0 0 0 0 0 0 0 0 0 0 0 0 0 0 0 0 0 0 0 0 0 0 0 0 0 0 X 0 0 X 0 0 0 X 0 X 0 0 0 0 0 0 X 0 0 0 X 0 0 0 0 X 0 0 0 0 0 0 0 0 0 0 0 0 0 0 X 0 X 0 0 0 X 0 0 0 X 0 X 0 0 0 X X 0 0 X 0 0 X 0 0 0 X 0 X 0 X 0 0 0 0 0 0 0 0 0 X 0 0 X 0 0 0 X 0 0 0 X 0 0 0 X 0 0 0 X X X 0 X 0 X X 0 0 0 0 0 X 0 0 0 0 0 0 X X X 0 0 X X 0 0 0 0 0 X 0 0 0 0 0 X X 0 0 X 0 0 0 0 0 0 0 X X 0 0 0 X 0 0 X X 0 0 0 0 0 0 0 0 0 0 0 0 0 0 0 0 X 0 0 0 0 0 0 X 0 X 0 X X 0 0 0 0 0 0 0 0 0 X 0 0 0 X 0 0 0 X 0 0 X 0 0 0 X 0 0 0 0 X 0 0 X 0 0 X 0 0 0 0 X 0 0 0 0 0 0 0 0 0 0 0 0 0 0 0 0 0 0 X 0 0 0 0 0 0 0 0 0 0 0 0 0 0 0 0 0 0 0 X 0 0 X 0 0 0 0 0 0 0 0 0 0 X 0 0 0 0 0 0 X X 0 0 0 X 0 0 0 0 0 0 X X X 0 0 0 0 0 0 0 0 X
X 0 0 X X 0 X 0 0 0 X 0 X 0 0 0 0 X 0 0 X 0 X 0 0 X 0 X 0 0 X 0 0 X 0 0 0 0 0 0 0 0 0 X X 0 0 0 X 0 0 0 0 0 X 0 0 0 0 0 0 0 0 0 0 0 0 0 0 0 0 0 X 0 0 0 0 0 0 0 X 0 0 0 0 0 0 0 X 0 0 0 0 X 0 0 X 0 X 0 0 X X X 0 0 X X 0 0 0 0 0 0 0 X 0 0 X X 0 0 0 X X 0 0 0 X 0 0 0 X 0 0 0 0 0 0 0 0 0 0 0 0 0 0 X X X 0 X 0 0 0 0 X 0 0 0 0 0 X 0 0 0 X 0 0 0 X 0 0 0 0 0 0 X 0 0 X 0 X 0 0 0 0 X 0 0 X 0 X X 0 0 0 X 0 0 0 0 0 0 0 X 0 0 0 0 0 0 0 0 0 X 0 0 0 0 0 0 0 0 0 0 X X X X 0 0 0 0 0 0 0 X 0 0 0 0 0 X 0 0 0 0 X 0 0 0 0 0 0 0 0 X 0 0 0 0 0 0 0 0 0 0 0 0 0 0 0 0 X X 0 X 0 0 0 0 0 0 0 0 X X 0 X 0 X X 0 0 X 0 0 0 0 X X X 0 0 0 0 0 0 0 0 0 0 0 0 X X 0 0 0 X X 0 0 0 X X 0 0 0 0 0 X 0 X 0 X 0 0 0 X 0 0 0 0 0 X 0 X 0 0 0 0 0 0 0 0 0 X X 0 0 0 0 0 0 0 0 0 0 0 0 X 0 0 0 X 0 0 0 0 0 0 0 0 0 X 0 0 0 0 0 0 0 0 X X 0 0 X
X 0 X 0 0 0 0 0 0 0 X 0 0 0 X 0 0 0 X X 0 0 0 0 0 0 X 0 0 0 0 0 0 X 0 0 X 0 0 0 X 0 0 X 0 0 0 0 0 0 0 0 0 0 X 0 0 0 0 0 0 X 0 0 0 0 0 X 0 X 0 X 0 0 0 0 0 X X X 0 0 X 0 0 X 0 0 0 0 X 0 0 0 0 0 0 0 0 0 0 0 0 0 0 X X 0 0 0 0 X 0 0 0 X X 0 X 0 0 0 0 0 X 0 0 0 0 X 0 0 0 0 0 0 X X X 0 0 0 X X X 0 0 0 0 0 0 0 0 0 0 0 0 0 X 0 0 X X 0 0 0 0 0 0 0 0 0 0 0 0 0 0 0 0 X 0 0 0 0 0 0 X 0 0 0 0 0 0 0 0 0 0 0 0 0 0 0 0 0 0 0 0 0 0 0 0 X 0 X 0 0 0 0 0 0 0 0 0 0 0 0 0 0 0 0 X 0 0 X X X 0 0 0 0 X 0 0 0 0 0 X X 0 0 0 X 0 0 0 X X 0 X 0 0 0 0 0 X 0 0 0 0 0 X 0 0 0 X 0 X X 0 0 0 X X 0 0 0 0 0 X 0 0 0 0 0 0 0 0 X 0 0 0 X 0 0 X 0 0 0 0 0 0 0 0 0 0 0 0 0 X X X 0 X 0 X 0 0 X 0 0 0 0 0 0 0 X 0 0 0 0 0 0 0 0 0 0 X 0 X 0 X 0 0 0 X 0 0 0 X 0 0 0 0 0 X 0 0 0 X 0 X 0 0 0 0 0 0 0 X 0 0 X 0 0 0 X 0 0 0 0 0 X 0 0 X 0 0 0 X X
X 0 0 0 0 0 0 0 0 0 X 0 0 X 0 0 0 0 X X 0 0 0 0 X 0 0 0 0 0 0 X X 0 0 0 0 0 X 0 X X 0 0 0 0 0 0 0 0 0 X 0 0 0 0 0 0 0 0 0 0 0 X 0 X 0 0 X 0 X 0 0 0 X 0 0 0 0 0 0 0 0 0 0 X 0 0 0 0 X 0 0 0 0 0 0 0 0 X 0 0 0 0 0 X X 0 0 0 0 0 0 0 0 0 0 0 0 0 0 0 0 X 0 0 0 0 0 X X 0 0 0 0 X 0 0 0 0 0 0 0 0 0 X 0 0 0 0 0 0 0 X X X 0 0 0 0 0 0 0 X X 0 0 0 X 0 0 0 0 0 0 X 0 0 0 0 0 0 0 0 0 0 0 0 0 X 0 0 0 0 0 0 0 0 0 X 0 0 X 0 0 0 0 0 0 0 X 0 0 0 0 0 X 0 0 0 0 X 0 0 X 0 X 0 0 0 0 0 0 0 0 0 0 X 0 X 0 X 0 0 0 0 0 0 0 0 X 0 0 X 0 0 0 0 0 0 0 X 0 0 X 0 0 0 0 0 0 0 0 0 0 0 0 0 X 0 0 X 0 0 0 X 0 0 X 0 X 0 X 0 0 0 0 0 0 0 X 0 0 0 0 0 X X X 0 0 0 X 0 0 0 0 0 0 0 0 0 0 0 0 0 0 0 0 0 0 0 0 0 0 X X 0 0 0 X X 0 0 0 0 0 X X X 0 0 0 0 0 0 0 0 0 0 0 0 0 X 0 0 0 0 0 0 0 X 0 0 0 X X 0 0 0 0 0 0 0 0 0 0 X 0 0 0 X 0 0 0 0 0 0 X X
X X 0 0 0 0 0 0 0 0 0 0 0 0 0 0 0 0 0 X 0 0 X 0 0 0 0 0 0 0 0 0 0 0 X 0 0 0 0 0 X 0 0 0 0 0 0 0 0 0 X 0 X 0 0 0 X 0 0 0 0 0 0 X 0 0 X 0 X 0 0 0 0 X X 0 0 0 0 0 0 0 X 0 X 0 0 0 X X 0 0 0 0 0 0 0 0 X 0 0 0 0 0 0 X 0 X 0 0 0 0 0 0 X 0 0 0 0 0 0 X 0 0 X 0 0 0 0 X X 0 X X 0 0 X 0 0 X 0 X 0 0 0 0 0 0 0 0 0 X X 0 0 X 0 X X 0 0 X 0 0 0 0 X 0 0 0 0 0 X 0 X 0 0 0 X 0 0 0 X X 0 X 0 0 X 0 0 0 X X 0 X X 0 0 X 0 0 0 0 0 0 0 0 0 X 0 0 0 0 0 0 0 X 0 X 0 0 X 0 0 0 0 0 0 0 0 0 0 0 X 0 0 0 0 X 0 0 0 0 0 0 X 0 X 0 X 0 0 0 0 X 0 0 X 0 0 0 0 0 X X 0 0 X 0 0 0 0 0 0 0 0 0 0 0 0 0 0 0 0 0 0 0 0 0 0 0 X 0 0 X 0 0 0 0 0 0 0 0 X X 0 0 0 0 0 X 0 0 0 0 0 0 0 X 0 0 0 0 0 0 0 X 0 0 0 0 0 X 0 0 0 0 0 0 0 0 0 0 0 0 0 X 0 0 0 0 0 0 0 X 0 0 0 X 0 X 0 X 0 0 0 X 0 0 0 0 0 0 0 0 0 0 X 0 0 0 0 0 0 X 0 X 0 0 0 0 0 0 0 0 X 0 X X
X 0 X 0 0 0 0 0 X 0 0 0 0 0 0 0 X 0 0 X X 0 0 0 0 0 0 0 0 0 0 X 0 0 0 X 0 0 0 X 0 0 0 0 0 0 0 X 0 0 0 0 0 0 0 0 0 0 0 0 0 0 0 0 0 0 0 0 0 0 0 0 0 X 0 0 0 0 0 X 0 0 0 X 0 0 0 0 X 0 X 0 0 0 X 0 0 0 0 0 0 0 0 0 X 0 0 0 0 0 0 0 X 0 0 0 0 X 0 0 0 0 0 0 0 0 0 0 0 X X X X X X 0 0 0 X 0 0 0 0 0 X X X 0 X X 0 0 0 0 0 0 0 0 0 0 0 X X 0 0 X X 0 X 0 0 0 X 0 X 0 X 0 0 0 0 0 X 0 X 0 X 0 0 0 0 0 0 X 0 0 X 0 0 0 0 0 0 X 0 X 0 X 0 0 0 X X 0 0 0 0 0 0 X 0 0 0 0 0 0 0 0 0 0 0 0 0 X 0 0 0 0 0 0 0 X 0 0 0 0 0 0 0 0 0 0 0 0 X 0 0 0 0 0 0 0 X 0 0 0 0 X 0 0 X X 0 0 0 0 0 0 0 0 0 0 0 X 0 0 0 X 0 X 0 0 0 0 0 0 0 X X 0 0 0 0 0 0 0 X 0 0 0 0 0 0 0 0 X X X 0 0 0 X 0 X X 0 0 X 0 0 X 0 0 X 0 X 0 X 0 X 0 0 0 0 0 0 X 0 0 0 0 X 0 X 0 X 0 0 0 0 0 0 0 0 0 0 X 0 X 0 0 0 0 0 0 0 0 X 0 0 0 0 0 X 0 0 X 0 0 0 X 0 0 X 0 0 0 X 0 X
X 0 X 0 0 0 0 0 0 0 0 0 0 0 0 X 0 X 0 0 0 0 X 0 0 X 0 0 0 0 X X 0 0 0 0 0 0 0 0 0 0 X X 0 0 X 0 0 0 0 X 0 0 0 0 0 0 0 0 0 0 0 0 0 0 0 X 0 0 0 0 0 0 0 0 0 X X 0 0 0 0 0 0 0 0 0 0 0 X 0 0 0 0 0 0 0 0 0 0 0 X 0 0 0 0 0 0 X 0 0 0 0 0 0 0 0 0 X 0 0 X 0 0 0 0 X 0 0 0 0 0 0 X 0 X 0 0 0 X X 0 X 0 0 X 0 X 0 0 0 X 0 0 0 X 0 0 0 X 0 0 0 0 0 0 0 0 0 0 0 0 X X 0 0 0 0 0 0 X 0 0 0 X 0 0 0 0 0 0 0 0 0 0 0 0 0 0 0 X 0 0 0 X 0 0 X X 0 0 0 X 0 0 0 0 X 0 0 X 0 X 0 X 0 0 0 X 0 0 X 0 0 0 X 0 0 0 0 0 0 0 0 0 0 0 0 0 0 0 0 0 0 0 0 0 X X 0 0 0 0 0 X 0 0 X 0 0 0 0 0 0 0 X 0 0 0 X 0 0 0 0 0 0 X 0 X 0 0 0 0 0 0 0 0 0 0 0 0 0 0 0 0 0 0 X X 0 0 X 0 0 0 0 0 0 0 0 0 X 0 0 0 0 X X 0 0 0 0 X X 0 0 X 0 X 0 X 0 0 0 0 0 0 0 0 0 X 0 0 0 0 0 X 0 0 0 0 0 0 0 X 0 0 X 0 0 0 0 0 0 0 0 0 X 0 0 0 0 X 0 0 X 0 0 0 0 0 X 0 0 X X 0 0 X
X 0 0 X 0 0 0 X X 0 0 X 0 X 0 X 0 X 0 X 0 0 0 0 X 0 X 0 0 0 0 0 0 X 0 0 0 0 X 0 0 0 0 0 0 0 0 0 X 0 X X 0 X 0 0 0 0 X 0 X 0 0 0 X 0 0 0 0 0 0 0 0 0 0 X 0 X 0 0 0 0 0 X 0 0 0 0 0 0 0 0 0 0 0 0 0 0 0 X X X 0 0 0 0 0 0 0 0 X 0 X 0 X X 0 0 0 X 0 0 0 X 0 0 0 0 0 0 0 0 X 0 0 X X 0 0 0 0 0 0 0 0 0 0 0 0 X 0 0 X X 0 0 0 0 0 0 X 0 0 0 X 0 0 0 0 X 0 0 X 0 0 0 0 X X X X 0 0 0 0 0 0 0 0 0 0 0 0 0 0 0 0 0 X 0 0 X X 0 X X 0 0 0 0 X 0 0 X 0 0 0 X 0 0 0 0 0 0 0 0 0 0 X X 0 X 0 X 0 0 0 0 X 0 X 0 0 X 0 0 X 0 0 0 0 X 0 0 0 X 0 X 0 0 0 0 0 0 0 0 0 0 X 0 0 0 0 0 X 0 0 0 0 0 0 0 X 0 0 0 X X 0 0 0 X 0 X 0 0 X X 0 X 0 0 0 X 0 0 0 0 0 0 0 0 0 0 0 0 0 0 0 0 X X 0 0 0 X 0 0 0 X 0 0 X X 0 0 0 0 0 0 0 0 X 0 X 0 0 0 0 0 0 0 X X X 0 0 0 0 0 X X 0 0 0 0 0 X X 0 0 0 0 0 0 0 X 0 X 0 X X 0 0 0 0 0 0 0 0 0 0 X 0 0 0 0 0 0 X
X X 0 0 X 0 X 0 0 0 0 X 0 0 0 0 0 X 0 0 0 0 0 0 0 X 0 0 0 0 0 0 0 0 0 0 0 0 0 0 0 X 0 X X 0 0 0 0 X 0 X 0 0 0 X 0 X X 0 0 0 0 0 0 0 0 0 0 0 0 0 0 0 0 0 0 0 X 0 0 0 0 0 0 0 0 0 0 0 X 0 0 0 0 0 X 0 X 0 0 X 0 0 X 0 0 0 0 0 0 0 0 0 0 0 X 0 0 0 0 0 0 0 0 0 0 0 0 0 0 X 0 0 0 0 X 0 X X X X 0 0 0 0 X 0 X 0 0 0 0 0 0 0 0 0 0 0 0 0 X 0 0 X 0 0 X 0 0 X 0 0 0 0 X 0 0 X 0 0 X X 0 X 0 0 0 0 0 0 0 0 0 0 0 0 0 0 X 0 X X 0 0 0 X 0 0 0 0 0 0 0 0 0 0 0 0 0 X 0 X 0 X 0 0 0 0 X 0 0 X 0 0 0 0 0 0 0 0 X 0 0 0 X 0 0 0 0 0 0 0 X 0 X 0 X 0 X 0 0 0 0 0 0 0 0 0 0 0 X 0 0 0 X 0 X 0 0 0 0 0 0 0 X 0 0 0 0 0 0 0 0 X 0 0 0 0 X 0 0 X 0 0 X 0 0 X 0 0 0 0 0 X 0 0 0 0 0 0 X 0 0 0 0 0 0 0 0 0 X X 0 0 0 0 0 0 0 0 0 0 0 0 0 0 0 0 0 X 0 0 0 0 0 0 0 X 0 0 X 0 0 0 0 0 0 0 0 0 0 0 X 0 0 0 0 0 X 0 0 0 X X 0 X 0 0 0 0 0 0 0 X X 0 X X
X 0 X 0 0 X 0 0 X 0 0 X 0 X 0 0 0 0 0 0 0 X 0 X 0 0 0 0 0 X 0 0 X 0 X 0 0 0 0 X 0 0 0 0 0 X 0 0 0 0 0 0 X 0 0 0 X 0 0 0 X 0 0 0 X 0 X X 0 X 0 0 0 X 0 0 0 0 0 X X 0 0 0 X 0 0 0 X 0 0 0 0 0 X 0 0 0 X 0 0 0 0 0 0 0 0 0 0 0 0 0 0 X 0 X X 0 0 0 0 0 0 0 0 X 0 0 0 0 0 X 0 0 0 X 0 0 0 0 X 0 0 0 0 X 0 X 0 0 0 0 0 0 0 0 0 0 0 0 0 0 0 0 0 0 X 0 0 X 0 0 X 0 0 0 X 0 0 0 0 0 0 0 0 X 0 0 0 0 X 0 X X 0 0 0 0 0 0 0 0 0 0 0 0 0 X 0 0 0 X X 0 X X 0 0 0 0 0 0 0 0 0 0 0 0 0 0 0 0 X 0 0 X 0 0 0 0 0 0 0 0 0 0 0 0 0 0 0 0 0 X 0 0 0 0 0 0 X 0 X X 0 0 X 0 X 0 X 0 0 X X 0 0 0 X 0 0 0 0 0 0 X 0 0 X X X 0 0 0 0 0 0 0 X 0 0 0 0 0 0 0 0 0 X X 0 X X 0 X 0 0 0 0 0 0 0 0 0 0 X 0 0 X 0 0 0 X 0 0 0 0 X 0 X 0 0 0 X 0 0 0 0 0 0 0 X 0 0 0 X 0 0 0 0 0 0 0 0 0 0 0 0 0 0 0 X 0 X 0 0 0 X 0 X 0 X X 0 0 0 X 0 X 0 0 X X 0 0 X X 0 0 X
X X X 0 0 0 0 0 0 0 0 0 0 0 X 0 X 0 0 0 X 0 0 0 0 X 0 X 0 0 0 X X 0 0 0 0 0 X 0 0 0 0 0 0 X X X 0 X 0 0 0 0 0 0 0 0 0 0 0 0 0 0 X X X 0 0 0 X 0 0 0 0 0 0 0 0 0 X 0 0 0 0 X 0 X 0 0 0 0 0 X 0 0 0 0 0 0 0 0 0 0 0 X X 0 0 0 0 X 0 0 0 0 0 0 0 X 0 0 X 0 X X 0 0 0 0 0 0 0 X 0 X 0 0 0 0 0 0 0 0 0 X 0 0 0 0 0 0 0 0 0 0 0 0 X 0 0 0 0 0 0 0 0 0 0 0 0 0 0 X 0 0 0 X X 0 0 0 0 0 0 0 X 0 X 0 0 0 0 X 0 0 0 0 0 0 0 0 0 X 0 X 0 0 0 X 0 0 X 0 X 0 X 0 0 0 0 0 0 0 X 0 0 0 0 0 0 X 0 0 X 0 0 0 X 0 0 0 X 0 0 0 0 0 0 X 0 0 0 0 X 0 X X X 0 X 0 X 0 0 0 X 0 0 0 X 0 0 0 0 0 0 0 X 0 0 X 0 0 0 0 0 0 X 0 X 0 0 0 X 0 0 0 0 0 0 X 0 X 0 0 0 0 0 0 0 0 0 0 0 0 0 0 X 0 0 0 0 0 0 0 0 0 0 0 0 0 0 0 0 0 0 0 0 0 X 0 X 0 0 X 0 0 0 0 0 X X 0 0 X X 0 0 X 0 0 0 X 0 0 0 0 0 0 X 0 0 0 X 0 0 0 0 0 X 0 0 0 0 0 0 0 0 0 0 0 0 0 X 0 0 X X X
X 0 0 X 0 0 0 0 0 0 0 0 0 0 0 0 0 0 X X 0 0 X X 0 0 0 0 0 X X 0 0 0 0 0 0 0 X 0 0 0 X X 0 0 X 0 0 X 0 0 0 0 0 X 0 0 0 0 0 0 0 0 0 0 0 0 0 0 0 0 0 X 0 0 0 0 0 0 0 X X X 0 0 0 X 0 0 0 0 0 0 0 0 X 0 0 0 0 0 0 0 0 0 0 0 X X 0 0 0 0 0 0 X 0 X X 0 0 0 0 X X 0 0 0 X 0 X 0 0 0 0 0 0 0 X 0 0 X 0 0 0 0 0 0 0 0 0 0 0 X 0 0 0 0 0 0 0 0 0 X X X 0 0 X 0 X 0 0 0 0 0 0 0 0 0 0 0 0 0 0 X 0 0 X X X X 0 0 0 X 0 0 X X 0 0 0 0 0 0 X 0 0 X X 0 X X X 0 X 0 0 X 0 0 0 X X 0 X 0 X 0 0 0 0 X 0 X 0 X 0 X 0 0 0 0 0 0 0 0 0 0 X 0 0 0 0 0 0 0 0 0 X X 0 0 0 0 0 0 0 X 0 0 X 0 X 0 0 0 0 0 0 0 0 0 0 0 0 0 0 X X X 0 0 X X 0 0 0 0 0 X 0 0 0 0 0 0 0 X 0 X X 0 X 0 0 X 0 0 X X 0 0 0 X 0 0 0 0 0 0 0 X 0 0 0 0 0 0 0 0 0 0 0 0 0 X 0 0 0 0 0 0 X 0 0 0 0 0 0 X 0 0 0 0 0 0 0 0 0 X X X X X 0 0 X X 0 0 0 X 0 0 X 0 0 0 0 0 0 0 0 X 0 X X
X 0 0 0 0 0 0 0 0 0 0 0 X 0 0 0 0 0 0 X 0 0 0 0 0 0 0 X X X 0 0 0 X 0 0 0 X 0 0 0 X 0 0 X 0 0 0 0 0 0 0 X 0 0 0 0 0 0 X X X 0 0 0 X 0 0 0 0 0 0 X 0 0 0 X 0 0 0 X 0 X 0 0 0 0 0 0 0 0 0 0 0 0 X 0 X 0 0 X 0 0 X 0 X 0 X 0 0 0 0 0 0 0 0 0 0 0 0 0 0 0 0 0 0 X X 0 0 0 0 0 0 X 0 0 X 0 0 0 0 0 0 0 0 0 0 0 0 0 X 0 0 X 0 0 X X X 0 0 0 0 0 0 0 0 0 0 0 0 X X 0 0 0 X 0 0 0 X 0 0 0 0 0 0 0 0 X 0 X 0 0 0 X 0 0 X 0 0 X 0 X 0 X X 0 0 0 0 0 X X 0 0 0 0 0 0 0 X 0 0 X 0 0 0 0 X 0 0 0 0 0 0 X 0 0 X 0 0 0 0 X 0 0 0 0 0 X X 0 X X X 0 0 0 X X 0 0 X 0 0 0 X 0 0 0 0 0 0 0 0 0 0 0 0 0 0 0 0 0 X 0 0 0 0 0 0 X 0 0 X 0 0 0 0 0 0 0 0 0 0 0 0 0 0 0 0 0 X 0 0 0 X 0 0 0 0 0 X 0 0 0 0 0 0 0 0 0 X 0 0 0 0 0 X 0 0 0 X 0 0 0 0 0 0 X 0 0 X 0 0 X 0 0 0 0 X 0 0 0 0 0 X 0 0 0 0 0 0 0 0 0 0 0 0 X 0 0 0 0 0 X 0 X 0 0 0 0 0 0 0 0 X X
X 0 0 0 0 X X X 0 0 X X 0 0 0 0 0 0 0 X X 0 0 0 0 0 0 X 0 0 0 0 0 X 0 0 0 X 0 X 0 0 0 0 0 X 0 0 0 0 0 0 0 X X 0 X 0 0 0 X 0 0 0 0 0 0 0 0 X 0 X 0 0 X 0 0 0 0 0 0 0 0 0 0 0 0 0 X 0 0 X 0 0 0 0 0 X 0 0 0 0 X 0 0 0 0 0 0 0 0 0 X 0 0 0 0 0 0 X X 0 0 X 0 0 0 X 0 0 X 0 0 0 0 0 0 0 0 0 X 0 X X 0 0 0 0 0 0 X 0 0 0 X 0 0 0 X 0 X 0 0 0 0 0 0 0 0 0 0 0 0 0 0 0 0 0 0 0 0 0 0 0 0 0 0 0 X X 0 X X X 0 0 0 0 0 0 0 0 X 0 X 0 0 0 0 0 0 X 0 0 0 0 0 0 0 0 0 0 0 0 0 X 0 X X 0 0 0 0 0 X 0 0 0 0 0 X X 0 0 0 0 0 X X 0 X X 0 0 0 0 0 X 0 0 0 X 0 0 X 0 X 0 0 0 0 0 0 0 X 0 X 0 0 0 0 0 0 0 0 0 0 0 X X 0 0 0 0 0 0 0 0 0 0 0 0 0 0 0 0 0 0 0 X 0 0 0 X 0 0 0 X 0 0 X 0 X 0 0 0 X 0 0 0 0 0 0 0 X 0 0 0 X 0 0 0 0 0 0 0 0 0 0 0 0 0 X 0 0 X 0 0 0 X 0 0 0 0 0 0 X X 0 0 0 0 0 0 0 0 X 0 X X 0 0 0 0 0 0 X 0 0 0 0 0 0 0 X 0 X 0 0 X
X X X 0 0 0 0 0 0 0 0 0 X X 0 0 X 0 0 0 0 0 X 0 0 0 0 0 0 0 0 0 0 X X 0 0 0 X 0 0 0 X X 0 0 X 0 X 0 0 X X 0 X X 0 0 0 0 0 0 0 0 X 0 0 X 0 0 0 0 0 0 X 0 0 0 X X 0 0 0 0 X X X 0 0 0 0 0 0 0 X 0 0 0 0 0 0 0 0 0 0 0 0 0 X 0 X X 0 X X 0 0 0 0 0 0 X 0 0 0 0 0 0 0 0 0 0 0 0 0 0 0 0 0 X 0 0 0 0 0 0 0 0 0 0 0 0 0 0 0 0 0 X 0 0 0 0 0 0 X 0 0 0 0 0 0 0 X 0 0 0 0 0 0 0 0 0 0 X X 0 0 X 0 0 0 0 0 0 X X 0 0 0 0 0 0 0 X 0 0 0 0 0 0 0 0 X 0 X 0 0 X 0 X X X 0 0 X X 0 0 0 X 0 0 0 0 0 0 X 0 0 0 0 X 0 X 0 0 0 X X 0 0 0 0 0 X 0 0 X 0 0 0 0 0 0 0 0 0 0 X 0 0 0 X 0 X X 0 X 0 0 0 0 X 0 0 0 0 0 X 0 0 X 0 0 0 0 0 X 0 0 0 0 X 0 0 X 0 0 0 X X X 0 0 0 X 0 0 X 0 0 0 0 0 0 0 0 0 0 0 0 0 0 0 0 X 0 X 0 0 0 0 0 0 0 0 0 X 0 0 X 0 X 0 0 X 0 0 0 0 0 0 0 0 X 0 0 X 0 0 0 X 0 X 0 0 0 0 0 0 0 X 0 0 0 0 0 X X 0 0 0 0 0 0 0 0 X 0 X
X 0 X X X 0 X X 0 X 0 X 0 0 0 X 0 0 0 X 0 X 0 0 0 0 0 0 0 0 0 0 0 0 0 0 X 0 0 0 0 0 0 0 0 0 0 0 0 0 X 0 0 0 0 0 X 0 0 X 0 X X 0 0 0 0 0 0 0 X X 0 0 0 0 0 0 0 0 0 X 0 0 0 X 0 0 0 0 0 0 X X 0 0 0 0 X X 0 0 0 0 X X X 0 0 0 X 0 X X 0 X 0 0 X X 0 X X 0 X X 0 X X 0 0 0 0 0 0 0 0 0 0 0 0 0 X 0 0 0 0 X 0 0 0 0 0 0 X 0 0 X 0 0 0 0 X X 0 0 0 0 0 0 0 X 0 0 0 0 X 0 0 X 0 0 0 0 0 X 0 0 0 0 0 0 0 X 0 0 0 0 X 0 0 X 0 0 0 0 0 0 0 0 0 0 0 0 0 0 0 0 0 X 0 0 0 X 0 0 0 0 0 0 0 0 X 0 0 0 X 0 0 0 X 0 0 0 0 0 0 0 0 0 0 0 X 0 0 0 0 0 0 0 0 0 X 0 0 0 0 X 0 X 0 0 X X 0 0 0 0 X 0 0 0 0 0 0 0 X 0 0 0 X 0 0 0 X 0 0 0 0 0 0 0 0 0 0 0 0 0 0 X 0 0 0 X 0 0 0 0 X 0 0 0 0 0 0 0 X 0 X 0 0 0 0 X 0 0 X 0 0 0 0 0 0 0 X 0 0 0 X 0 0 0 0 0 0 0 0 X 0 X 0 X X 0 0 0 0 X X 0 0 0 0 0 X X 0 0 X 0 X 0 0 0 X 0 0 0 0 X 0 0 0 0 X 0 0 X 0 X
X X 0 0 X 0 0 0 0 0 0 X 0 0 0 X 0 0 X 0 X 0 0 0 0 X 0 0 X 0 0 0 0 X 0 X 0 0 0 0 0 0 0 0 0 X 0 0 0 0 0 0 0 0 0 0 X X 0 0 0 0 0 X 0 0 0 0 0 0 X 0 0 0 0 0 0 0 0 X 0 0 0 0 0 0 0 0 0 0 X 0 0 0 X 0 0 0 0 0 0 X 0 0 0 0 0 X 0 0 0 X 0 0 0 0 0 0 X 0 X 0 0 X 0 0 0 0 0 0 0 0 X 0 0 0 0 0 0 0 0 0 X 0 0 0 X 0 0 X X 0 X 0 0 0 0 0 0 0 0 0 0 0 X 0 0 0 X 0 0 X 0 0 X 0 0 0 0 0 0 0 0 0 0 0 0 X 0 0 0 0 0 0 0 X 0 0 X 0 0 0 0 0 0 0 0 0 0 0 0 0 0 0 0 0 X 0 0 X 0 0 0 0 X 0 0 0 X 0 0 0 X 0 0 0 X 0 X 0 X 0 0 0 0 0 0 0 0 0 0 0 0 0 X 0 X X X 0 0 0 0 0 0 0 0 0 0 0 0 0 X 0 0 0 0 X 0 X 0 0 0 X 0 0 0 0 X X X X 0 0 X 0 0 0 X 0 0 0 0 0 X 0 X X 0 0 0 0 0 0 0 X X 0 0 0 0 0 0 0 0 0 X X X 0 0 0 0 0 0 0 0 X 0 0 X X 0 0 X 0 0 0 0 X 0 0 0 0 0 X X 0 X 0 0 0 0 0 0 0 X X 0 0 0 X X 0 0 X 0 0 0 0 0 0 0 X 0 X 0 X 0 0 X 0 0 0 0 0 0 0 0 X
X 0 0 0 0 0 0 0 0 0 0 0 0 0 0 0 X X X 0 0 0 0 0 0 0 0 X 0 0 X 0 0 X 0 0 0 0 0 0 0 0 0 X 0 X 0 0 0 0 X 0 0 0 0 0 0 0 X 0 0 0 0 0 0 0 X 0 0 0 0 0 0 0 0 X 0 0 0 0 0 0 X 0 0 X 0 0 X 0 0 0 X 0 0 0 0 0 0 0 0 0 X 0 0 0 0 0 0 0 0 0 0 0 0 X X X X 0 0 0 0 0 0 0 X 0 X X 0 X 0 0 0 X 0 0 0 0 X 0 0 0 0 0 0 0 0 X 0 0 0 0 0 0 X 0 0 0 0 X 0 0 X 0 X X 0 0 0 0 0 0 0 0 X X 0 0 0 0 0 0 X X 0 0 X 0 X 0 0 0 0 0 X 0 0 0 0 X 0 0 X 0 0 0 0 0 X 0 0 X X 0 0 0 0 0 X 0 0 X 0 0 0 0 0 0 0 0 X 0 0 0 0 X 0 0 0 0 X 0 0 0 0 0 X 0 0 0 0 X 0 0 0 0 0 X 0 0 0 0 0 0 X X 0 0 0 X 0 0 0 0 0 0 0 0 X X 0 0 X 0 X X 0 0 X 0 0 0 0 0 0 X 0 0 0 0 0 0 0 X 0 0 0 0 0 0 0 0 0 0 X 0 0 0 0 0 0 0 0 0 0 0 X 0 0 0 0 0 0 0 0 0 0 0 0 0 0 0 X 0 0 X X 0 0 0 X 0 0 0 X 0 0 X X 0 0 0 0 X X X X 0 0 X 0 0 0 0 0 0 X 0 0 0 0 0 0 0 0 0 0 0 0 0 0 X 0 0 0 0 0 X
X X 0 0 0 0 0 0 0 X 0 X 0 X 0 0 0 0 0 0 0 0 0 0 X 0 0 0 0 0 0 0 X 0 X X X 0 0 0 X 0 X X 0 0 0 X 0 0 0 0 X 0 0 0 X 0 0 0 0 0 X 0 0 0 0 0 X 0 0 0 X 0 0 0 0 0 0 0 0 0 X 0 0 0 X 0 X 0 0 0 0 X 0 0 X 0 0 0 0 0 0 0 X 0 0 0 X 0 X 0 0 X 0 X 0 0 0 X 0 X 0 X 0 0 0 0 X 0 0 X 0 0 0 0 0 X 0 0 0 0 0 0 0 0 0 0 0 0 0 0 0 0 0 0 0 0 0 X X 0 X 0 0 0 0 0 0 0 0 0 X X 0 0 0 0 0 0 0 0 0 0 0 0 0 0 0 0 0 0 0 0 0 0 0 0 X 0 0 0 0 0 X 0 0 0 0 X X 0 0 0 0 X X 0 0 0 0 0 0 0 0 0 0 0 0 0 0 0 0 0 0 0 0 0 0 0 0 X 0 0 0 X 0 0 0 0 0 0 0 0 X 0 0 0 0 0 X 0 0 0 0 0 0 0 0 0 0 0 0 0 0 0 0 0 X X 0 0 0 0 0 0 0 0 0 X 0 0 0 0 X 0 0 0 X 0 0 0 X 0 0 0 X 0 0 0 0 X 0 0 0 0 0 0 X 0 0 0 0 X X X X 0 0 X 0 0 0 0 0 X 0 0 0 0 X 0 0 0 0 0 0 X 0 X 0 0 X 0 X X 0 0 0 X 0 0 0 X 0 0 0 0 0 0 X 0 0 0 0 0 X 0 0 0 X 0 0 0 0 X 0 0 0 X 0 0 0 0 X 0 X 0 0 X
X X X 0 X X 0 0 0 0 0 0 X 0 0 0 0 X X 0 0 0 0 0 0 0 X 0 X 0 0 0 0 0 0 0 0 0 0 0 0 0 0 0 0 0 0 0 0 X 0 X 0 0 X 0 X X 0 0 0 0 0 0 0 0 X 0 0 0 0 0 0 0 0 0 0 0 0 0 0 0 0 0 0 0 0 0 0 0 0 0 0 0 0 0 0 0 0 X X 0 0 0 0 0 0 X X 0 X 0 0 X X X X 0 X X X 0 0 0 0 0 0 0 0 X X X 0 0 0 0 0 X 0 0 0 X X 0 0 0 X 0 0 0 0 0 0 0 0 0 0 0 0 0 0 0 X X X X X 0 0 0 0 0 0 0 0 0 0 0 0 0 0 X 0 0 X 0 0 0 0 0 X 0 X X 0 0 0 X 0 0 X 0 0 0 X 0 0 0 0 0 X 0 0 X 0 0 0 0 X 0 0 0 0 0 0 0 0 0 0 0 0 0 0 0 0 0 0 0 0 0 0 0 0 0 0 0 0 0 0 0 X 0 0 0 0 0 0 0 0 X 0 0 X X 0 0 0 0 X 0 0 0 0 0 X X X 0 0 0 0 0 0 0 0 0 0 X 0 0 0 0 0 0 0 0 0 X X 0 0 0 0 0 0 0 X X 0 0 0 X 0 0 X 0 0 X 0 0 X 0 0 0 0 0 X X 0 0 0 0 0 0 X 0 0 X 0 0 0 X X 0 0 0 0 0 0 0 0 0 0 X 0 0 X 0 0 0 0 0 0 0 0 0 0 0 X 0 0 0 0 0 0 0 X 0 0 0 0 0 X 0 X X 0 0 X X 0 0 X 0 X 0 X 0 0 X
X 0 0 0 0 0 0 X 0 0 0 0 0 0 0 0 0 0 0 X 0 0 0 0 X 0 0 0 0 0 0 0 0 0 0 0 0 0 0 0 X X 0 0 0 0 0 0 0 0 0 0 0 0 0 0 0 0 0 0 X 0 0 0 0 X 0 0 0 X 0 0 X X X X 0 0 0 X X 0 0 X 0 0 0 0 0 0 0 0 0 0 0 0 0 0 0 0 X 0 0 X 0 X 0 0 X 0 0 0 0 0 0 0 0 0 0 0 0 X 0 X 0 0 0 X 0 0 0 0 X 0 0 0 0 X 0 0 0 0 X 0 0 0 0 0 0 0 X 0 0 0 0 0 X X 0 0 0 0 0 0 0 0 0 0 0 0 X 0 0 0 0 0 0 0 0 X X X 0 0 0 0 0 0 0 0 0 0 0 X 0 0 X 0 0 0 0 0 X X 0 0 0 0 0 0 0 0 0 0 0 0 0 0 0 0 0 0 0 0 0 0 0 0 0 0 0 0 0 X 0 0 0 0 X 0 0 0 0 0 0 X 0 0 0 0 0 0 X 0 0 0 0 0 0 0 0 0 0 X 0 0 0 0 0 0 0 0 0 0 0 0 0 0 0 0 0 0 X 0 X 0 X 0 0 0 X 0 0 X 0 0 0 0 0 0 0 0 0 0 0 0 0 0 0 0 X 0 0 0 X 0 0 0 0 0 0 0 X 0 0 X X 0 0 0 X 0 X X 0 0 0 X X 0 0 0 X X 0 0 0 0 X 0 0 0 X 0 0 0 0 0 0 0 0 0 X 0 0 0 0 0 X 0 X 0 0 0 0 0 0 0 0 0 0 0 0 X X X X 0 0 X 0 0 0 0 0 0 X X 0 X
X 0 0 0 X 0 X X X 0 0 X 0 0 0 0 0 X 0 X 0 X 0 0 0 X 0 0 X 0 0 0 0 X 0 0 X X 0 0 0 0 0 X 0 0 X 0 0 0 0 0 X 0 0 0 X 0 0 X 0 0 X 0 0 X 0 X 0 0 0 0 0 0 X X 0 0 0 0 X 0 0 0 0 0 X 0 0 X 0 X X X 0 0 0 0 0 0 0 0 0 0 0 0 0 X 0 0 0 0 0 0 0 0 X 0 0 0 0 0 0 0 0 0 0 0 0 0 0 0 X X 0 X 0 0 0 0 0 0 X 0 0 0 X 0 0 X 0 0 0 0 0 X 0 X 0 0 X 0 0 X 0 X 0 0 X X 0 X X 0 X 0 0 0 0 0 0 X 0 0 X 0 0 0 0 X 0 0 X 0 0 0 0 0 0 X 0 X X 0 0 0 X 0 0 0 0 0 0 0 0 0 0 0 X 0 0 0 0 0 0 0 X 0 0 0 0 0 0 0 0 0 0 0 0 0 0 0 0 0 0 X 0 0 0 0 0 0 0 X 0 0 0 0 0 0 0 0 X X X X 0 X 0 X 0 0 0 0 0 0 0 0 0 X 0 0 0 0 0 0 0 0 0 0 0 0 0 0 0 X 0 0 X 0 0 X 0 0 X 0 0 0 0 0 X 0 0 X 0 0 0 0 0 0 0 0 X 0 0 X X 0 X 0 0 0 0 0 0 0 0 0 X X 0 0 0 0 0 X 0 X X 0 0 0 X 0 0 0 0 0 X X 0 0 X 0 X 0 0 0 0 0 0 X 0 0 0 0 0 0 0 0 0 X 0 0 0 0 0 0 0 0 0 0 0 0 0 X X 0 0 X
X X 0 0 0 0 X 0 0 X 0 0 0 0 0 0 0 X 0 0 0 0 0 0 0 X 0 0 0 0 0 0 0 0 0 X 0 0 0 0 0 0 0 0 X X 0 0 0 0 0 0 X 0 X 0 0 0 0 0 0 0 0 X X 0 0 0 X 0 X X X X 0 X 0 0 0 X 0 0 0 0 0 0 0 0 0 0 0 0 0 0 0 0 0 X 0 X 0 X X 0 0 0 X 0 X X 0 0 0 0 0 0 X 0 0 0 X 0 0 0 X 0 0 0 0 0 0 0 0 0 0 0 X 0 0 0 0 0 0 0 0 0 0 0 0 0 0 0 X 0 0 0 0 0 0 0 X 0 0 0 0 0 0 0 0 0 X 0 0 0 X 0 0 X X 0 0 X X 0 0 0 X X 0 0 0 0 0 X 0 0 0 0 0 0 X 0 0 X 0 X 0 0 X 0 0 0 0 0 X 0 0 0 0 0 0 0 0 X 0 0 0 0 0 0 0 0 0 X 0 0 0 0 0 X X 0 0 X X 0 X 0 0 0 0 0 X 0 0 0 0 0 0 0 0 0 0 0 0 0 X 0 0 0 0 X 0 X X 0 0 0 0 0 0 0 0 0 0 0 0 0 0 0 0 0 X 0 X 0 0 X X 0 0 0 0 X 0 0 0 X 0 X 0 X X X 0 X 0 0 0 X X 0 0 0 0 0 0 0 0 0 X X 0 0 0 0 0 0 X 0 X 0 X X X 0 0 0 0 0 0 0 0 0 0 0 X X X 0 X 0 0 X X 0 0 X 0 0 0 0 0 0 0 0 0 0 0 0 X X 0 X 0 0 0 X X 0 0 0 X 0 0 0 0 0 X X
X 0 X 0 0 0 0 0 0 0 0 X 0 0 0 0 X X X X 0 0 X 0 0 0 0 0 0 0 0 0 X 0 0 X X 0 0 X 0 0 X 0 0 0 0 0 0 0 0 0 0 0 0 X 0 X 0 0 0 0 0 0 0 0 0 0 0 0 0 0 0 0 0 X X 0 0 X 0 0 0 0 0 0 0 X 0 0 0 0 X 0 0 0 0 0 0 0 0 0 0 X 0 0 0 X 0 X 0 X 0 0 0 X 0 0 0 X 0 0 X 0 0 0 0 X 0 0 0 0 0 X 0 0 0 X 0 X 0 0 0 0 0 0 0 X 0 0 X 0 0 X 0 X 0 0 0 X 0 0 0 X 0 0 0 0 0 0 X X 0 0 X X 0 0 0 0 0 0 X 0 0 0 0 0 X 0 0 0 0 X 0 X 0 0 0 0 0 0 X 0 0 0 X 0 X X 0 0 0 0 0 0 0 0 X 0 X 0 0 0 0 0 0 0 X X 0 0 0 0 X 0 0 X X X 0 0 0 0 0 X 0 0 0 X 0 0 0 X 0 0 0 0 0 0 X 0 0 X 0 X 0 0 0 0 0 X 0 X X 0 0 0 0 0 X 0 0 0 0 X 0 0 0 0 0 0 X 0 0 0 0 0 0 0 0 X 0 X 0 0 X 0 0 0 0 0 0 0 0 0 0 X 0 0 0 0 X 0 0 X 0 0 0 0 0 0 X 0 0 0 0 0 0 0 X 0 0 X 0 0 0 0 X 0 0 0 0 0 0 0 0 X 0 0 0 0 X 0 0 0 0 0 0 0 0 X 0 0 0 X 0 0 0 X 0 X 0 0 0 0 0 0 0 X 0 0 0 0 0 0 0 0 X X
X 0 0 0 0 0 0 0 X 0 0 0 0 0 0 0 X 0 0 0 X X 0 0 X X X 0 X 0 0 X X 0 0 X 0 0 X 0 X X 0 0 X 0 X 0 X 0 0 X 0 0 X 0 0 0 0 X 0 0 0 0 0 0 0 0 0 0 0 0 0 0 X 0 0 0 0 0 0 X 0 0 X X 0 0 X 0 0 0 X 0 0 0 0 0 0 0 0 0 0 X 0 0 0 X 0 0 0 0 0 0 0 0 0 0 0 0 0 0 0 X 0 0 0 X 0 0 0 0 X X 0 X X 0 0 0 X 0 0 X 0 0 0 X 0 0 0 0 0 0 X 0 0 0 0 0 0 0 0 0 0 0 0 0 0 0 0 0 0 0 X 0 0 0 X 0 0 X 0 X 0 0 0 0 0 0 0 0 0 0 0 X 0 0 0 0 0 0 0 0 0 0 X X 0 0 0 0 0 0 X 0 0 0 0 0 0 X 0 0 0 0 0 0 0 0 0 0 0 0 0 0 X 0 0 0 0 0 X 0 0 0 0 X 0 0 X 0 0 X 0 0 0 0 0 0 0 0 0 0 0 0 0 0 0 0 0 X 0 X 0 0 0 X 0 0 0 X X 0 0 X X 0 0 0 0 0 0 0 0 0 X X 0 0 0 0 0 0 0 0 0 0 0 0 0 X 0 0 X 0 X X 0 0 0 X 0 0 0 0 0 X 0 0 0 0 0 0 0 X 0 X X 0 X 0 0 0 0 0 X X X X 0 0 0 0 0 0 0 0 0 0 X 0 0 0 0 0 0 0 X X 0 0 0 0 0 0 0 0 0 0 0 0 0 0 0 X 0 X X 0 0 0 0 X 0 0 0 X X X
X 0 0 X X 0 0 0 X X 0 0 0 0 0 0 X 0 0 0 X X 0 0 0 0 0 0 0 X 0 0 0 0 0 0 0 0 X X 0 0 0 X X 0 0 X 0 0 0 X 0 0 0 0 0 X 0 0 0 0 0 0 0 X 0 0 0 0 0 X 0 0 0 X 0 0 0 0 0 0 0 0 X 0 0 0 0 0 0 0 X X X 0 0 X 0 X 0 0 0 X 0 0 X 0 0 0 0 0 0 0 X X 0 X 0 X 0 0 0 0 X 0 0 X 0 0 0 0 0 X 0 0 0 0 X 0 0 0 0 0 0 0 0 0 X X 0 0 X 0 0 0 0 0 0 X 0 0 X 0 X 0 0 X X 0 X X 0 0 0 0 X 0 0 0 0 0 0 0 0 0 X 0 0 0 0 0 X 0 0 0 0 X X 0 0 0 0 0 X 0 0 0 0 0 0 0 0 0 0 0 0 0 0 0 0 X 0 0 0 0 X 0 0 0 X 0 0 X 0 0 X 0 0 X 0 X 0 0 0 0 X 0 0 0 0 0 X X 0 0 0 0 0 0 X 0 0 0 X 0 0 0 0 X 0 0 0 0 0 X 0 0 X 0 0 0 X X 0 0 0 0 0 X 0 0 0 0 0 0 0 0 0 X 0 0 0 0 X 0 0 0 0 0 0 0 0 0 0 0 X 0 0 0 0 0 0 0 0 0 0 0 0 0 0 0 X X 0 X X 0 0 0 0 0 0 X 0 0 0 X 0 0 0 0 0 0 X 0 0 X X X 0 0 0 X 0 0 X 0 0 0 X 0 0 X 0 0 0 X 0 0 0 0 0 X 0 0 0 0 0 0 0 0 X X X 0 0 0 0 X
X 0 0 0 X 0 0 X 0 0 0 0 0 0 0 X 0 0 0 0 0 0 0 X X 0 X 0 0 0 0 0 0 0 0 0 0 0 X 0 X 0 X X 0 0 0 0 0 0 0 0 X 0 0 X 0 X 0 0 0 0 0 X 0 0 0 0 0 0 0 0 0 0 0 0 0 X 0 0 0 0 0 X 0 X 0 0 0 0 0 0 0 0 X 0 0 0 0 X 0 X 0 0 X 0 0 0 0 0 X 0 0 X 0 0 0 0 X X X 0 X 0 0 X 0 0 0 0 0 X 0 0 X 0 0 X 0 X 0 0 0 X 0 0 0 0 0 0 0 X 0 0 0 0 0 X 0 X 0 X 0 X 0 X 0 0 0 0 0 0 0 0 X 0 0 X X 0 0 X 0 X 0 0 X 0 0 0 0 0 0 0 0 0 0 0 X 0 X 0 0 0 0 0 0 X X 0 0 0 0 0 0 X 0 0 X 0 0 0 0 0 0 0 0 0 0 X X 0 X 0 0 0 X 0 0 0 0 0 0 X 0 0 0 0 0 0 0 0 X 0 X 0 X 0 0 0 0 0 X 0 0 0 0 X 0 0 0 0 X 0 0 0 X 0 0 X 0 0 0 0 X 0 X 0 0 0 0 0 0 0 0 0 0 0 0 0 0 0 0 0 0 0 0 X 0 X 0 0 0 0 0 X X 0 0 X 0 0 0 X 0 0 0 0 X 0 0 0 0 0 X 0 0 0 0 0 0 X 0 X 0 0 X 0 0 0 0 0 0 0 0 X X 0 0 0 0 0 0 X X 0 X 0 0 X X 0 0 X 0 0 0 X 0 0 0 0 0 0 0 0 X 0 0 0 0 0 X 0 0 0 0 0 0 X
X 0 0 0 0 X X X 0 X 0 0 0 0 0 0 0 0 X 0 0 0 0 X 0 0 0 0 X X 0 0 0 0 0 0 0 0 0 0 X 0 0 0 0 0 0 0 X 0 X X X X X X 0 0 0 X 0 0 0 0 0 X 0 X X 0 0 0 0 0 0 0 X 0 0 0 0 X 0 0 X 0 0 0 0 0 0 0 0 0 0 0 0 0 0 0 0 0 0 0 X 0 0 X 0 0 0 X 0 0 0 0 0 0 X 0 X 0 0 0 0 0 0 0 0 0 0 0 0 0 0 X 0 0 0 X 0 0 0 0 0 X 0 0 0 0 0 0 0 0 0 X 0 0 0 0 X 0 X X 0 X 0 0 0 0 X X 0 X X 0 0 0 0 0 X 0 X 0 0 0 0 0 X X 0 0 0 0 0 0 0 X 0 X 0 0 0 0 0 0 0 0 0 0 0 0 0 0 0 0 0 0 0 0 X 0 X 0 0 0 0 0 0 0 0 0 0 0 X 0 0 0 0 0 0 0 X X 0 0 0 X 0 0 0 0 0 0 X 0 X 0 X X X X X 0 X 0 0 0 X 0 0 0 0 0 X X X 0 0 0 0 0 0 0 0 0 0 0 0 0 X 0 0 0 X 0 0 0 X X X 0 0 0 0 X 0 0 0 0 0 0 0 X 0 0 0 X X 0 X 0 0 0 0 0 0 0 X 0 X 0 X X 0 X 0 0 0 X 0 0 X 0 0 0 0 0 0 0 0 0 0 0 0 X 0 0 X 0 0 0 0 0 0 0 0 0 0 0 X 0 0 0 0 0 0 0 X 0 0 X X 0 0 X 0 0 0 X 0 0 0 X X 0 X 0 X X
X X X X 0 0 0 0 0 0 0 0 0 X 0 0 0 0 0 0 0 0 0 X 0 0 0 0 X 0 0 0 0 0 X 0 0 0 0 0 X X 0 0 0 0 0 0 0 0 0 0 X 0 X 0 0 0 0 X 0 0 0 X 0 0 0 X X X 0 0 0 0 0 0 X 0 X 0 0 X 0 X 0 0 0 0 0 0 X 0 0 0 0 0 X 0 X X 0 0 0 0 0 0 X 0 0 0 0 0 0 0 0 0 X 0 0 0 0 0 0 0 0 0 0 X 0 0 0 0 0 X X 0 0 0 0 X 0 0 0 0 0 0 0 0 0 0 X 0 0 0 0 0 0 0 0 0 0 0 0 0 0 0 0 0 X 0 0 0 0 0 0 0 0 X 0 0 0 0 0 0 0 0 0 X 0 0 0 0 0 X 0 0 0 0 0 0 0 0 X 0 0 0 0 0 0 0 X 0 X 0 0 0 0 X 0 0 0 X X 0 0 0 0 0 0 0 0 0 X 0 0 0 0 0 X X 0 0 X 0 0 0 X 0 X 0 0 X 0 0 0 0 0 0 X X 0 0 0 0 0 0 X 0 X 0 0 X 0 0 0 0 0 0 0 0 0 0 0 0 0 0 X 0 0 0 X 0 0 X X 0 0 X 0 0 X 0 0 0 X 0 0 0 X X 0 0 0 0 0 X 0 0 0 0 X 0 0 0 0 0 0 0 0 0 0 0 X 0 0 0 0 0 X 0 0 0 0 0 0 0 0 0 X 0 0 0 0 0 X 0 0 0 0 0 X 0 X 0 0 X 0 0 0 0 0 0 X 0 0 0 X 0 0 X 0 0 0 0 0 0 0 0 X X 0 0 X 0 0 X X 0 0 X
X 0 0 X 0 X X 0 X 0 0 0 X X 0 X 0 0 0 X X 0 0 0 0 0 0 0 X 0 0 X 0 X 0 0 0 0 X 0 X 0 0 0 X 0 0 0 0 0 0 0 0 X 0 0 0 0 0 0 0 X X 0 X 0 0 0 0 0 0 0 0 0 0 0 0 0 0 0 0 0 0 X 0 X 0 0 0 0 X 0 X 0 X X X X X X X X X 0 0 0 0 0 X 0 0 0 0 0 X 0 0 0 X 0 0 0 0 0 0 0 0 0 X X 0 0 X 0 0 0 X 0 0 X X 0 0 0 0 0 0 0 0 0 0 0 X 0 0 0 0 0 0 0 0 0 0 0 X 0 0 0 X 0 0 0 0 X 0 0 X 0 0 0 0 0 X X 0 X 0 X 0 0 0 0 0 0 0 0 X 0 0 X 0 0 0 0 X 0 X 0 0 0 0 0 X 0 0 0 0 0 X 0 0 0 X 0 X 0 0 0 X 0 0 0 0 X 0 0 0 0 0 0 0 0 0 0 X 0 0 0 0 0 X 0 0 0 0 0 X 0 0 0 0 X 0 0 0 0 0 X 0 0 0 0 0 X 0 0 0 0 0 0 0 0 X 0 X 0 0 X 0 X X 0 0 0 X 0 0 X 0 0 0 0 0 0 0 0 X X X 0 0 0 0 0 0 0 0 X X 0 0 0 X 0 0 0 0 0 0 0 0 X 0 0 X 0 0 X X X 0 X 0 0 X 0 X 0 0 0 0 0 0 0 0 0 0 0 X 0 X X 0 X 0 X X 0 0 0 0 X 0 0 0 0 0 0 0 0 0 0 0 X 0 0 0 0 0 0 0 0 X 0 0 0 X 0 0 X
X X 0 0 0 0 0 0 0 0 0 X 0 0 0 X X 0 0 0 0 0 0 0 X X 0 0 0 0 0 0 0 0 0 0 0 0 0 0 0 0 X 0 X 0 0 0 X X 0 0 0 0 X 0 X X 0 0 X X 0 X X X 0 X 0 0 0 0 0 0 0 0 0 0 0 0 X 0 0 0 0 X 0 X 0 0 0 0 0 0 0 X 0 0 0 X 0 0 X 0 0 X 0 X 0 0 X X 0 X X 0 0 0 0 0 0 0 X 0 0 0 X 0 0 0 0 0 0 0 0 0 0 0 0 0 0 0 0 0 0 0 0 0 X 0 0 0 0 0 0 0 X X 0 0 X 0 0 X 0 0 X 0 0 X X 0 0 0 0 X X 0 0 0 0 0 0 X 0 X 0 X 0 0 0 0 0 0 0 0 0 X 0 0 0 X 0 0 0 0 0 X 0 0 0 0 0 0 X X 0 0 0 0 X 0 0 0 X 0 0 0 0 0 0 0 0 0 0 0 0 0 0 0 0 0 0 X 0 0 0 0 0 0 0 0 0 0 X X 0 0 0 0 X 0 0 0 0 0 0 0 0 0 0 0 0 0 X 0 0 0 0 0 0 0 X 0 X 0 0 0 0 0 0 0 0 0 0 0 0 X 0 0 0 0 0 0 X 0 0 X X 0 X 0 0 0 0 0 0 0 X 0 0 0 0 0 0 0 0 0 0 0 X 0 0 0 0 0 0 0 0 0 0 X X X 0 0 X 0 0 X X 0 0 0 0 0 0 0 0 X 0 X 0 X X 0 0 0 X 0 0 0 0 0 0 0 0 0 0 X 0 0 0 X X X 0 0 0 0 0 0 0 0 X 0 0 0 0 X
X 0 0 0 0 X X 0 0 0 0 X X 0 0 0 X X 0 0 0 0 0 0 0 0 0 0 0 0 0 0 0 0 X 0 0 0 X 0 0 X 0 0 0 0 0 0 0 X 0 0 0 0 X 0 0 0 0 0 0 0 0 0 0 0 0 0 X 0 0 X 0 X 0 0 0 X 0 0 X 0 0 0 0 0 0 0 0 X 0 0 0 0 0 0 0 0 0 X 0 0 0 0 0 0 0 0 0 X 0 0 0 0 0 0 0 0 0 X 0 0 X 0 X 0 X X 0 X 0 0 0 0 0 0 0 0 X 0 0 0 0 0 X 0 0 0 0 X 0 X 0 0 0 0 X 0 0 X 0 0 0 0 X 0 0 0 0 0 0 0 0 0 X 0 0 X 0 X X 0 0 0 0 0 X X 0 X 0 0 0 0 0 0 0 0 0 0 X 0 0 0 0 0 X 0 0 0 0 X 0 X 0 X X 0 0 0 0 X 0 X 0 X 0 0 0 0 0 0 0 0 0 X 0 0 0 X 0 0 0 0 0 0 0 X 0 0 X 0 0 0 0 0 X 0 X 0 0 0 X 0 0 0 0 0 0 0 0 0 X 0 0 0 0 0 0 X X 0 0 0 X 0 0 0 0 0 X X 0 X 0 0 0 0 0 0 X 0 0 0 X 0 0 0 0 X 0 0 0 0 X X 0 X 0 0 X 0 0 0 0 0 0 0 0 X 0 0 0 0 0 0 0 0 0 0 0 0 0 0 X 0 0 0 0 0 X 0 0 0 0 0 0 0 0 0 0 0 X 0 0 X 0 0 0 0 0 0 X 0 X 0 0 0 0 0 0 X X 0 0 0 0 X X 0 0 0 0 X 0 0 0 X X X
X 0 0 X X 0 0 X 0 0 0 0 0 X 0 0 0 0 0 0 0 0 0 0 0 0 0 0 0 0 0 0 0 0 0 0 0 0 X 0 0 0 0 0 0 0 0 0 X X 0 0 0 0 0 0 X 0 0 0 0 0 0 0 0 X 0 0 0 0 0 0 X 0 0 0 0 0 0 0 0 0 0 X 0 0 0 X 0 0 0 0 0 0 0 0 0 0 0 0 0 0 X X 0 0 0 0 0 0 0 0 X X 0 0 0 0 0 0 X X 0 X 0 0 X 0 0 0 0 0 X 0 0 0 X 0 0 X 0 0 X 0 0 0 0 X 0 0 X 0 X 0 0 X X X 0 X X 0 0 0 0 0 0 0 0 0 X 0 0 0 X 0 X 0 0 X 0 X 0 0 0 X 0 0 0 0 X X 0 0 0 0 0 0 0 0 0 0 0 0 0 0 0 0 0 X X 0 0 0 X 0 0 0 X 0 0 X X 0 0 0 X X 0 0 0 0 0 0 0 0 0 0 0 0 X X 0 X 0 0 0 0 0 0 0 0 0 0 0 0 0 0 0 0 0 0 X 0 0 0 0 0 0 0 0 0 X 0 0 0 X 0 0 0 0 0 X 0 0 0 0 0 X 0 0 0 0 0 0 X 0 0 0 X 0 0 0 0 0 0 0 X 0 0 0 0 0 0 X 0 0 0 0 0 0 0 0 0 0 0 0 0 0 0 0 X 0 X X X 0 0 0 0 0 X X 0 X 0 0 0 0 0 0 0 0 0 0 0 0 0 X 0 0 0 0 0 0 0 0 0 0 0 0 0 0 0 0 X 0 0 0 0 0 X 0 0 0 X 0 X 0 0 X 0 0 0 0 0 0 0 0 X
X 0 0 0 X 0 0 0 0 0 0 0 X 0 0 0 0 0 0 0 0 X 0 0 0 0 0 0 0 0 X 0 0 0 0 0 X 0 X X 0 X X 0 0 X 0 X 0 0 0 0 X X 0 0 0 X 0 X 0 0 0 X 0 0 0 0 0 0 0 0 0 0 0 0 0 0 0 0 0 0 X 0 X 0 0 X X 0 0 X 0 0 X 0 0 0 0 X 0 0 X 0 X 0 0 0 X 0 0 X 0 0 0 0 X 0 0 0 X X 0 0 X 0 0 0 0 0 X 0 0 X X 0 0 X 0 0 0 X 0 0 0 0 0 0 0 0 0 0 0 0 X 0 0 0 0 0 X X 0 0 0 0 0 0 0 0 X 0 0 0 0 0 X 0 0 0 0 0 0 0 X 0 0 0 0 0 0 0 0 0 X 0 0 0 0 0 0 X X 0 0 0 X X 0 X 0 X 0 0 0 0 0 0 0 0 0 X 0 0 0 X X 0 0 0 0 0 0 0 0 X 0 0 X 0 0 0 0 X 0 0 X X 0 X 0 0 0 0 0 0 0 X X 0 0 0 0 X 0 0 0 X 0 0 0 0 0 0 0 0 0 X 0 0 X 0 0 0 0 0 0 0 X X 0 0 X 0 0 0 X X 0 0 0 0 X 0 0 0 0 0 0 0 X 0 0 0 0 0 0 X 0 0 X 0 X 0 0 0 0 X X 0 0 0 0 X X 0 X 0 0 0 0 0 0 0 0 0 0 0 0 0 0 0 0 0 0 0 X X 0 0 0 X 0 X 0 0 0 0 0 0 0 X X X 0 X 0 0 0 0 X 0 0 0 0 0 0 0 0 0 0 0 0 X 0 0 X 0 0 X
X 0 0 0 0 0 0 0 0 0 0 0 0 X 0 0 0 0 0 0 0 0 0 0 0 0 0 0 0 0 0 0 0 0 X X 0 0 0 0 X 0 0 0 0 0 0 0 0 0 0 X 0 0 0 0 0 0 0 0 X 0 0 0 0 X 0 0 0 0 0 0 0 0 0 0 0 0 0 X X X 0 X X 0 0 0 0 0 0 X X 0 0 0 0 0 0 0 0 0 0 0 X X 0 0 0 0 0 X 0 0 X 0 0 0 X 0 0 0 0 X 0 0 0 0 0 0 0 0 0 0 X 0 0 0 0 0 0 0 0 0 0 X 0 0 0 X 0 0 0 0 0 0 0 0 0 0 0 0 0 X 0 X 0 0 X 0 0 0 0 X 0 0 0 0 0 0 0 0 0 0 0 0 0 X 0 X 0 0 0 0 0 0 0 0 0 0 0 X 0 X X 0 0 0 0 0 0 0 0 0 0 0 0 0 X 0 0 0 0 0 0 0 0 0 0 0 0 X 0 X 0 0 X 0 0 0 0 X X 0 0 0 0 0 0 0 0 0 0 X 0 0 0 0 0 0 X X 0 0 0 X 0 0 X 0 0 X 0 X 0 0 X X 0 0 0 0 X 0 0 X 0 X 0 0 0 0 0 0 0 0 0 0 X 0 0 X X 0 X 0 0 0 0 0 0 0 0 0 X 0 0 X 0 0 0 0 0 0 X 0 0 0 X 0 0 X X 0 0 0 0 0 0 0 0 0 0 0 X 0 0 0 0 0 0 X 0 X 0 0 X 0 0 X 0 0 0 0 0 0 X 0 0 0 0 0 X X 0 0 X 0 0 0 X X X X 0 0 0 0 0 0 X 0 0 0 0 X 0 0 0 X
X 0 0 0 0 0 X 0 0 0 0 0 0 X 0 0 X 0 X 0 0 0 0 0 X 0 0 0 0 0 0 0 0 0 0 0 X 0 0 0 0 0 0 0 0 0 0 0 X X 0 X 0 0 X X X 0 X 0 0 0 X 0 0 X 0 0 X 0 0 0 X 0 0 0 0 X 0 0 0 0 0 X X X 0 X 0 0 0 X X 0 0 0 0 0 0 X 0 0 X 0 0 0 0 0 0 X 0 0 0 X 0 0 X 0 0 0 0 0 0 0 X 0 0 0 X X 0 0 0 X X 0 0 0 X 0 0 0 0 X 0 0 0 0 0 0 0 X 0 0 0 0 0 0 0 X 0 0 0 X X X X 0 X 0 X 0 X 0 0 0 0 X X 0 0 0 0 0 0 0 0 0 X 0 0 0 0 X 0 0 X X 0 X 0 X X 0 0 0 0 0 0 0 0 0 X 0 0 0 0 0 0 0 0 0 0 0 0 X 0 0 0 0 0 0 0 0 X 0 0 0 0 0 0 X 0 0 0 0 X X 0 X 0 X X 0 0 0 0 X X X 0 0 X 0 0 0 0 0 0 0 X 0 0 0 X 0 0 0 0 X 0 0 0 0 0 X 0 0 0 0 0 X 0 0 0 0 0 0 0 0 0 0 0 X X X X 0 0 0 0 0 X 0 0 X 0 X 0 0 0 0 0 0 0 0 0 X X X 0 0 0 X 0 0 0 0 0 0 0 0 0 0 0 0 0 X 0 X 0 X 0 0 X 0 0 0 0 0 0 X 0 0 0 0 0 0 0 0 X X 0 0 0 0 0 0 0 0 0 0 0 0 0 0 0 0 0 0 0 X 0 0 0 0 0 0 0 X
X 0 0 0 X 0 0 0 0 0 X X 0 0 0 X 0 0 0 0 0 0 0 X X 0 0 0 0 0 0 0 X 0 0 0 X 0 0 0 0 0 0 0 0 X 0 0 X X X 0 0 0 0 0 X 0 X 0 0 0 0 0 0 0 0 0 0 0 0 0 0 0 0 0 X 0 0 0 X X X 0 0 0 X 0 X 0 0 0 0 0 0 0 0 0 X 0 0 0 0 X 0 0 0 0 0 0 0 X 0 0 0 0 0 X 0 X 0 0 0 0 X 0 0 0 X 0 0 0 0 0 0 0 0 0 0 0 0 0 0 0 X X 0 0 0 0 0 0 0 0 0 0 0 X 0 X 0 0 0 0 0 0 0 0 0 0 X 0 0 0 0 0 0 0 0 0 0 0 0 0 0 X 0 0 0 X X 0 0 0 0 0 0 0 X X 0 0 0 X 0 0 0 0 0 0 0 0 X 0 0 0 0 0 0 0 0 X 0 0 0 0 0 0 0 X 0 0 0 0 0 0 0 X 0 0 0 0 0 0 0 0 0 0 0 0 X 0 0 0 0 0 0 0 0 0 0 0 X 0 0 0 X X X 0 0 0 0 0 X 0 0 X 0 0 0 0 0 0 0 0 0 0 0 X 0 X 0 X 0 0 X 0 0 0 0 X 0 0 0 0 0 0 0 0 0 X 0 X 0 0 0 0 0 0 0 0 0 0 0 0 0 0 X 0 0 0 0 0 0 0 X 0 0 0 0 X 0 0 0 0 X 0 0 0 X 0 0 X 0 0 0 0 0 0 X X 0 0 0 0 0 0 0 X 0 X 0 X 0 0 X 0 0 0 X 0 X 0 X X X 0 X 0 0 0 X 0 0 0 0 X 0 X
X 0 0 0 0 X X 0 0 X 0 0 0 X 0 X 0 0 0 0 0 0 0 0 0 0 0 0 0 0 0 0 X 0 0 0 0 0 0 0 X 0 0 0 0 0 0 0 X X 0 0 X 0 0 X 0 0 0 X 0 0 X 0 X 0 0 X 0 0 0 0 X X 0 0 0 0 0 0 X 0 0 0 X X 0 0 0 X 0 0 0 0 X 0 X 0 0 0 X 0 0 0 0 0 0 0 X 0 0 0 X 0 0 X 0 0 0 X 0 0 X X 0 X 0 0 0 0 0 0 X 0 X X X X X 0 X 0 0 X X 0 0 0 0 0 0 X 0 0 0 0 0 0 0 0 0 0 0 0 X 0 0 X 0 X 0 0 0 0 0 X 0 0 0 0 0 0 0 0 0 0 0 X 0 0 0 0 X X 0 X X 0 X X 0 0 0 X 0 X 0 0 0 0 0 0 X 0 X 0 0 0 0 X 0 X 0 0 X 0 0 0 0 0 0 0 0 0 0 0 0 0 0 0 0 0 X 0 0 X 0 0 0 0 0 0 0 0 0 0 0 X 0 0 0 X 0 0 X X X 0 X 0 0 0 0 0 0 0 0 0 X 0 0 0 0 0 X 0 0 0 0 0 X X 0 0 0 0 X 0 0 0 0 X 0 0 0 0 0 0 0 0 0 X 0 0 0 0 0 0 0 X 0 0 0 0 0 X 0 X 0 0 0 0 0 0 0 0 X 0 0 X 0 0 0 0 0 0 0 0 X X 0 X 0 X 0 0 0 0 0 X 0 0 0 0 0 0 0 0 0 0 0 0 0 0 0 X 0 0 0 0 0 0 0 0 X X 0 0 0 0 X 0 0 X 0 0 0 X 0 X
X X 0 X 0 0 X X 0 0 0 0 0 0 0 0 X X X X 0 0 X 0 X 0 0 0 X 0 X 0 0 0 0 0 0 0 0 X 0 0 0 X 0 0 0 X 0 0 X X 0 0 0 0 0 X 0 X 0 0 0 0 0 0 0 0 0 0 0 0 0 0 0 0 X 0 0 0 X 0 0 0 0 0 0 X 0 0 X 0 0 X X 0 X 0 0 0 0 0 X 0 0 0 X 0 0 X 0 0 0 0 X X 0 X 0 X 0 0 0 0 0 0 0 0 0 0 0 0 0 0 0 0 0 X 0 0 0 X X 0 0 0 0 0 0 0 0 0 0 0 0 0 0 0 0 0 0 0 0 X X 0 0 0 0 0 0 0 X 0 0 0 0 0 0 X 0 0 0 0 0 0 X 0 0 0 0 0 0 X 0 X 0 0 0 0 0 0 0 0 0 0 0 0 0 0 0 0 X 0 0 0 0 0 0 0 0 0 0 0 0 0 0 0 0 X 0 0 0 X 0 0 0 X 0 0 0 0 0 0 0 0 0 X 0 0 0 X 0 0 0 0 0 0 0 0 X 0 X X 0 0 0 0 0 0 0 0 X 0 0 0 0 0 0 0 X 0 0 X 0 0 0 0 0 X 0 0 0 X 0 0 0 X 0 0 0 X 0 0 X 0 0 X 0 0 0 0 0 0 0 X X 0 X 0 0 0 0 0 0 0 X 0 0 0 0 X 0 X X 0 0 0 0 X 0 0 X 0 X 0 X 0 0 0 0 0 0 0 0 0 0 0 0 0 0 0 X X 0 0 X 0 0 0 0 X 0 X X X 0 0 0 0 X 0 X 0 0 0 0 0 0 0 0 X 0 0 0 X 0 X 0 X
X 0 0 0 0 X 0 0 X 0 0 0 X 0 X 0 0 0 0 0 0 0 0 0 0 0 0 X 0 0 0 0 0 0 0 X 0 0 0 0 0 0 0 0 0 0 X 0 0 0 0 0 X 0 X 0 0 0 0 X 0 0 0 0 0 0 X 0 0 0 0 0 0 0 0 X 0 0 0 0 0 0 X 0 0 0 X 0 0 0 X X X 0 0 0 0 X 0 0 0 0 0 0 X 0 0 X X 0 0 0 0 X 0 X 0 0 0 0 X X 0 0 X 0 0 0 0 0 0 0 0 X 0 0 0 0 X X 0 X X 0 0 0 0 0 0 X 0 0 0 0 X X 0 0 0 0 0 0 0 0 0 X 0 0 0 X 0 0 0 0 0 X X 0 0 0 0 0 0 0 0 0 0 X 0 0 0 X 0 X 0 X 0 X 0 X X 0 0 0 0 0 0 0 0 0 X X 0 X 0 0 0 0 0 0 0 0 0 0 0 0 0 0 0 0 0 0 0 0 0 0 0 X X 0 0 0 X 0 0 0 0 X 0 X 0 X X 0 0 0 0 0 0 0 X 0 0 0 X 0 0 X 0 0 0 0 0 0 0 0 0 0 0 0 0 0 0 X 0 0 0 X 0 0 0 0 0 0 X 0 0 0 X 0 0 0 0 0 0 0 0 0 0 X X 0 0 X 0 X 0 0 0 0 X 0 X 0 0 0 0 0 X 0 0 0 0 0 0 0 0 0 0 0 0 0 0 0 0 X 0 0 0 0 0 X X 0 0 0 0 0 0 0 0 0 0 X 0 0 0 X 0 X 0 0 0 X X 0 X 0 0 0 X 0 X 0 0 0 0 0 0 0 0 X 0 X 0 0 0 0 0 X
X 0 0 X 0 0 0 0 0 0 0 0 0 0 0 0 0 0 0 0 X 0 0 0 0 0 0 0 0 0 0 0 0 X X 0 0 X 0 X 0 0 0 0 0 0 0 0 X 0 0 0 0 0 0 0 0 0 0 0 0 0 X 0 0 0 0 0 0 0 0 0 0 0 X X 0 0 X 0 X X 0 X X 0 0 0 X X 0 X 0 0 0 0 0 X 0 0 X X 0 0 0 0 0 0 0 0 0 0 0 0 0 0 0 0 0 0 X 0 0 0 0 0 0 0 0 0 0 0 X 0 0 0 0 0 0 0 0 0 X 0 0 X X 0 0 0 0 0 0 0 X 0 0 0 0 0 0 0 0 0 0 0 0 0 0 0 X 0 0 0 0 0 0 0 0 0 0 0 X 0 0 X 0 0 X 0 0 X X 0 0 X 0 0 0 0 0 0 X X 0 0 0 0 0 X 0 0 0 0 X 0 0 0 0 0 X 0 0 0 X 0 0 X 0 0 0 0 0 0 0 X 0 0 0 0 0 X 0 0 0 X 0 0 0 0 0 0 0 0 0 0 0 0 0 X 0 0 0 X 0 0 X 0 X 0 0 X 0 0 0 X X 0 0 0 X 0 0 0 0 0 0 0 0 0 X X 0 X 0 0 0 X 0 0 0 0 0 0 0 X X 0 0 0 0 0 0 X 0 0 0 X X 0 0 0 0 X 0 0 X 0 X X 0 0 0 0 0 0 0 0 X 0 0 0 0 0 0 X 0 0 0 X 0 0 0 0 0 0 X 0 0 0 0 0 0 X 0 0 X 0 0 0 0 X 0 0 0 0 0 0 0 0 0 0 X 0 0 0 0 0 0 0 0 0 0 0 X 0 X X 0 X
X X 0 0 0 0 0 X X 0 0 0 0 0 0 0 0 0 0 0 0 X 0 X 0 X X 0 0 0 X 0 0 X 0 0 0 X 0 0 X X 0 0 X 0 0 0 0 0 0 0 X 0 0 X 0 0 0 0 0 0 0 0 0 0 X 0 X 0 0 X 0 0 0 0 X 0 0 X 0 X X 0 0 0 0 X 0 X 0 0 0 0 0 X 0 X 0 0 X 0 0 X 0 0 0 0 0 0 0 0 0 0 0 0 0 0 0 X X 0 0 X 0 X 0 0 0 0 0 0 X X X 0 0 0 0 0 0 X 0 X X 0 0 X 0 0 0 X X 0 0 0 X 0 X 0 0 X 0 0 X 0 0 0 0 0 X 0 0 X 0 0 0 0 0 0 0 0 0 0 0 0 0 X X 0 0 0 0 0 0 0 X 0 0 0 0 0 0 0 0 0 0 0 0 0 0 0 X X 0 0 X X X 0 0 0 0 0 0 0 0 X 0 0 0 X 0 X 0 0 0 0 0 0 0 0 0 0 0 0 0 0 0 0 X 0 0 0 0 0 0 X 0 0 X 0 X 0 0 0 0 X 0 0 0 0 0 0 0 0 0 0 0 0 0 X 0 0 X 0 X 0 0 0 0 0 0 X 0 0 0 0 X X X 0 X 0 X 0 X X 0 X 0 0 0 0 0 X 0 0 0 X 0 X 0 0 0 0 0 X 0 0 0 0 0 0 X 0 0 0 0 0 0 0 0 0 X 0 0 0 X X 0 X 0 X X 0 0 X 0 0 0 0 X 0 0 0 0 X 0 0 0 X 0 0 0 0 0 0 X X X 0 0 X X 0 X 0 0 0 0 X X 0 X 0 0 0 X X
X X 0 0 0 0 0 0 0 0 0 0 X 0 0 0 0 0 0 0 0 0 0 0 0 0 0 0 X X 0 X 0 0 0 0 0 0 0 0 0 0 X 0 0 0 X X 0 0 0 X 0 X 0 0 X X 0 0 0 X 0 0 0 0 0 X 0 0 0 0 X 0 0 X 0 0 0 0 0 0 X 0 0 0 0 0 X 0 X 0 0 0 0 0 X 0 0 0 0 0 X 0 0 X 0 0 X 0 X 0 X 0 0 X X 0 0 0 X X X 0 0 X 0 X 0 0 0 X 0 0 0 0 0 0 0 0 X X 0 0 0 0 X 0 0 0 0 X 0 0 0 0 0 0 X 0 0 X 0 0 X 0 0 0 0 0 0 0 0 0 X 0 0 X X 0 0 0 X 0 0 0 0 0 0 0 0 0 0 X 0 0 0 0 0 0 0 0 0 0 0 0 0 0 0 0 0 0 0 X 0 0 X X 0 0 0 0 0 0 0 X 0 0 0 0 0 X 0 0 0 0 0 0 0 0 0 0 0 X 0 0 0 X 0 X 0 0 0 X 0 X 0 0 0 0 0 X X 0 X 0 0 X 0 0 X 0 X 0 0 0 0 X 0 X X 0 0 0 0 0 0 0 0 0 0 X 0 X X 0 0 0 0 0 0 0 X 0 0 X 0 0 0 0 0 X 0 0 0 0 0 0 0 0 0 X 0 0 0 X 0 0 0 0 0 0 0 0 0 0 0 0 0 0 0 0 X 0 0 0 0 X 0 0 0 0 0 0 0 0 X 0 0 0 0 0 0 0 0 X 0 0 0 0 0 X 0 0 0 X X 0 0 0 0 0 X 0 0 X 0 0 X X 0 0 0 X 0 X 0 X 0 X
X 0 0 X 0 0 0 0 0 0 X 0 0 X 0 0 0 0 0 0 0 0 X X 0 0 X 0 0 0 0 0 0 0 X X 0 0 0 0 0 0 0 0 X 0 0 0 0 0 0 0 0 0 0 0 0 0 0 0 0 0 0 0 0 0 0 0 0 0 0 0 0 0 0 0 0 0 0 0 0 X 0 0 0 X 0 0 0 X X X 0 0 X X 0 0 0 0 0 X 0 0 0 0 0 0 0 0 0 0 0 0 0 0 X X X 0 0 0 0 0 0 0 0 0 0 0 X 0 X 0 0 0 X 0 0 0 0 0 0 0 X 0 0 0 X 0 X 0 0 X 0 0 0 0 0 0 0 0 0 X 0 0 X X 0 X 0 0 X X 0 0 0 X 0 0 0 0 X X 0 X 0 0 0 0 X 0 0 0 0 0 0 0 X X 0 X 0 0 X 0 0 0 0 0 0 0 0 X X X 0 0 0 0 0 0 0 0 0 0 0 0 0 0 0 0 X X 0 0 X X 0 0 0 X X 0 0 0 0 0 0 0 0 X 0 0 0 0 X 0 0 0 0 0 X 0 0 0 X 0 0 X 0 X X 0 0 0 0 0 0 0 0 0 0 0 0 0 0 X X X X X 0 0 0 0 0 0 0 0 0 0 0 X 0 X 0 0 0 X 0 0 X 0 0 0 0 0 0 0 0 X 0 0 0 0 0 0 0 0 0 0 0 X 0 0 0 0 0 0 0 0 X 0 0 0 0 0 0 0 0 0 0 0 0 0 0 0 0 0 0 0 0 0 0 X 0 0 0 0 X 0 0 0 0 0 0 0 0 X 0 X 0 X 0 0 X 0 0 0 0 0 0 0 0 X 0 X X X
X 0 0 0 0 0 X 0 0 0 0 X 0 0 0 0 X X 0 0 0 0 0 X 0 0 0 X 0 0 0 0 0 0 0 0 0 0 0 X 0 X 0 0 0 0 X 0 0 0 0 0 X X 0 0 0 0 0 0 0 0 0 0 X 0 0 0 0 X 0 0 X 0 0 0 0 0 0 0 0 0 0 0 0 0 0 X 0 0 0 0 X 0 0 0 0 0 X X 0 X 0 0 0 0 0 0 X 0 0 0 X X 0 0 X 0 X 0 0 0 X X 0 X 0 0 0 0 0 0 0 0 0 0 0 0 X 0 0 X 0 0 0 0 0 0 0 0 0 0 0 0 0 X 0 0 0 0 X X 0 X 0 0 X 0 0 0 0 0 0 0 0 X X 0 0 X X 0 0 0 0 0 0 0 X X X 0 0 0 0 0 0 0 0 0 0 0 0 0 0 0 X 0 0 0 0 X 0 X X 0 0 0 0 0 X 0 X X X 0 0 0 0 0 0 0 0 0 0 0 0 0 0 0 0 0 0 0 0 0 0 X 0 0 0 X 0 0 0 0 0 0 0 X 0 0 0 0 0 0 0 0 0 0 0 0 0 0 0 0 0 X 0 0 0 0 0 X 0 X 0 0 0 0 0 X 0 X 0 0 0 0 0 0 0 0 0 0 0 0 0 0 0 0 0 X 0 X 0 0 0 0 0 0 0 0 0 0 0 0 0 0 0 0 X X 0 0 0 X 0 0 0 0 0 0 X X 0 0 X 0 0 0 0 0 0 0 0 0 X 0 0 0 X 0 0 0 0 0 X 0 0 X X 0 0 0 0 0 0 0 0 0 0 0 0 X X 0 0 0 0 0 X 0 0 0 0 0 0 0 0 X
X 0 0 0 0 0 X 0 0 X X 0 0 0 0 X X X 0 0 0 0 X 0 0 0 0 0 0 X X X 0 0 0 0 X X 0 0 0 0 0 X 0 0 0 0 0 X X 0 0 0 0 0 0 0 0 0 X X 0 0 X 0 0 0 X 0 0 0 0 0 0 0 X 0 0 X 0 0 0 0 0 0 X 0 0 X 0 0 0 0 0 0 X X 0 0 0 0 X X 0 0 0 X X 0 0 0 0 X X X 0 0 0 0 X 0 0 0 0 0 0 0 0 X 0 0 X 0 0 X 0 0 0 0 0 X 0 0 X 0 0 0 0 0 X 0 0 0 0 0 0 0 0 0 0 0 0 0 0 0 0 0 0 0 X X 0 X X 0 0 X 0 0 0 0 0 X X X X 0 0 X X X 0 X X 0 0 X 0 X 0 0 0 X 0 X 0 0 0 X 0 X 0 0 0 0 X 0 0 0 0 0 0 0 0 0 0 0 X 0 0 0 0 0 X 0 X X 0 0 0 0 0 0 X 0 0 0 0 0 X 0 0 X 0 0 X X 0 0 0 0 X 0 0 0 0 0 0 0 X 0 0 0 0 0 X 0 X 0 0 0 0 X 0 0 0 0 X X 0 0 X 0 X 0 0 X 0 0 0 0 0 0 X 0 0 X X 0 X 0 0 X X 0 0 0 0 0 0 0 0 0 0 X 0 X X 0 0 0 X 0 0 0 X 0 0 X 0 X 0 0 0 0 X X 0 0 X 0 X 0 0 0 0 0 0 0 X X 0 0 0 X 0 0 X 0 0 0 0 0 0 0 0 0 0 0 0 0 X 0 X 0 0 0 0 0 0 X X X 0 0 0 0 0 X
X X 0 0 X 0 X 0 X X X 0 0 0 0 0 0 0 0 X 0 0 0 0 0 0 0 0 0 0 X 0 0 0 0 0 X X 0 0 0 X 0 0 X 0 0 0 0 0 X 0 0 0 0 0 X 0 0 0 0 X 0 X 0 0 0 0 X X 0 X 0 0 0 0 0 0 0 0 0 X 0 0 0 0 0 0 0 0 0 0 0 0 0 X X 0 0 0 0 0 0 0 X 0 X 0 0 0 0 0 0 0 0 0 X 0 0 X 0 0 0 0 0 X 0 0 0 X X 0 0 X 0 0 0 0 X 0 0 0 0 0 0 0 X 0 X X X 0 0 0 0 0 X 0 0 0 0 0 X 0 0 0 0 X 0 0 0 0 0 X 0 0 0 X 0 0 X 0 0 0 0 0 X 0 X 0 0 0 0 0 X X X 0 0 0 X 0 0 0 X 0 X X 0 0 0 0 X X 0 0 X X 0 0 X 0 0 0 X 0 0 0 0 0 X 0 0 0 0 0 X X 0 0 X X 0 0 X 0 0 0 X 0 0 0 0 X 0 0 0 0 X 0 X 0 0 0 X 0 X 0 X X 0 X 0 0 0 0 0 X 0 0 0 0 0 X 0 0 0 X 0 0 0 X 0 X 0 X X 0 0 0 0 0 0 0 0 0 X 0 X 0 0 0 0 0 X 0 0 0 X X 0 X X 0 0 0 X 0 0 X 0 0 0 0 X 0 0 0 0 X 0 0 0 0 0 0 0 0 0 0 0 0 0 0 0 0 0 X 0 0 0 0 0 0 0 0 0 0 0 0 0 0 0 X 0 0 0 0 0 0 0 0 0 0 X 0 X 0 X 0 0 X 0 0 X 0 X 0 X X
X X 0 X 0 X 0 0 0 0 0 0 X 0 0 0 0 0 0 0 0 0 0 X 0 0 0 0 0 0 0 0 0 0 0 0 0 X 0 0 0 0 0 0 0 0 0 0 X 0 0 0 0 0 X 0 X 0 0 0 0 0 0 0 0 0 0 0 0 0 0 0 0 0 0 0 0 0 0 0 0 X X 0 0 0 0 0 0 0 X 0 0 0 0 0 X 0 0 0 0 0 X X X 0 0 0 0 0 X 0 0 0 X 0 0 X 0 X 0 X 0 X 0 0 0 0 0 X X X 0 0 0 0 0 0 0 0 0 0 0 0 0 0 X 0 0 0 X X 0 0 0 0 0 0 0 0 0 0 0 0 0 X 0 0 X 0 0 0 0 X 0 X 0 0 X 0 0 0 0 0 0 0 X 0 0 0 0 0 0 0 X X X 0 0 0 0 0 0 0 0 0 0 X X 0 0 0 X 0 0 X 0 0 X 0 0 X X 0 0 0 0 X 0 0 0 0 0 0 0 0 X 0 0 0 0 0 0 0 0 X X 0 X 0 0 0 X 0 X 0 X X 0 0 0 0 X X 0 0 X X 0 0 0 0 0 0 0 0 X 0 0 0 0 0 0 0 0 0 X 0 0 X 0 0 0 0 0 0 0 X X 0 0 0 0 0 0 0 X 0 0 0 0 0 0 0 X 0 X 0 X 0 0 0 X X 0 0 0 X 0 X 0 0 X 0 X 0 0 X X 0 0 0 0 0 0 0 0 0 0 0 0 0 0 0 0 X 0 0 0 0 X X 0 0 0 0 0 0 0 0 0 0 0 X X 0 X 0 0 X 0 0 0 0 0 0 0 0 0 0 0 X 0 0 X 0 X X 0 X
X 0 0 0 0 X X X 0 0 0 0 X 0 X 0 0 0 0 0 0 X 0 0 X 0 0 0 0 0 0 0 X X X X 0 0 0 0 0 0 0 X 0 0 0 0 0 0 0 0 0 0 0 0 X 0 0 0 0 X 0 0 X 0 0 0 0 0 0 X 0 0 X 0 0 0 0 0 X 0 0 X X 0 X X 0 0 X 0 0 0 X 0 X 0 0 0 0 0 0 X 0 0 0 0 0 0 0 0 X 0 0 0 X X X 0 0 0 0 0 0 0 X 0 0 0 0 0 X 0 0 0 0 X 0 0 0 0 0 0 0 0 0 0 X X X X 0 0 0 0 0 0 0 0 X 0 0 0 0 0 X 0 0 0 0 0 0 0 0 0 0 0 0 0 0 X 0 0 0 0 X 0 X 0 0 X 0 0 0 0 0 X 0 0 0 X 0 0 0 0 0 0 0 X X 0 0 0 X 0 0 X 0 0 0 0 0 X 0 0 0 0 0 X 0 0 0 0 0 0 0 0 0 0 0 X 0 0 0 X X X 0 X 0 0 0 X 0 0 0 0 0 X 0 X 0 X X 0 0 0 0 0 0 0 X 0 X 0 0 0 0 X X 0 0 0 X 0 0 X X 0 0 0 0 0 0 X X 0 0 0 X 0 0 0 0 0 0 X 0 X 0 0 0 X 0 0 0 0 X 0 0 0 0 0 0 0 0 0 0 0 X 0 X 0 0 0 0 0 0 0 0 0 X 0 0 0 0 0 0 X 0 X 0 X 0 X 0 0 0 X 0 0 0 X 0 X 0 0 0 0 0 0 0 0 X 0 0 0 X 0 0 0 0 0 0 0 0 X 0 0 0 X X 0 X 0 0 0 0 X
X 0 0 0 0 0 0 0 0 0 0 0 0 0 0 X 0 0 0 0 0 0 0 0 0 X X 0 0 0 0 X 0 0 0 0 X 0 0 0 0 X 0 X 0 0 0 X X 0 0 0 0 0 0 0 X 0 0 0 0 0 X 0 0 0 0 X 0 0 X 0 X X X 0 0 0 X 0 X 0 0 0 0 0 0 0 0 X X X 0 0 0 0 0 0 0 0 0 X 0 0 X 0 X 0 0 0 0 0 X X 0 0 X X 0 X X 0 0 0 0 0 X 0 0 X 0 0 0 X 0 0 0 0 0 X 0 0 0 X 0 0 X 0 0 0 0 X 0 0 0 0 0 X 0 0 X X 0 0 0 X 0 0 0 0 0 0 0 0 0 0 0 0 0 0 X X 0 X 0 0 0 0 0 0 0 0 X 0 0 0 0 0 X 0 0 0 0 0 X 0 0 0 0 X 0 0 0 X 0 0 0 0 0 0 0 0 0 0 X X 0 0 0 0 0 0 X 0 0 0 0 0 0 0 0 0 0 0 0 0 X 0 0 0 0 0 0 X 0 0 0 0 X X 0 0 0 X 0 X 0 0 0 0 X 0 0 X 0 0 0 0 0 0 0 0 0 0 0 X 0 0 0 0 X 0 0 0 X 0 X 0 X 0 X X 0 0 X 0 0 0 0 X X 0 0 0 0 0 0 0 0 0 0 0 X 0 0 0 0 X 0 0 X X X 0 0 0 0 0 0 0 X 0 0 0 0 0 0 0 X X 0 X 0 0 0 0 X 0 X 0 0 0 0 0 X 0 0 X X 0 X 0 0 0 0 0 X 0 0 0 0 0 0 0 0 0 X 0 0 X 0 X X X 0 X X 0 0 X
X 0 0 0 0 X 0 X 0 0 X 0 X 0 0 0 0 0 0 0 X X 0 0 0 0 0 0 0 0 0 0 0 X 0 0 0 X 0 0 0 0 0 0 X X X 0 0 0 0 0 0 0 0 X X 0 X 0 X X 0 0 0 X 0 0 0 0 0 0 0 0 0 0 0 0 X 0 0 X 0 X 0 X X 0 0 0 X 0 0 0 0 0 0 0 X 0 X 0 0 X 0 0 0 0 0 0 X 0 X 0 0 0 X 0 0 0 0 0 0 0 X 0 X 0 0 0 0 0 0 X 0 0 0 X 0 0 0 0 0 0 0 0 0 0 0 0 0 0 0 0 0 0 X 0 0 X 0 X 0 0 0 X 0 0 X 0 0 0 0 0 X 0 0 X 0 0 0 0 0 0 0 X 0 0 0 X 0 X 0 0 0 0 0 X 0 X 0 X 0 0 X 0 0 0 0 0 0 0 0 0 X X 0 0 0 0 0 X X 0 0 0 0 0 0 X 0 X 0 X 0 0 0 0 0 0 0 0 0 0 0 0 0 X 0 0 0 0 0 0 0 0 0 0 0 0 0 0 0 0 0 X 0 0 X 0 0 X 0 X X 0 0 0 0 0 X 0 0 0 0 0 0 X 0 0 0 0 X 0 X 0 0 0 X 0 X X 0 0 0 X 0 0 0 0 0 0 X 0 X 0 0 0 0 0 0 0 0 0 0 X 0 0 0 0 0 0 0 0 0 0 0 0 0 0 0 0 0 0 0 0 0 0 0 0 0 0 0 0 0 0 0 0 X 0 0 0 X 0 0 X 0 0 0 X 0 0 0 X 0 0 0 X X X X 0 0 0 0 0 X 0 X 0 0 0 X 0 0 0 0 0 0 X
X X 0 X 0 X X 0 X 0 0 0 X X 0 0 0 0 0 X X 0 0 0 0 0 0 X 0 0 0 X X X X 0 X 0 0 0 0 X 0 0 0 0 0 0 0 0 0 0 0 0 0 X 0 X 0 0 0 0 0 0 0 X 0 0 0 0 0 0 0 0 0 0 0 0 0 0 0 0 0 0 0 X 0 0 0 X 0 0 0 0 0 0 0 0 0 0 0 0 0 0 0 0 X 0 0 0 0 0 0 0 0 0 0 0 0 0 0 X 0 0 0 X 0 0 X 0 0 0 0 0 0 0 0 X 0 0 0 0 X 0 X 0 0 0 0 X 0 0 X 0 X 0 0 0 0 0 X 0 0 0 0 0 X 0 0 0 0 0 0 0 0 0 0 0 0 0 X 0 0 0 0 0 0 X 0 0 0 0 0 X 0 0 0 0 0 0 0 0 0 0 0 0 X 0 0 0 0 0 0 0 0 0 0 0 0 0 0 0 0 0 0 0 X 0 0 0 0 0 X 0 0 X 0 0 0 X 0 0 0 0 X 0 0 0 0 X 0 0 0 X 0 0 0 0 0 0 0 X 0 X 0 0 0 X 0 0 X 0 0 0 X 0 0 0 0 0 0 X 0 X X 0 0 0 0 X 0 X 0 0 0 0 0 0 0 X X X 0 X 0 X 0 0 0 X X 0 0 X 0 0 0 0 0 0 X X 0 0 0 0 X 0 0 0 0 0 X 0 0 0 0 0 0 0 0 0 0 0 0 0 0 X 0 0 0 0 0 0 0 0 0 0 0 X X 0 X X 0 0 0 0 0 0 0 0 0 0 0 0 0 0 0 0 0 0 0 0 0 0 0 0 X X X 0 0 0 0 0 0 0 0 X
X 0 0 0 0 0 0 0 0 X X 0 0 0 X 0 X 0 0 0 0 0 X X 0 0 0 X 0 X 0 0 0 0 X 0 0 0 0 0 0 X 0 X 0 X X 0 X 0 0 0 X 0 0 X 0 0 0 0 0 0 0 0 X 0 0 0 0 X 0 0 0 0 0 0 X 0 0 0 X 0 X 0 0 0 0 0 0 0 X 0 0 0 0 0 0 0 0 0 0 0 0 0 0 0 0 0 X 0 0 X 0 0 0 0 0 0 0 X 0 0 X 0 0 0 0 0 X 0 X 0 0 0 X 0 0 X 0 0 0 0 0 0 0 0 0 0 0 0 0 0 0 0 0 0 0 0 X X 0 0 0 X 0 X X 0 0 0 0 0 X X X 0 0 0 0 0 0 0 0 0 X X X 0 0 0 0 0 0 0 0 0 0 0 0 0 0 0 0 0 0 X 0 0 0 0 X 0 0 0 0 0 0 0 0 X 0 0 X 0 0 0 0 0 0 0 0 0 0 0 0 0 0 0 0 0 X 0 0 0 0 0 0 0 0 0 X 0 0 0 0 X 0 0 X X 0 0 X 0 0 0 0 0 X X 0 0 0 0 0 0 0 0 0 0 0 0 0 0 0 X 0 0 0 X 0 0 0 0 0 0 0 0 0 0 0 0 X 0 0 0 0 0 0 0 0 0 0 0 0 X 0 0 0 0 0 0 0 X 0 X 0 0 0 0 0 0 0 0 0 0 X 0 X 0 X 0 0 0 0 X 0 0 0 0 X 0 0 0 0 0 X 0 0 0 X 0 0 0 0 0 0 X 0 0 0 X X X 0 X X 0 0 0 X 0 X X 0 0 0 0 0 X 0 0 0 0 0 0 X X 0 X
X 0 X 0 X X 0 0 X 0 0 0 0 0 0 0 0 0 0 0 0 0 0 X 0 X 0 0 0 X 0 X 0 0 0 0 0 0 0 0 0 0 0 X 0 0 0 0 0 X 0 0 0 0 X 0 X 0 0 X 0 0 0 0 0 0 0 0 0 X X 0 0 0 0 0 0 X 0 0 0 0 0 0 0 0 0 0 0 0 0 X 0 0 0 0 0 X 0 0 0 0 0 0 0 X 0 0 0 0 0 0 X 0 X X X 0 X 0 0 0 0 0 X 0 0 0 X 0 X X 0 0 0 X 0 X 0 0 0 0 0 X 0 0 0 0 0 0 X X 0 0 0 0 X 0 0 X X 0 X X X X X X 0 0 0 0 0 0 X 0 X 0 0 0 0 0 0 0 0 0 0 0 0 0 X 0 0 0 0 0 0 0 0 0 0 X 0 0 0 X 0 0 0 0 0 0 0 0 0 0 X 0 0 0 0 X 0 0 0 0 0 0 X 0 0 0 0 0 0 0 0 0 X 0 X 0 0 0 0 0 X 0 0 X 0 0 0 X 0 X X 0 0 0 0 0 0 0 X X X X 0 0 0 0 X X X 0 0 0 0 0 0 0 0 0 0 0 0 0 0 X 0 0 0 X X 0 0 0 0 0 0 0 0 0 0 0 X 0 0 0 0 0 0 0 0 X 0 X 0 0 X 0 0 0 0 0 0 0 0 X 0 0 0 0 0 0 0 X X 0 X X 0 0 0 X X 0 0 0 X 0 X X X 0 0 0 0 0 0 0 0 0 0 0 0 0 0 0 0 0 X X 0 0 0 0 0 0 X 0 0 0 0 0 0 0 0 X 0 0 0 0 0 0 0 0 0 X
X 0 X 0 0 0 0 0 X 0 X 0 0 X 0 0 0 0 X X 0 0 0 0 0 0 0 0 0 0 0 0 0 0 0 0 0 0 0 0 0 X 0 0 X X 0 X 0 X 0 0 0 0 0 X X 0 0 0 X 0 0 0 0 0 X 0 X X 0 0 0 0 0 X 0 0 0 0 0 0 X 0 0 X 0 0 0 0 0 0 0 X 0 0 X 0 0 0 0 0 0 0 0 0 0 X 0 0 0 X 0 0 0 0 X 0 0 X X X 0 0 0 X 0 0 X 0 0 0 0 X 0 0 0 0 X X X 0 0 0 0 0 0 0 X 0 0 0 0 0 0 0 0 0 0 X 0 X X X 0 X 0 X X 0 0 X 0 0 0 X 0 X 0 0 0 0 0 X 0 0 X 0 0 0 0 0 X 0 X 0 0 X 0 0 0 0 0 0 0 0 X 0 0 0 X 0 0 X 0 0 0 0 0 X 0 0 0 0 0 0 0 0 0 0 X X 0 0 X 0 0 X 0 0 0 0 0 0 X 0 0 0 0 0 0 0 0 0 0 0 0 0 0 0 0 0 0 X 0 X 0 0 0 0 X 0 0 0 0 X 0 0 0 0 0 0 0 X X X 0 0 0 0 0 0 0 0 X 0 0 X 0 X 0 X 0 0 0 0 0 0 0 X 0 0 0 0 0 0 0 0 X 0 0 0 0 0 0 X X 0 0 0 0 0 0 0 0 0 0 0 0 0 0 0 0 0 X 0 0 0 0 X 0 X X 0 0 0 0 0 0 0 X X 0 X 0 X 0 0 0 0 X 0 0 X 0 0 0 0 X 0 0 0 X 0 0 0 0 0 0 0 0 X 0 0 0 0 0 X X X
X 0 0 0 X X 0 0 X 0 X 0 0 0 0 0 0 X 0 0 0 0 0 0 0 0 0 0 0 X 0 0 0 0 X 0 0 0 0 X 0 0 0 0 X X 0 0 0 X 0 0 0 0 X 0 0 0 0 0 0 0 0 0 0 0 0 0 0 0 0 0 X 0 0 0 0 0 0 0 0 X 0 0 0 0 0 X 0 0 0 X 0 0 0 0 0 0 0 X 0 X 0 0 X 0 0 0 0 0 0 0 0 0 0 0 0 0 0 0 0 0 0 0 0 0 X 0 0 X 0 0 X 0 0 0 0 0 0 0 0 0 X 0 0 0 X X 0 0 0 0 0 0 X 0 X 0 X 0 0 0 0 0 0 0 0 0 X 0 X 0 X 0 0 X X 0 0 X X 0 X 0 0 X 0 X 0 X 0 0 0 0 0 0 0 X 0 0 0 0 0 0 0 0 X 0 0 X X 0 0 0 0 X X 0 0 0 0 X X 0 X X 0 0 0 X 0 0 X 0 0 0 0 0 0 0 0 0 0 0 X 0 X 0 0 X 0 0 0 0 0 0 0 0 X 0 X X 0 0 0 0 0 X 0 X 0 0 0 0 0 0 X 0 X 0 0 0 X 0 0 0 0 0 X 0 0 0 0 X 0 0 X 0 0 0 0 0 0 0 X 0 0 0 0 X X 0 0 0 X 0 X X X 0 0 X X X 0 0 0 X X 0 0 0 0 0 0 0 0 0 0 0 0 0 0 0 X 0 0 X 0 0 0 0 0 0 0 X X 0 0 0 0 0 0 X 0 X 0 0 0 0 0 X X 0 X 0 0 X 0 0 0 X X 0 X 0 X 0 0 0 0 0 0 0 0 X 0 0 0 X
X 0 X 0 0 0 0 0 0 0 0 0 0 0 X 0 0 X 0 0 0 X X X X 0 0 X 0 0 0 X X 0 0 0 0 X 0 0 0 X 0 0 0 X 0 X X 0 0 0 0 0 X 0 0 0 0 0 X 0 0 X 0 X 0 X 0 X 0 0 0 X 0 0 0 0 0 0 0 X 0 0 X 0 0 0 0 0 0 0 X 0 0 X 0 0 0 0 0 0 0 0 0 0 0 0 0 0 0 0 0 0 X 0 0 0 0 0 0 0 X 0 0 0 0 0 0 X 0 0 0 0 0 0 0 0 0 0 0 0 0 0 0 0 0 X 0 0 0 0 0 0 0 0 0 0 X X 0 X 0 X 0 0 0 0 0 0 X 0 X 0 X X X 0 X 0 0 0 0 0 0 X 0 0 X 0 0 X 0 0 0 X 0 X 0 0 X 0 0 0 0 0 0 X 0 0 X 0 0 0 X X X 0 X 0 X 0 0 0 0 0 0 X 0 0 X 0 X 0 0 0 X 0 0 0 0 0 0 X X 0 0 0 0 0 0 X 0 0 X 0 X X 0 0 0 0 X X 0 0 0 X 0 0 0 0 0 0 X X 0 0 0 0 0 0 0 0 0 0 0 X 0 0 0 0 X 0 0 X 0 0 0 0 0 0 0 0 0 0 X X 0 0 0 0 0 0 0 0 0 0 0 0 X X 0 0 0 0 0 0 0 0 0 0 X X 0 0 0 0 X 0 0 0 0 0 0 0 X 0 X 0 0 0 0 0 0 0 X 0 0 0 0 0 0 0 0 0 0 0 X 0 X 0 0 X 0 0 0 0 X X 0 0 0 0 X 0 0 0 0 0 0 0 0 0 0 0 X X 0 X
X 0 X 0 X 0 X 0 0 0 0 0 0 0 0 0 0 0 0 X 0 0 0 0 0 0 0 0 X X 0 0 0 0 0 0 0 0 0 0 0 0 0 0 X 0 X 0 X X X 0 X X 0 0 0 X 0 0 0 X 0 0 X 0 0 0 0 X X 0 X X 0 X 0 0 0 0 0 X 0 0 0 0 X 0 X X 0 0 0 0 X 0 X X 0 0 0 0 0 0 X 0 0 0 0 0 0 X X 0 0 0 X 0 X 0 X 0 X 0 X 0 0 0 X 0 X 0 0 0 X 0 X 0 0 0 0 0 0 0 0 X 0 0 0 X 0 0 0 0 0 0 0 0 0 0 0 0 0 0 0 0 0 X X 0 X X 0 0 0 X 0 X 0 0 0 0 0 0 0 0 X 0 0 X 0 0 0 0 X X 0 0 0 0 0 0 0 X 0 0 0 0 0 0 X 0 0 X 0 0 0 0 0 0 0 X X 0 0 0 0 0 0 0 0 0 X X X X 0 0 0 X 0 X 0 0 0 X 0 0 0 0 0 X X 0 0 0 0 0 0 0 0 0 X 0 0 0 X X 0 0 0 0 0 X 0 0 0 0 0 X 0 0 0 0 X X 0 X X X 0 0 X X 0 0 0 0 0 0 0 0 X 0 0 0 0 0 0 0 0 0 0 0 0 0 0 0 X 0 0 0 0 0 0 0 0 0 0 0 0 0 0 0 0 0 X X 0 0 X X X X 0 0 0 0 X 0 X 0 0 0 X 0 X 0 X 0 0 X 0 0 0 0 0 0 0 0 0 X X 0 0 0 0 X 0 0 0 0 0 0 0 X 0 0 0 0 0 0 0 0 0 0 0 0 X X
X 0 0 0 0 0 0 0 0 0 X 0 0 0 0 0 X X 0 0 X 0 0 0 X 0 0 0 0 X 0 0 X 0 0 0 0 0 0 0 0 0 0 0 0 0 0 0 X 0 0 0 0 0 0 X X 0 0 X X 0 X 0 0 0 0 X 0 0 0 0 X 0 0 0 X X 0 0 0 0 0 0 X 0 X 0 0 0 0 0 0 0 0 0 X 0 X X 0 0 0 0 0 0 0 0 0 0 0 X 0 0 X 0 0 0 0 0 0 0 0 0 0 X 0 0 0 0 X 0 0 0 X 0 0 X 0 0 0 0 0 0 0 X 0 0 0 0 0 0 X 0 0 0 X 0 0 0 0 0 0 0 0 0 0 0 0 X 0 0 0 0 X 0 0 0 0 0 X 0 0 0 0 0 X X 0 0 0 X 0 X 0 0 0 0 0 0 0 0 0 0 X 0 X 0 0 0 X 0 0 0 0 0 0 X 0 0 0 0 0 0 X X 0 0 0 0 0 0 X 0 0 0 0 X 0 0 0 0 0 X 0 0 0 X 0 X 0 0 0 0 0 0 0 0 0 0 X 0 X 0 X 0 0 0 0 0 0 0 0 0 0 0 X 0 0 0 0 0 0 0 0 0 X 0 0 0 0 0 0 0 X 0 0 0 X 0 0 0 0 0 0 0 0 0 0 X X 0 X 0 X 0 X 0 0 0 0 X 0 0 0 X 0 0 0 0 0 0 0 0 X 0 0 0 X 0 X 0 0 0 0 0 0 X 0 0 0 0 0 0 0 0 0 0 0 X 0 0 0 0 X 0 0 X 0 0 0 0 0 0 0 0 0 0 0 0 0 0 0 0 0 0 X 0 0 0 0 0 0 X 0 0 X 0 0 X
X 0 X 0 0 X 0 0 X X X X 0 0 0 0 0 0 0 0 0 0 0 X 0 0 X 0 0 0 0 0 0 0 X 0 0 X 0 0 0 0 0 0 X X 0 0 0 0 0 0 0 0 0 0 0 X 0 0 0 0 0 0 0 0 0 0 0 0 0 0 0 X 0 0 0 0 X 0 0 X 0 0 0 X 0 0 0 X 0 0 0 0 0 0 X 0 0 0 0 X 0 0 X 0 0 0 0 0 0 0 0 0 0 0 0 0 0 0 0 0 0 0 X 0 0 0 0 0 X 0 0 0 0 0 0 0 X X 0 0 0 0 0 0 0 X X 0 0 X 0 0 0 0 0 X 0 0 0 0 0 X 0 0 0 0 0 X 0 X 0 X 0 0 0 X 0 0 0 X 0 0 X 0 0 0 0 0 0 0 0 0 0 0 0 0 0 0 X 0 0 0 0 0 0 0 X 0 0 0 0 0 X 0 0 0 0 X 0 0 X 0 0 0 0 0 0 0 0 0 0 0 X 0 0 0 X 0 0 0 0 0 X 0 0 0 0 0 0 0 X X 0 0 X 0 0 0 0 0 0 X 0 0 0 0 X 0 0 0 0 0 0 0 0 0 0 0 0 0 0 0 0 0 0 0 0 0 0 0 X 0 0 0 0 0 0 X 0 0 0 0 0 0 0 0 0 0 0 0 0 0 X X 0 0 X 0 0 0 0 0 0 0 0 X 0 0 0 0 X 0 X X 0 X 0 0 0 0 0 X 0 0 0 0 0 X 0 0 0 0 0 X 0 X 0 X X 0 0 0 0 0 0 X X 0 X 0 X 0 0 0 0 0 0 0 0 0 X 0 0 0 0 0 0 0 0 X 0 X X 0 0 X 0 X
X X 0 0 0 0 0 0 0 0 0 0 0 0 0 0 0 0 X 0 0 0 X 0 X 0 0 0 0 X X 0 0 0 0 X 0 0 0 0 0 0 0 0 0 X 0 0 0 0 0 0 0 0 0 0 0 0 X 0 X 0 0 X 0 0 0 X 0 0 0 0 0 0 0 0 X 0 X 0 0 0 0 0 0 0 0 0 0 0 X 0 0 0 X X 0 0 0 0 0 X 0 X 0 0 X 0 X 0 X 0 0 X 0 0 X 0 0 X 0 0 0 0 0 0 0 0 0 X 0 0 X 0 X 0 0 0 X 0 0 0 X 0 0 0 0 X 0 0 0 0 0 0 0 0 0 0 X 0 0 0 0 X X 0 0 0 0 0 0 0 0 X 0 0 0 X 0 0 0 0 0 X X 0 0 0 0 0 0 0 0 0 0 0 0 0 0 X 0 0 X 0 0 X 0 X 0 0 X 0 X 0 0 0 0 0 0 0 X 0 0 0 0 0 0 0 0 0 0 0 0 0 X 0 X 0 0 0 0 0 0 0 0 0 0 0 0 0 0 0 0 0 0 0 X 0 0 0 0 0 0 0 0 0 0 X 0 0 0 0 0 0 0 0 0 0 0 0 0 0 0 0 0 X 0 0 0 0 0 0 0 0 X X 0 0 X 0 0 0 0 0 X 0 0 0 0 0 0 0 0 0 0 X X 0 0 X 0 X 0 X 0 0 0 0 0 0 0 0 X 0 0 0 0 X X 0 0 0 0 0 0 0 0 X 0 0 0 0 0 0 0 0 0 0 X 0 X 0 X 0 X 0 0 0 0 0 0 0 0 0 0 X 0 0 0 0 0 X 0 0 0 0 0 X X 0 X 0 X 0 0 0 0 X 0 X
X 0 0 0 0 0 0 0 0 0 X 0 0 0 0 X 0 0 0 0 X X X 0 0 0 X 0 0 0 0 0 0 0 0 0 0 0 0 0 0 0 X 0 0 0 X 0 0 0 0 0 X 0 0 0 0 X X 0 0 0 0 0 0 0 0 0 X 0 0 0 0 0 0 0 0 0 0 0 0 X 0 0 X X 0 0 0 0 0 0 0 0 X 0 0 0 0 X 0 0 0 0 0 0 0 0 X 0 0 0 0 0 X 0 0 0 X 0 0 0 X X 0 0 0 0 0 0 0 0 0 0 0 0 X 0 0 0 0 0 0 X X X X X 0 0 0 0 0 0 0 0 0 X 0 X 0 0 0 X 0 0 X 0 0 X 0 0 0 0 0 0 0 0 0 X 0 X X 0 0 X 0 0 X 0 0 0 0 0 X 0 0 X 0 0 0 0 0 0 0 0 0 0 X 0 X 0 0 0 0 0 X 0 0 0 0 X X 0 0 0 0 0 0 0 0 0 0 X X X X 0 0 0 0 0 0 0 0 0 0 0 0 0 X 0 0 0 0 X 0 0 0 0 X X 0 0 0 0 0 0 0 0 0 0 X 0 0 0 0 0 X 0 X 0 0 0 0 0 0 0 0 0 0 0 0 0 0 X X 0 0 X 0 0 X 0 X 0 0 X 0 X 0 X 0 0 0 0 0 0 X 0 0 0 0 0 0 0 X 0 0 0 0 X 0 X 0 X X 0 X 0 0 0 0 X 0 0 0 X X 0 0 0 X 0 0 0 0 X 0 0 0 0 0 0 X 0 0 0 0 0 0 0 0 0 0 0 0 0 0 0 0 0 0 X X 0 0 X 0 0 X 0 0 X X 0 0 0 0 X
X 0 X 0 0 0 0 0 0 0 0 0 0 0 0 X X 0 0 0 0 X 0 X X 0 0 X 0 0 0 0 X X 0 X 0 0 0 0 X 0 0 0 X 0 0 0 0 0 0 0 0 0 0 0 0 0 0 0 0 0 0 0 0 0 0 0 0 X 0 0 0 0 X X 0 0 0 0 0 0 0 0 0 X 0 0 0 0 0 0 0 0 0 0 0 X 0 0 0 X 0 0 0 0 X 0 0 0 0 X X X 0 X X 0 0 0 0 0 0 0 0 X 0 0 0 0 0 0 0 0 0 0 0 0 0 0 0 0 0 0 0 0 0 0 0 0 X 0 X 0 0 0 X 0 0 0 0 X 0 0 0 0 0 0 0 0 0 0 0 0 X X 0 0 0 0 0 0 0 0 0 0 0 0 0 0 0 X 0 X X 0 0 0 X X 0 0 X 0 0 0 0 0 0 0 0 0 X 0 0 0 0 X 0 X 0 0 0 0 0 0 0 0 0 X 0 0 0 0 X 0 0 X 0 0 0 0 0 0 0 0 0 0 0 0 0 0 0 0 X 0 0 0 0 0 0 0 0 X 0 0 0 0 X 0 0 0 0 0 X 0 0 0 0 0 X 0 0 0 0 0 0 0 X X 0 X 0 0 0 0 0 0 0 0 0 0 0 0 X X 0 X 0 0 0 X 0 0 0 X 0 0 X 0 0 X 0 0 0 0 0 0 0 0 0 X X 0 0 0 0 0 0 0 0 0 0 0 0 0 0 0 0 0 0 0 X 0 X X 0 0 X 0 X 0 0 X X 0 0 0 0 0 0 0 0 0 0 0 0 0 0 0 0 X 0 0 0 X X 0 0 0 X 0 0 0 0 0 X 0 0 X
X 0 0 0 0 0 X 0 0 0 0 0 0 0 0 0 0 0 0 0 X 0 X 0 0 0 0 0 X 0 X X 0 X 0 0 0 0 0 0 0 X 0 X 0 0 0 0 0 0 0 0 0 0 0 0 0 X 0 0 0 0 X 0 0 0 0 0 X 0 X 0 0 0 0 X X X 0 0 0 0 0 0 0 0 0 X 0 0 0 0 X 0 0 0 0 0 X 0 0 0 0 0 X 0 X X 0 X X 0 X 0 0 0 0 0 0 X X X 0 X X 0 0 0 X X 0 0 X X 0 0 X 0 0 X 0 0 0 X 0 0 0 0 0 0 0 0 X 0 X X 0 0 0 X 0 X 0 0 X 0 0 0 0 0 0 X 0 X 0 X 0 0 0 X 0 0 0 X 0 X 0 0 0 0 0 0 0 0 X 0 0 0 0 0 0 X 0 0 0 0 0 0 0 0 0 0 X 0 0 0 0 0 0 0 X X 0 X 0 0 0 0 0 0 0 X X 0 0 0 X 0 0 0 0 X X X 0 X 0 0 X 0 0 X 0 0 0 0 0 0 0 0 0 0 0 0 0 X 0 0 0 0 X 0 0 0 X 0 0 X 0 0 0 0 0 0 X X X 0 0 0 X 0 0 0 0 0 0 0 0 0 X 0 0 X X 0 0 0 0 0 X X X X 0 0 X 0 0 0 0 0 0 X X 0 0 X X 0 0 X 0 0 0 0 X 0 0 0 0 X 0 X 0 0 0 0 0 X X 0 0 0 0 X 0 0 0 0 0 0 0 0 0 0 0 0 0 0 0 0 X 0 0 0 0 0 0 0 0 0 0 0 0 0 0 X 0 0 0 0 X 0 0 0 X 0 0 X
X X 0 0 0 X 0 0 0 0 0 0 0 0 0 0 X 0 0 0 0 X 0 0 0 0 0 0 X 0 X 0 0 X 0 0 0 0 X 0 0 0 0 X 0 X 0 0 X 0 X 0 X X 0 0 0 X 0 0 X 0 X X 0 0 0 0 0 0 0 0 0 X 0 0 0 X 0 0 0 0 0 0 0 0 0 0 0 X 0 0 0 0 0 0 0 0 0 0 0 0 0 X X 0 0 0 0 0 0 0 0 X 0 0 X X 0 0 0 0 X 0 0 X 0 0 0 X X 0 X 0 X 0 X 0 0 0 0 0 0 X X 0 0 X 0 0 X 0 X 0 0 0 0 X 0 0 0 0 0 0 0 X 0 X 0 0 0 X X 0 0 X 0 0 0 0 0 0 0 0 0 0 0 0 X 0 0 0 X 0 X X X 0 X 0 0 0 0 X 0 0 0 X 0 0 0 0 0 0 0 0 0 0 0 0 0 X 0 0 0 X 0 0 0 0 0 0 X 0 0 0 0 0 0 0 0 0 0 0 0 0 0 X X 0 0 X 0 0 0 0 0 0 0 0 0 0 X 0 0 0 0 0 0 0 0 0 0 0 0 0 X 0 0 0 0 0 X 0 0 X 0 0 0 0 X 0 0 0 0 0 0 0 X X X X 0 0 0 0 0 X 0 0 X 0 0 X 0 0 0 0 0 0 0 0 0 X 0 0 0 0 0 0 0 0 0 0 0 0 0 0 0 0 0 0 X 0 X 0 0 0 0 0 0 0 0 0 X 0 0 X X 0 0 0 X 0 0 0 0 X 0 0 X 0 0 0 X X 0 0 X 0 0 0 0 X X X 0 0 X X 0 0 0 0 0 X X 0 0 X
X 0 0 0 0 0 0 0 0 0 0 0 X X 0 0 X 0 0 0 X 0 0 0 0 0 0 0 X 0 0 0 0 X 0 X 0 X 0 0 0 0 0 X X 0 X 0 0 X X 0 0 0 0 0 0 0 0 0 0 0 0 0 0 X 0 0 X 0 0 0 0 X 0 0 0 0 0 0 0 0 0 0 0 0 0 0 0 0 X 0 0 0 0 0 0 0 0 X X 0 0 0 0 0 0 X 0 X 0 0 0 0 0 0 0 X 0 0 0 0 X 0 0 0 0 0 X 0 0 X 0 X 0 0 X X 0 X 0 X 0 X 0 0 X 0 0 0 0 0 X X 0 0 0 X 0 0 0 0 X X 0 0 0 0 X 0 0 X 0 0 0 0 X 0 0 0 0 0 0 0 0 0 0 0 0 0 0 0 0 0 0 0 0 0 0 0 0 0 0 0 0 0 0 0 0 X 0 0 X 0 0 0 0 0 0 X 0 0 0 0 0 0 0 0 0 0 0 X 0 0 0 0 X 0 0 0 X X 0 X 0 0 0 0 0 X 0 0 0 0 X X 0 0 0 0 0 X 0 0 0 0 X 0 X X X 0 0 0 0 X 0 X 0 0 0 0 0 0 0 X 0 0 0 0 0 0 0 0 0 0 0 0 0 0 0 0 0 0 0 0 0 0 0 0 0 X 0 0 X X 0 0 X X 0 0 0 0 0 0 0 0 0 0 0 0 0 0 0 0 0 0 0 0 0 0 0 0 0 0 X X X 0 0 0 X X 0 0 0 X 0 0 X 0 0 0 0 0 0 0 0 0 0 0 0 0 0 0 0 0 0 X 0 0 0 X X X 0 0 0 0 X 0 0 0 0 0 0 0 0 X
X 0 0 0 0 0 0 X 0 0 X X 0 0 0 0 0 X 0 0 0 0 0 0 0 0 0 X X X 0 0 0 X 0 0 0 X 0 0 0 0 0 0 0 0 X 0 0 0 0 0 0 X 0 0 X 0 X 0 0 X 0 0 0 0 0 0 0 X 0 0 0 0 0 0 0 0 0 0 0 X X 0 0 0 0 0 0 0 0 0 0 X 0 0 0 0 0 0 0 0 0 X 0 0 X 0 0 X 0 0 0 0 X X 0 0 X 0 0 0 X X 0 0 0 X 0 0 0 0 0 0 0 0 0 0 0 0 0 0 X 0 0 X X 0 0 0 0 0 0 0 X 0 0 0 0 0 0 0 X 0 0 0 0 X 0 0 0 0 X 0 0 0 0 X 0 0 0 0 0 0 0 0 0 0 0 X 0 X 0 0 0 0 0 X X 0 0 X X 0 0 0 0 0 0 0 0 0 0 0 0 0 0 0 0 0 0 0 0 0 0 0 0 0 X 0 0 0 0 0 0 0 0 0 0 0 0 0 X 0 0 0 X 0 0 0 0 0 0 0 0 0 0 0 0 0 0 0 0 0 0 0 X X X 0 0 0 0 X 0 0 X 0 0 0 0 0 0 0 X 0 X 0 0 0 0 0 0 0 0 0 0 X 0 X 0 0 X 0 0 0 0 0 0 X 0 0 0 0 0 0 X X 0 0 0 X 0 0 0 0 0 X 0 0 0 X 0 0 0 0 X 0 X 0 0 0 0 0 0 0 X 0 0 X 0 X 0 0 0 X 0 0 0 0 0 0 0 0 X X 0 0 0 X 0 X 0 0 0 X 0 0 0 0 0 0 0 0 0 0 X 0 0 0 0 0 0 X 0 0 0 0 X X
X 0 0 X X 0 0 0 X X 0 0 0 X 0 0 X X 0 0 0 0 0 0 0 X 0 0 0 0 0 0 0 X 0 0 0 X 0 X 0 0 0 0 0 0 0 0 X 0 0 X 0 X 0 0 0 0 X 0 0 0 0 0 X 0 0 0 0 0 X 0 0 0 X 0 0 0 0 X 0 0 0 0 0 0 0 0 X 0 0 0 X 0 0 0 0 0 0 0 0 0 0 0 0 X 0 0 0 0 0 0 X 0 0 0 0 X 0 0 0 0 X 0 0 0 0 0 0 X X 0 0 0 0 0 X 0 0 0 0 0 0 0 0 0 0 0 X 0 0 X 0 0 0 0 0 0 0 0 0 X 0 0 0 0 0 0 0 0 0 0 0 0 X 0 0 0 X 0 0 X 0 0 0 0 0 X 0 0 0 0 0 0 0 0 0 0 0 0 0 0 0 0 0 0 0 0 0 0 0 0 0 0 0 X 0 0 X 0 0 0 0 X 0 X 0 X X 0 X X 0 0 0 0 0 0 0 0 X 0 0 0 0 0 0 0 0 0 0 X 0 X 0 0 0 0 0 0 0 0 0 0 0 0 0 0 0 0 0 0 X 0 X 0 0 0 0 0 0 0 0 0 0 0 X 0 0 0 X 0 X 0 0 0 0 X 0 0 0 0 0 0 0 0 0 0 0 0 0 0 0 0 0 0 0 0 X X 0 0 0 0 0 0 0 0 X 0 0 X 0 0 0 X 0 0 0 0 0 0 X X 0 0 0 0 0 0 0 0 0 0 0 X 0 X 0 0 0 0 0 0 0 X 0 X 0 X X 0 X 0 0 0 0 0 0 0 0 0 0 0 0 0 0 0 0 0 0 0 0 0 0 X 0 X 0 X
X X 0 0 0 0 0 X X 0 0 0 0 X 0 0 0 0 0 0 0 X 0 X 0 0 X 0 0 X 0 X 0 0 0 X X 0 0 X 0 0 0 X 0 0 0 0 0 0 0 0 0 X 0 X 0 0 X 0 0 X 0 0 0 X X 0 X 0 X 0 X 0 0 0 0 0 0 0 0 0 0 0 0 X 0 X 0 X 0 0 0 0 X 0 X 0 0 0 0 X 0 0 X 0 0 0 0 0 0 0 0 0 0 X 0 X 0 0 0 X 0 X 0 0 0 0 0 0 0 X 0 0 0 0 0 0 0 0 X 0 0 0 0 0 0 0 0 0 0 0 0 0 0 0 0 X 0 X 0 0 X X 0 X X X 0 0 0 0 0 0 0 0 0 0 0 0 0 0 0 X X 0 X 0 X 0 0 0 0 0 0 0 X X 0 0 X 0 X 0 0 X 0 0 0 0 0 0 0 X X X 0 0 0 0 0 0 0 0 0 0 0 X X 0 0 0 0 0 0 X X 0 0 X 0 0 0 0 X 0 X 0 0 X 0 0 0 X 0 X 0 0 0 0 X 0 0 0 0 0 X 0 0 0 0 0 X X 0 0 0 0 X 0 0 X 0 0 0 0 0 0 0 0 X 0 X 0 0 X 0 0 0 X 0 0 X 0 0 0 0 0 0 0 0 X 0 0 0 0 X 0 0 X 0 0 X 0 0 0 0 0 0 0 0 X 0 0 X X 0 0 0 X X 0 0 0 X 0 0 0 0 0 0 0 0 X 0 0 X 0 0 0 0 0 0 X X 0 0 0 0 X 0 0 0 0 0 X 0 0 X 0 0 0 X 0 X 0 X 0 X X X X 0 0 X 0 0 0 X X
X 0 X 0 0 0 0 0 0 0 0 0 0 X 0 X 0 0 0 0 0 0 X 0 0 0 0 0 0 0 0 0 0 0 0 0 0 0 X 0 0 0 0 0 X X 0 0 X 0 0 0 0 0 X 0 X 0 0 0 0 0 X 0 0 0 X 0 0 0 0 0 0 0 X 0 0 0 0 X 0 0 0 0 X 0 X 0 0 X 0 X 0 X 0 0 0 0 0 0 0 0 X 0 0 0 0 0 0 0 0 X 0 X 0 0 0 X 0 0 0 0 0 0 0 X 0 0 X 0 0 X 0 X 0 0 0 0 0 0 X 0 X 0 0 0 0 X 0 0 X 0 0 0 0 0 0 0 0 0 0 X 0 0 0 0 0 0 0 0 0 0 0 0 0 0 0 0 X 0 0 0 0 0 0 X 0 0 0 X 0 0 0 0 0 0 0 0 0 0 0 0 0 0 0 0 X 0 0 0 X 0 0 0 X 0 X 0 0 0 0 0 0 0 0 0 0 0 0 0 0 0 0 X X 0 0 0 0 0 0 0 0 X 0 0 0 0 0 0 0 0 0 0 0 0 0 X 0 0 X 0 0 0 X 0 0 0 0 0 0 0 0 0 0 0 X 0 0 0 0 0 0 0 X 0 X 0 0 0 X 0 X X 0 X 0 0 0 X 0 X X 0 0 0 0 0 0 X X 0 0 0 0 X 0 0 0 0 X 0 0 X 0 0 X 0 0 0 0 0 0 0 X 0 X 0 0 0 0 0 X X 0 0 0 X X 0 X 0 0 0 X X X 0 0 0 0 0 X 0 0 0 0 0 0 0 0 X 0 0 0 0 0 0 0 0 0 0 X X 0 0 0 0 0 0 0 0 0 0 0 0 0 0 X X
X 0 0 0 0 0 0 0 0 0 0 X 0 0 0 0 0 0 0 0 0 0 X 0 X 0 0 0 0 0 0 0 0 0 0 X 0 0 0 0 0 0 0 0 0 0 0 0 0 0 0 0 0 X 0 0 X 0 0 0 X X 0 0 X 0 X 0 0 0 0 0 0 0 X 0 0 0 X 0 0 X 0 0 0 0 0 0 0 0 0 0 0 0 0 0 0 0 0 0 0 0 0 X 0 0 0 0 0 0 0 0 0 0 0 0 0 X 0 0 0 0 0 0 0 X X 0 0 X 0 X X 0 0 0 0 X X 0 0 X 0 X 0 0 0 0 0 0 0 X 0 0 X 0 0 0 0 X 0 X 0 0 0 0 0 0 0 0 0 0 X 0 0 0 0 0 0 0 0 0 0 0 0 0 0 X 0 0 X X 0 0 0 0 0 0 0 0 0 0 0 X X 0 0 0 0 X 0 0 0 X 0 0 0 X 0 0 0 X 0 0 0 0 0 0 0 X 0 0 0 0 0 0 0 0 X 0 0 0 0 0 0 0 0 0 0 0 X 0 X X 0 X X 0 0 0 0 0 0 0 0 0 0 0 0 X 0 0 X 0 0 0 0 X 0 X 0 0 0 0 X 0 0 X 0 0 0 0 0 0 0 0 0 0 0 0 X X X 0 0 0 X 0 X 0 0 0 X 0 X 0 0 0 0 X 0 0 0 0 0 0 0 X X 0 0 0 0 0 0 0 0 0 0 X 0 0 X 0 0 0 0 0 0 0 0 0 0 0 0 0 0 0 X 0 0 0 0 X 0 0 X X 0 0 0 0 0 0 0 0 0 0 0 0 0 0 X 0 0 0 0 0 0 0 0 0 X 0 0 0 0 0 0 X
X 0 0 X 0 0 0 0 0 0 X 0 X 0 0 0 0 0 X 0 0 0 0 X 0 X X X 0 0 0 0 X 0 0 0 0 0 0 0 0 X 0 0 0 X 0 0 0 0 0 0 0 0 0 0 0 X 0 0 0 0 0 0 0 0 0 0 X 0 0 0 0 0 0 0 0 X 0 0 0 0 X 0 0 0 0 0 0 0 0 0 0 0 0 0 0 X 0 0 0 0 0 0 X 0 0 0 0 0 0 0 0 0 0 X X 0 0 0 0 X 0 0 0 0 0 0 0 0 0 0 0 0 X 0 0 0 X X 0 0 0 X 0 0 X 0 0 0 0 X 0 0 X 0 X 0 0 0 0 0 0 0 0 0 X 0 0 X 0 0 0 X X 0 0 X 0 0 0 0 0 0 X 0 0 X X X 0 0 0 0 0 0 0 X 0 X X 0 0 X 0 0 0 X 0 0 X X 0 0 0 X X 0 0 0 0 0 0 0 X 0 0 0 0 0 0 0 0 X 0 0 0 0 0 0 0 0 X X 0 0 0 0 0 0 0 0 0 0 0 0 X X X 0 0 X 0 0 0 0 0 0 0 X 0 X 0 0 0 0 0 0 0 0 0 0 0 0 0 0 0 0 X X 0 0 0 0 0 0 0 0 0 X 0 0 0 X 0 X X 0 0 X 0 0 0 0 X 0 0 0 0 0 0 0 0 0 0 0 0 0 0 0 0 0 0 0 0 0 0 0 0 X 0 0 0 X X 0 0 0 0 0 X 0 0 X 0 0 0 0 0 0 0 0 0 0 0 0 X 0 0 0 0 0 0 0 0 X 0 0 0 0 0 0 X X X 0 0 0 0 0 0 0 0 0 0 0 0 0 0 X
X 0 0 0 X 0 0 0 X 0 0 0 0 0 0 0 0 0 0 0 X 0 0 0 0 X 0 0 0 0 0 0 0 0 0 0 X 0 X 0 0 0 0 0 0 0 0 0 0 0 X X 0 X 0 X 0 0 0 X 0 0 0 0 X X 0 X 0 0 X 0 0 0 0 0 0 0 0 0 X 0 X X 0 0 0 X 0 0 0 0 0 X 0 0 0 X 0 0 0 0 0 0 0 X 0 0 0 0 0 0 0 0 0 0 X 0 0 0 0 0 0 0 0 0 0 X 0 X 0 0 0 0 0 0 0 X 0 X 0 0 X X X X 0 0 X 0 0 0 X 0 0 X X 0 0 0 0 0 0 0 0 0 0 0 0 X 0 0 0 0 0 0 0 X 0 0 0 0 0 0 0 0 0 0 0 0 0 0 X 0 0 0 0 X 0 0 0 0 0 0 X 0 0 X 0 0 0 0 0 0 X X 0 0 0 X 0 0 0 0 0 0 0 X 0 X 0 0 0 0 0 0 0 X 0 X X X 0 0 X 0 0 0 0 X 0 0 X 0 0 0 0 0 0 0 0 0 X 0 X 0 0 0 0 0 0 0 0 0 X 0 0 0 0 0 0 0 0 0 0 0 X 0 0 0 0 0 0 X 0 0 0 0 0 0 0 0 0 0 0 0 0 X 0 X 0 0 X 0 0 0 X 0 0 0 0 0 0 0 X 0 0 0 0 X 0 0 0 0 0 X 0 0 X 0 X X X 0 0 0 0 0 0 0 X X 0 X X 0 X 0 0 0 0 0 0 0 0 0 X 0 0 0 0 0 0 0 0 X 0 0 0 X 0 X 0 0 X 0 0 0 X 0 X 0 0 0 0 0 0 0 0 X
X 0 0 0 0 0 0 0 0 0 X 0 0 X 0 0 0 0 0 0 0 0 0 0 0 0 0 0 0 0 X 0 0 0 X 0 0 0 0 0 X 0 0 0 0 0 0 0 X 0 0 X 0 0 0 0 0 0 0 0 0 0 0 X 0 0 0 0 0 0 X 0 X X 0 X X 0 0 0 0 0 X 0 0 X 0 0 0 0 0 X X X 0 0 0 0 X 0 X 0 X 0 X 0 0 0 0 X 0 0 0 0 0 0 0 0 0 0 0 X 0 0 0 X X X X 0 0 X 0 0 0 X 0 X X 0 0 0 X 0 0 0 0 0 X 0 0 0 0 0 0 0 0 0 0 0 0 X X X 0 0 0 X 0 0 0 0 0 X X 0 0 X 0 0 X X 0 X X 0 X 0 0 0 0 0 0 0 0 X 0 0 X 0 0 0 X 0 0 0 X 0 0 X 0 X 0 0 0 0 0 0 X 0 0 0 0 0 0 0 0 X 0 0 X 0 0 0 0 0 0 0 0 0 0 0 0 0 0 0 0 0 X 0 0 0 0 0 0 0 0 0 X 0 X 0 0 0 0 0 0 0 X 0 X 0 0 X 0 0 0 0 0 0 0 X 0 0 0 0 0 0 0 X 0 0 0 0 0 0 0 0 0 0 0 X 0 0 0 0 0 0 0 X X 0 0 0 0 0 0 0 X X X 0 X 0 0 X 0 0 0 0 0 0 X 0 0 0 X 0 0 0 0 0 0 0 0 0 0 0 0 0 0 0 X 0 0 0 0 0 0 0 0 0 0 X 0 0 0 0 X 0 X 0 0 0 0 0 X 0 0 X 0 0 0 0 0 0 0 0 0 0 X 0 0 X 0 0 0 0 0 X
X X 0 0 0 0 0 0 0 0 0 0 0 0 0 0 X 0 X 0 X 0 0 0 0 0 0 0 0 0 0 0 0 X X 0 X 0 0 0 X X 0 0 0 X X 0 X 0 0 0 0 0 0 X 0 0 0 0 0 X 0 0 0 0 0 0 X X X 0 0 X 0 0 X 0 0 0 0 0 0 0 0 0 0 0 X 0 0 0 0 0 0 0 0 0 0 X 0 0 0 0 0 0 X X 0 0 0 0 0 X 0 0 X 0 X 0 0 0 0 X 0 X 0 0 0 0 0 X 0 0 0 0 0 X 0 0 0 0 0 0 0 0 0 0 X 0 0 0 0 0 0 0 X 0 0 0 0 0 0 0 0 X 0 X 0 X X 0 X 0 0 0 0 0 X 0 0 0 0 0 0 0 0 X 0 0 0 0 0 0 0 0 0 0 0 0 0 X 0 X X 0 0 0 0 0 0 0 0 X 0 X X 0 0 X X 0 0 0 X 0 X 0 X 0 0 0 0 0 0 0 X 0 0 0 0 0 X 0 0 0 0 0 0 0 X 0 0 X 0 0 0 0 0 X 0 0 0 0 0 0 X 0 0 X 0 0 X 0 X X 0 0 0 0 0 0 0 X 0 0 0 0 0 0 0 0 0 0 X 0 X 0 0 0 X 0 X 0 0 0 X X 0 0 0 0 0 0 0 0 0 0 X 0 0 0 0 X 0 X 0 0 0 0 0 0 0 0 0 0 X 0 0 X 0 0 0 0 0 0 X 0 0 X 0 0 0 0 X 0 X 0 0 0 0 0 0 0 X 0 0 0 0 0 0 0 0 0 X 0 0 0 0 0 0 0 0 0 0 0 0 0 0 0 0 0 0 X 0 0 0 0 0 X
X 0 X 0 0 0 0 X 0 0 0 0 0 0 0 0 0 0 X 0 0 0 0 0 0 0 0 0 0 0 0 0 0 0 X X X 0 0 0 0 0 0 0 0 X 0 0 0 0 X 0 0 0 0 0 0 X 0 X 0 X 0 0 0 0 0 X 0 0 0 X 0 0 X 0 0 0 X 0 0 X 0 0 0 X 0 X 0 0 0 0 0 0 X X X 0 0 0 0 0 X X 0 0 X 0 0 X 0 0 0 0 X 0 0 0 0 0 0 X 0 0 0 0 0 0 0 X X X 0 0 X 0 X X 0 0 0 0 0 0 0 0 0 0 X 0 X 0 X X 0 X 0 0 0 0 0 0 X 0 0 0 0 0 0 0 X 0 0 0 0 X 0 0 0 0 0 X 0 X 0 0 X X 0 0 0 0 X 0 X X X 0 0 0 0 0 0 0 0 0 0 0 0 X 0 X 0 0 0 0 0 X 0 0 0 0 0 0 0 0 0 X 0 X 0 0 0 0 X X 0 0 0 0 X 0 0 X 0 X 0 0 X 0 0 0 0 0 X 0 0 X X 0 0 X 0 0 0 0 0 0 X 0 X 0 0 X 0 0 0 0 0 0 0 0 0 0 0 0 X X 0 X 0 X X 0 0 0 X 0 0 0 0 0 0 X X X 0 X X 0 0 0 X 0 X 0 0 0 0 0 0 X 0 0 X 0 X 0 0 0 X 0 0 0 0 0 X 0 0 0 0 0 0 0 0 0 0 0 0 0 0 0 0 0 0 0 X X 0 0 0 X 0 0 0 0 0 0 X 0 0 0 0 0 X 0 0 0 X 0 0 0 0 0 0 X 0 0 0 0 0 X X 0 0 0 0 0 0 X
X 0 0 0 0 X 0 0 X 0 X 0 0 0 0 X 0 X 0 0 0 X 0 0 0 0 0 0 0 X 0 0 0 0 0 0 0 X 0 0 0 X 0 0 0 X 0 X 0 0 0 X 0 0 X 0 X 0 0 0 0 0 X 0 0 0 0 0 X X 0 X X 0 X 0 0 0 X 0 0 0 0 0 0 0 0 0 0 X 0 0 0 X X 0 0 0 0 0 0 0 0 X 0 0 0 0 0 0 0 X 0 X 0 0 X X 0 0 0 0 X 0 X 0 0 0 0 0 0 0 0 0 X 0 0 X 0 X 0 0 0 0 0 0 X X 0 0 0 0 0 0 0 0 0 0 X 0 0 0 0 0 X 0 0 0 X 0 0 0 0 X X X 0 0 X 0 0 0 0 X X 0 0 0 0 0 X 0 0 0 0 0 0 0 0 0 0 0 0 0 0 0 0 0 X X 0 0 0 X 0 X 0 0 0 0 0 0 0 0 X 0 X X 0 0 0 0 0 X X X 0 0 X 0 0 0 0 0 0 0 0 0 0 0 0 0 0 0 0 0 0 X 0 X X X 0 0 0 0 0 0 0 0 X 0 0 X 0 0 0 0 0 X 0 X 0 X 0 0 X X X X 0 0 0 0 0 0 0 X X 0 0 0 0 0 0 X 0 0 0 0 0 0 0 0 0 0 X 0 0 X 0 0 X 0 0 0 0 0 X 0 0 0 0 0 0 X 0 X 0 0 X 0 0 0 0 0 0 0 X 0 0 0 0 X 0 0 X 0 X 0 0 0 0 0 0 0 X 0 0 0 X 0 0 0 0 0 0 0 0 0 0 0 0 X 0 0 0 X 0 0 0 0 0 0 0 X 0 0 0 X
X X 0 0 X X 0 0 X 0 0 0 0 0 0 0 0 X 0 0 0 0 X 0 0 X 0 0 0 X X 0 0 0 0 0 0 X 0 X X 0 0 0 0 0 0 X 0 0 0 0 0 0 X 0 0 0 X X X 0 0 0 0 0 0 0 0 0 0 0 0 0 0 0 0 0 X 0 0 X 0 0 0 0 0 0 0 0 0 0 X 0 0 X 0 0 X 0 0 0 0 0 0 X X X 0 0 0 0 0 0 X 0 0 0 0 X 0 0 0 X 0 X 0 0 0 0 0 0 0 0 0 0 0 0 0 0 0 0 0 0 0 0 0 0 0 0 X 0 0 0 0 0 0 0 X 0 0 0 X 0 0 0 0 0 0 0 0 0 0 X 0 X 0 0 0 0 0 0 0 0 X 0 0 0 0 0 0 0 X 0 0 0 0 0 0 0 X X 0 0 X 0 0 X 0 0 0 0 0 0 X X 0 X 0 0 0 0 0 X 0 0 0 0 0 X 0 0 0 0 0 0 0 X 0 0 0 X 0 X 0 0 X 0 0 0 0 0 X 0 0 X 0 0 0 X 0 X 0 0 0 0 0 0 0 0 0 0 0 0 X 0 0 0 0 0 0 X 0 X 0 X 0 X 0 X 0 0 0 0 0 X 0 0 0 X 0 0 0 0 X 0 X 0 0 X 0 0 0 X 0 0 X 0 0 X 0 0 0 0 X 0 X 0 X 0 0 0 X X 0 0 0 X 0 0 0 0 0 0 0 X 0 0 0 0 0 X 0 0 0 0 0 0 X 0 0 0 0 0 X 0 0 0 0 0 0 X 0 0 X 0 0 X X 0 0 X X 0 0 0 0 0 X 0 0 0 0 0 0 0 X 0 X X
X 0 0 0 0 X 0 0 0 0 0 0 0 0 0 0 0 0 0 0 0 0 0 0 0 X 0 X 0 0 0 X 0 0 0 0 0 0 0 X 0 X 0 0 0 0 0 0 0 X 0 0 0 0 X 0 0 X 0 X 0 0 0 0 X 0 0 X 0 X 0 0 X 0 0 0 0 0 X 0 0 0 0 0 0 0 X 0 0 0 0 0 0 0 0 0 0 0 0 X 0 0 0 0 0 0 0 0 0 0 0 0 0 0 0 0 0 X 0 0 0 X 0 0 0 0 0 0 0 X 0 0 X 0 0 0 0 X 0 0 0 0 0 0 0 0 0 X 0 X 0 X 0 0 0 0 0 0 X 0 0 0 X X 0 0 X X 0 0 0 X 0 0 0 0 X 0 0 0 0 0 0 0 0 X 0 0 0 0 0 0 0 X 0 X 0 X 0 0 0 X 0 0 0 0 0 0 0 0 0 0 0 0 0 0 0 X 0 X 0 X X 0 0 0 0 0 X 0 0 0 0 0 0 0 0 0 0 0 0 X 0 0 0 X 0 0 X 0 X X 0 0 0 0 0 0 0 0 0 0 X 0 0 0 0 0 0 X 0 0 0 0 0 0 0 0 X 0 0 0 0 X 0 X 0 0 0 0 0 X X 0 0 0 0 0 0 0 0 0 0 0 X 0 0 X 0 0 0 0 0 X 0 X 0 0 0 0 0 0 0 0 0 0 0 0 0 0 0 0 0 0 0 0 0 0 0 0 0 X 0 0 0 0 X X 0 X 0 0 0 0 0 0 0 X 0 0 0 X 0 X 0 0 0 0 0 0 0 0 0 0 X X 0 0 X 0 0 0 0 X 0 0 0 X X X 0 0 0 0 0 X 0 0 X X
X 0 0 0 X 0 0 0 0 0 X 0 0 0 0 0 0 X 0 0 0 0 0 0 0 X 0 X 0 0 0 0 0 0 0 0 0 0 X 0 0 0 X 0 0 0 0 0 X 0 X 0 0 0 0 0 X 0 0 0 0 0 0 0 X X 0 0 X 0 0 0 0 X 0 0 0 0 0 0 0 X 0 0 0 0 0 0 0 0 0 0 0 X 0 X 0 0 X X 0 0 X 0 0 0 0 0 0 0 0 0 0 0 0 0 0 0 0 0 0 0 0 0 X 0 0 0 X 0 0 0 0 X 0 0 0 0 0 0 0 0 0 0 0 0 0 0 0 0 0 0 0 0 0 0 X 0 X 0 X X 0 0 X 0 0 0 X 0 0 0 0 0 0 0 0 X 0 0 0 0 0 0 X 0 X 0 0 X 0 X 0 0 0 0 X 0 0 0 0 0 X X 0 0 0 0 0 X 0 0 0 0 0 0 0 0 X 0 X X 0 X 0 X X 0 0 0 X 0 X 0 0 0 0 X 0 X 0 0 0 0 0 0 X 0 0 X 0 0 0 X 0 0 0 0 X 0 0 0 0 0 0 0 0 0 0 0 0 0 0 0 0 0 0 X 0 0 0 0 0 0 0 0 X X 0 X 0 0 0 0 0 0 0 0 0 X 0 0 0 X 0 0 X 0 0 X 0 X 0 0 0 0 X X 0 0 0 0 0 0 0 0 0 X 0 0 0 X X X 0 X 0 0 0 0 0 0 0 0 0 0 0 0 0 X 0 0 0 0 0 0 X X 0 0 0 0 0 0 0 0 0 0 0 0 0 0 0 0 0 X X 0 0 0 0 0 0 0 X 0 0 0 0 X X 0 0 0 0 0 0 0 X X
X 0 0 0 X 0 0 0 0 0 0 X 0 0 0 0 0 0 0 0 0 0 0 0 0 0 0 0 0 0 0 X X 0 0 X 0 0 0 0 0 0 X 0 X 0 0 X 0 0 0 X 0 0 0 0 0 X 0 0 X X 0 0 X 0 0 0 0 X 0 0 0 0 0 0 X 0 0 0 0 0 X 0 0 0 0 0 0 0 X 0 0 X 0 0 0 0 0 0 0 0 X 0 0 X 0 0 0 X 0 X 0 X 0 0 0 0 0 0 0 0 0 0 X 0 X X X 0 0 0 X X 0 X 0 0 0 0 X 0 X 0 X X 0 X 0 0 0 X 0 X X 0 0 X 0 X 0 X X 0 0 0 0 X 0 X 0 0 0 0 0 0 0 0 0 X 0 0 0 X 0 0 X 0 X 0 0 X 0 X X 0 0 X X 0 0 0 0 0 0 0 0 0 X 0 X X 0 0 X 0 X 0 0 0 0 0 0 X X X X 0 0 0 0 0 0 0 0 0 0 X 0 0 X 0 0 0 0 0 0 0 0 0 0 0 0 0 0 X X 0 0 0 0 0 0 X 0 0 0 X 0 0 0 0 0 X 0 0 X 0 0 0 X 0 0 0 0 0 0 0 0 X X 0 0 X 0 0 0 0 0 0 X 0 0 0 0 0 X 0 0 0 X 0 0 X 0 0 0 0 0 0 0 0 0 0 X 0 0 0 0 0 0 0 0 X 0 0 0 0 0 0 0 0 0 X 0 X 0 0 0 0 0 0 0 0 X 0 X 0 X 0 0 0 0 0 0 0 0 0 0 X X X 0 0 0 0 0 X 0 0 0 0 0 0 0 0 0 0 0 0 0 0 0 X 0 0 0 0 X X
X X 0 0 0 0 X 0 0 0 X 0 X 0 X 0 0 0 0 0 0 0 0 0 X 0 0 0 0 0 0 0 0 0 0 0 X X 0 0 X X X 0 0 0 0 X 0 0 0 0 X 0 0 0 0 0 0 0 0 0 0 0 X 0 0 0 0 X 0 0 X 0 0 0 0 0 0 0 0 0 X 0 X 0 0 X X 0 X 0 0 X X 0 0 X 0 0 0 0 0 0 0 X 0 0 0 0 X 0 0 X 0 0 0 X 0 0 X 0 X X 0 X 0 0 X 0 0 0 0 0 X X 0 0 0 0 0 0 0 0 0 X 0 0 0 0 0 0 0 X X X 0 0 0 X X 0 0 0 0 0 X 0 0 0 0 0 X 0 0 X 0 0 0 0 X 0 0 0 X 0 X 0 0 0 0 0 0 0 0 X 0 0 0 0 0 0 0 0 0 0 0 0 X 0 0 X X 0 0 0 0 0 0 X 0 0 X X 0 0 0 0 0 0 0 0 0 0 0 0 0 0 X 0 0 0 X 0 X 0 X X 0 0 0 0 X 0 0 0 0 0 0 0 0 0 0 0 X 0 X 0 0 0 0 X 0 0 X X 0 0 0 0 0 X X 0 0 0 0 0 0 0 0 0 0 0 0 0 0 X 0 0 0 X 0 0 0 X 0 0 0 0 0 0 X X 0 0 0 0 0 0 0 0 0 0 0 0 0 0 0 X 0 0 X 0 0 0 X 0 0 0 0 0 X 0 0 0 X X 0 X 0 0 0 0 0 0 0 0 0 0 0 0 X 0 X X X 0 0 0 0 0 0 X 0 0 0 0 0 0 0 0 0 X 0 X X X X X X 0 0 X 0 0 0 0 0 X
X 0 0 0 0 0 0 X 0 X 0 0 0 X 0 0 0 0 0 0 0 0 0 0 0 0 0 0 0 0 0 0 0 0 X 0 X X 0 0 0 0 0 X 0 0 X X 0 0 0 X X 0 0 X 0 X X 0 0 0 0 0 0 X 0 0 0 0 0 0 X 0 X X 0 X 0 0 0 X 0 0 0 X 0 X 0 0 X 0 0 X 0 0 0 X 0 X 0 0 0 0 0 X 0 0 X 0 X 0 0 0 X X 0 0 0 0 X 0 X 0 0 0 0 X X 0 X 0 0 X 0 0 X 0 0 0 X X 0 0 X X 0 0 X 0 0 X 0 0 X X 0 0 X X 0 0 0 0 0 0 0 0 0 0 0 0 0 0 0 0 0 0 X 0 0 X 0 0 0 0 0 X 0 0 0 0 0 0 0 0 0 0 0 X X 0 X 0 0 0 0 0 0 0 0 0 0 0 0 0 0 0 0 0 0 0 0 0 0 0 0 X 0 0 0 0 0 0 0 X 0 0 0 0 0 0 X 0 0 0 0 0 0 X 0 0 X X 0 X 0 0 X 0 0 X 0 X 0 0 0 X 0 0 0 0 0 0 X 0 0 X 0 0 X X 0 X 0 0 0 0 X 0 0 X 0 0 0 X 0 0 0 0 X 0 0 0 0 X 0 X 0 0 0 0 X 0 0 X X 0 0 0 0 0 0 0 0 0 0 0 0 0 X 0 X 0 X 0 0 0 0 0 0 X 0 0 0 0 0 0 X X 0 0 0 X X 0 0 0 0 0 X 0 0 0 0 0 0 0 0 0 0 0 X 0 X 0 0 0 0 0 0 X 0 0 0 X 0 0 0 0 0 0 0 0 0 0 0 0 0 X
X 0 0 X 0 0 0 0 0 0 0 0 0 0 0 0 0 0 0 X 0 0 0 0 0 0 0 0 0 0 0 0 X 0 0 X 0 X 0 X X 0 X 0 0 0 0 0 0 0 0 0 0 X 0 0 X 0 0 0 0 0 0 0 0 0 X 0 0 X X 0 0 0 0 0 0 0 0 0 0 X X 0 0 X 0 0 X 0 X 0 0 0 0 0 0 0 0 0 0 0 0 0 0 0 0 0 0 0 0 0 0 0 X X 0 0 0 0 0 X 0 0 0 0 0 0 0 X X 0 X 0 0 0 0 X 0 0 X 0 0 0 0 0 0 0 0 0 0 0 0 0 0 0 0 0 0 0 X 0 0 0 X 0 0 0 0 0 0 X 0 0 0 0 0 0 X 0 X 0 0 0 0 0 0 X 0 0 0 0 0 X 0 0 X 0 0 X 0 0 X 0 0 0 0 0 0 X 0 0 0 X 0 0 0 0 0 X X 0 0 0 0 0 0 0 X 0 0 0 0 0 0 0 0 0 0 0 0 0 X 0 0 X 0 X 0 0 X 0 0 0 0 0 0 X X X X 0 0 0 0 0 0 0 0 0 0 0 0 0 0 0 0 0 0 0 0 X 0 0 0 0 0 0 0 0 0 0 0 0 0 0 0 0 X X 0 0 0 X 0 0 X 0 0 0 0 X 0 0 X 0 0 X 0 0 0 0 0 0 X 0 X X X 0 0 0 0 0 0 0 0 0 0 0 X 0 0 X 0 0 0 0 0 0 X X X 0 0 0 0 0 0 0 0 0 0 0 0 0 0 X 0 0 X X 0 0 0 0 0 X 0 0 0 0 X X 0 0 0 X 0 0 0 0 0 0 0 0 0 0 0 X
X 0 0 0 0 0 0 X 0 0 0 0 0 0 X X 0 X 0 0 0 0 X 0 0 0 0 0 0 0 X 0 0 0 0 0 X 0 0 0 0 0 X X 0 0 X 0 0 0 0 0 0 0 0 0 0 0 0 0 0 X 0 0 X 0 0 0 0 0 X X 0 0 0 0 0 0 0 0 0 0 0 0 0 0 0 0 0 0 0 0 0 0 0 0 0 0 X 0 0 0 0 0 0 0 X 0 0 0 0 X 0 X 0 0 0 0 0 0 0 0 X 0 0 0 0 0 0 X 0 0 X 0 0 X X X 0 0 0 0 X 0 X 0 X X 0 X 0 X 0 X 0 0 0 X X 0 X 0 0 0 X 0 0 0 0 X 0 0 0 0 0 0 0 X 0 0 0 0 0 0 0 X 0 X 0 X X 0 0 0 0 0 0 0 0 X 0 0 0 0 0 0 0 0 0 0 0 0 0 X 0 X 0 X 0 X 0 0 0 0 0 X 0 0 0 0 X 0 0 0 0 0 0 0 0 0 0 0 0 0 0 0 0 X 0 0 X 0 0 X 0 X X 0 0 0 0 0 0 0 0 0 0 0 0 0 X 0 0 0 0 0 0 0 0 0 0 0 0 0 0 0 0 0 0 0 0 X 0 X X 0 0 X 0 0 0 X 0 0 0 X 0 0 0 0 0 0 0 0 X 0 X 0 0 0 0 0 X 0 0 0 0 0 0 X 0 0 0 X 0 0 0 0 0 0 0 X 0 0 0 0 X 0 0 X 0 0 0 0 X 0 0 0 0 0 0 0 0 0 0 0 X 0 0 X 0 0 0 X 0 0 0 0 0 X 0 0 0 0 0 0 0 X 0 X X 0 0 X 0 0 X 0 X X
X 0 0 0 0 0 0 0 0 0 0 0 0 X 0 0 X X X 0 0 0 0 X 0 0 0 0 0 X 0 0 X X 0 0 X X 0 X 0 0 0 0 X 0 0 0 0 0 0 0 0 0 0 X 0 0 X 0 X X 0 0 0 0 0 X 0 0 0 0 0 X 0 0 0 X 0 X X 0 0 0 0 0 0 X 0 0 0 0 X 0 X 0 0 0 0 0 0 0 0 0 0 0 0 X 0 0 0 0 0 X X X 0 0 0 X 0 0 X 0 0 0 0 0 0 0 0 X 0 0 0 X X 0 0 0 0 0 0 0 0 0 X 0 0 0 0 X 0 0 0 X 0 X X 0 0 0 0 X 0 X 0 0 X 0 0 0 0 X 0 0 0 X 0 X 0 X 0 0 0 0 0 X 0 0 0 X 0 0 0 0 0 0 0 0 X 0 0 0 0 X 0 0 X X 0 0 0 X 0 0 0 X X 0 0 0 X 0 0 0 X 0 0 0 0 X 0 0 0 0 0 0 0 0 X 0 0 0 0 0 0 0 0 0 0 0 X X 0 0 0 0 0 0 X 0 X 0 0 0 0 X 0 0 0 X 0 0 0 0 0 0 0 0 X 0 0 0 0 0 0 0 0 0 0 0 0 0 X 0 0 0 0 0 0 0 0 0 X X 0 0 0 0 0 X X X X X 0 0 0 0 0 0 X 0 0 0 0 0 X 0 0 0 0 0 0 X 0 X 0 0 0 0 X 0 0 0 X 0 0 X 0 0 X X X 0 0 0 0 0 0 0 0 0 0 0 X 0 0 0 X X 0 0 0 0 0 0 0 0 0 0 0 0 0 X X 0 0 0 0 0 X X 0 0 0 0 X X
X 0 0 0 0 X X 0 0 0 0 0 0 0 0 0 0 X 0 0 0 X X 0 X 0 X 0 0 X 0 X 0 0 X 0 0 X 0 0 0 0 0 0 0 0 0 0 X 0 X X 0 X 0 0 X 0 0 0 X 0 0 X X 0 X 0 0 0 0 0 X 0 X X X 0 0 0 X 0 X 0 0 0 0 0 0 0 0 0 0 0 X 0 0 0 0 0 0 0 0 X 0 0 X 0 X 0 0 0 0 0 0 X X 0 0 0 0 0 0 0 0 0 0 X 0 0 0 X 0 0 0 0 0 0 0 0 0 0 X 0 X 0 0 0 X 0 0 X 0 0 0 X X X 0 0 0 0 0 0 X 0 0 0 0 0 0 0 0 0 X 0 0 0 0 0 0 0 0 0 0 X 0 0 0 X 0 0 0 0 0 0 0 0 0 0 0 0 0 X 0 0 0 X 0 X 0 0 0 0 0 0 0 0 0 0 0 0 X 0 X 0 0 0 0 0 0 0 X 0 0 0 0 0 0 0 0 0 0 0 0 X 0 X 0 0 X 0 0 X 0 X 0 0 X 0 0 0 0 0 0 0 0 0 0 0 0 X X 0 0 X 0 0 0 X X 0 0 0 0 0 X X X X 0 0 0 X 0 0 0 0 0 0 0 0 X 0 0 0 0 0 0 0 0 0 0 0 0 0 X 0 X 0 0 X X 0 0 0 0 0 0 0 0 0 X X X 0 0 0 0 0 0 0 0 0 0 X 0 X X 0 0 0 0 0 X 0 X 0 0 0 X 0 0 0 0 0 X 0 X 0 0 0 0 0 0 0 0 0 0 0 0 0 0 0 X 0 0 0 0 0 0 0 0 0 X X X 0 X X
X 0 0 0 0 0 0 0 0 0 0 0 0 0 0 0 X 0 0 0 0 X 0 X 0 0 0 0 0 X 0 X 0 0 0 X 0 0 0 0 0 0 0 0 X 0 0 0 0 0 0 0 0 X 0 0 0 0 X 0 0 0 0 0 X 0 0 0 0 0 X X X X 0 X 0 0 0 0 0 0 0 X X 0 0 0 0 0 0 X 0 0 0 X 0 0 0 0 X 0 0 0 0 X 0 0 0 X X 0 0 0 X 0 0 X 0 0 0 0 0 0 0 0 X 0 0 0 0 0 0 0 X 0 0 0 X 0 0 0 X 0 0 X X 0 0 X 0 X 0 X 0 X 0 0 0 0 0 X 0 X X 0 X X 0 0 0 0 0 X 0 0 X 0 0 X 0 X X 0 0 X 0 0 0 X 0 0 0 0 0 0 0 0 0 0 0 0 0 0 0 X 0 0 0 X 0 X 0 0 0 0 0 0 0 0 0 0 0 X 0 X 0 0 0 0 X 0 0 0 0 X X 0 0 0 0 0 0 0 0 0 0 0 0 0 0 0 0 0 0 0 0 0 X 0 X 0 0 X 0 0 0 X 0 0 0 0 0 0 0 0 0 0 0 X 0 X 0 0 0 0 X 0 0 0 0 0 0 0 X 0 0 0 0 X 0 0 X X 0 0 X 0 X 0 X 0 0 0 0 X 0 X 0 0 X 0 0 0 0 0 0 0 0 0 0 0 0 0 0 0 0 0 X 0 0 X X 0 0 0 0 0 0 0 0 0 0 0 X 0 X X X 0 0 X 0 X 0 0 0 X X 0 0 0 0 0 0 0 0 0 0 X 0 0 0 0 0 0 0 0 0 0 X 0 0 0 0 0 0 0 0 X
X 0 X 0 X 0 0 0 0 0 0 0 0 X 0 0 0 0 0 0 0 0 0 0 0 0 0 0 0 X 0 0 0 0 0 0 0 0 0 X 0 0 0 0 0 0 0 0 0 0 0 0 X 0 0 0 0 0 X 0 0 0 0 0 0 0 0 0 0 0 X 0 X X 0 X 0 0 0 0 0 0 0 0 0 0 0 X X X 0 0 0 0 0 0 X X 0 0 0 0 0 0 X 0 0 0 X 0 0 0 0 0 0 0 0 0 0 0 0 0 0 0 0 0 0 0 X 0 0 0 X 0 0 X 0 0 0 0 0 X 0 0 0 0 0 0 0 0 0 0 0 0 0 X 0 0 0 0 0 X 0 0 0 0 0 X 0 0 0 0 X 0 0 X 0 0 0 X X 0 0 0 0 0 0 X 0 0 0 0 0 0 0 0 0 0 0 0 0 X 0 0 0 X 0 X 0 0 X X 0 0 0 X 0 0 0 0 0 X 0 X 0 0 0 X 0 0 X 0 X 0 0 0 0 X 0 0 0 X X 0 X X 0 X 0 0 0 X 0 X 0 0 0 0 0 X 0 0 0 X 0 0 0 0 0 X X 0 0 0 0 X 0 0 0 0 0 0 0 0 0 0 0 X 0 X 0 0 X 0 0 X 0 0 0 X 0 0 0 0 0 0 0 0 0 0 X 0 0 0 0 0 0 0 0 0 X 0 0 0 0 0 0 0 X 0 0 0 0 0 0 0 0 0 X 0 X X 0 0 0 0 0 0 0 0 0 0 X 0 0 0 0 0 0 0 0 0 0 0 0 0 0 0 0 0 0 0 0 0 0 0 0 0 0 0 0 0 0 0 X X 0 X 0 X 0 X 0 0 X 0 0 0 0 X
X 0 X 0 0 0 0 X 0 X X 0 0 0 0 0 X 0 0 0 0 0 0 0 0 0 X 0 0 0 0 0 X 0 0 0 X X 0 0 0 0 0 0 X 0 0 0 0 0 0 0 0 0 X 0 0 0 0 X 0 0 0 0 0 0 0 X 0 0 0 0 X X 0 0 0 0 0 0 0 X 0 0 X 0 X 0 0 X X 0 0 0 X 0 X 0 0 X 0 0 0 X X X 0 0 0 0 0 0 0 0 0 0 0 0 0 0 0 0 0 0 X X 0 0 X 0 0 0 0 0 0 X 0 X X X 0 0 0 0 0 0 0 0 0 0 X X 0 0 0 0 0 0 0 X X 0 0 0 0 0 0 0 0 0 0 0 0 X 0 0 X 0 0 0 0 0 0 0 0 0 0 0 0 X 0 0 X 0 0 0 0 0 0 X 0 0 X 0 X X 0 X 0 0 X 0 0 0 0 0 0 0 0 0 0 X 0 0 0 0 0 X 0 0 0 0 0 0 0 0 0 0 X 0 0 0 0 0 0 0 0 0 0 0 0 0 0 0 0 X 0 X 0 0 X X X 0 0 0 0 0 0 0 0 0 0 0 0 0 0 0 X X 0 0 0 0 0 0 0 X 0 0 0 0 0 X 0 0 0 0 X 0 0 0 0 0 0 X 0 X 0 0 0 0 0 0 0 0 0 0 0 0 0 0 0 X 0 0 0 0 0 0 0 0 0 X X 0 0 0 0 0 0 0 X 0 0 0 0 0 X 0 0 X 0 0 X 0 0 0 0 X 0 0 0 0 0 0 0 0 X X 0 0 0 X X 0 0 0 0 0 0 0 0 0 X X X 0 0 0 X 0 0 0 0 X 0 X 0 X
X 0 0 0 0 0 0 0 0 0 X 0 X 0 0 0 0 0 0 X 0 0 X X 0 X 0 0 0 0 0 0 X X 0 0 0 0 0 0 0 X 0 0 0 0 0 0 0 0 0 0 X 0 0 0 0 0 0 X 0 X X 0 0 X X 0 0 0 0 0 0 0 0 0 0 0 0 X 0 0 0 0 X 0 0 0 X 0 X X 0 0 0 0 0 0 X 0 0 0 0 0 X X X 0 0 X 0 0 0 0 0 0 0 0 0 0 X 0 0 0 0 X 0 0 0 0 X 0 0 0 X 0 X 0 0 X 0 0 0 0 0 0 X 0 0 0 0 0 0 X 0 X 0 0 0 0 0 X 0 0 0 X 0 0 0 X 0 0 X 0 0 0 0 0 0 0 0 0 0 0 X 0 0 X 0 0 0 0 0 X X 0 0 0 0 0 0 0 0 0 0 0 0 X X X 0 0 0 0 0 0 X 0 0 0 0 0 0 0 0 0 0 X 0 0 X 0 0 X 0 0 0 0 0 0 0 0 0 0 0 0 0 0 0 X 0 0 X X 0 0 0 0 0 0 0 X 0 X 0 0 0 0 0 0 0 0 0 0 0 0 0 X 0 0 X 0 X 0 X 0 X X 0 X 0 0 X 0 0 0 0 0 0 0 0 0 0 0 0 X 0 0 X 0 0 0 0 X 0 0 0 0 X X 0 0 0 X 0 0 0 X 0 0 0 0 0 0 0 0 X 0 0 0 X 0 0 X 0 0 0 0 0 0 X X 0 0 X 0 0 0 0 0 0 0 0 0 0 0 0 0 0 0 0 X 0 X X 0 0 0 0 X 0 0 0 0 X 0 0 0 0 0 0 X 0 0 X 0 0 0 0 X
X 0 0 0 0 0 0 0 0 0 X 0 0 0 0 X X X 0 0 0 0 0 0 0 0 0 0 X X 0 0 X 0 0 0 X 0 0 0 0 0 0 0 0 0 X 0 0 0 0 0 0 0 0 X 0 0 0 0 0 0 X 0 0 X X 0 X 0 0 0 0 0 0 0 0 0 X X X 0 X 0 0 X 0 X X 0 X 0 0 0 0 0 0 0 0 0 0 0 0 X 0 0 0 X 0 0 0 X 0 X 0 X 0 0 0 0 0 0 0 0 X 0 X 0 0 0 0 0 0 X 0 0 0 0 0 0 0 0 0 0 0 0 0 X 0 0 0 0 0 X 0 0 0 0 X 0 0 0 0 0 0 0 0 0 0 0 X X X 0 X 0 0 0 0 0 0 0 0 0 X 0 0 0 0 0 0 0 0 0 0 0 0 X X 0 X X 0 X 0 0 X 0 0 0 0 0 0 0 0 0 0 0 0 0 0 0 X 0 0 0 0 0 0 0 0 0 0 0 0 0 0 0 0 X 0 X 0 X X 0 X 0 0 X 0 0 0 0 0 0 0 0 0 0 X X 0 0 0 0 0 0 0 0 0 0 X 0 0 X 0 0 0 X 0 0 0 0 0 X 0 0 0 X 0 0 0 X X 0 0 0 0 0 0 X 0 X 0 0 X X 0 0 0 0 0 X 0 0 0 0 0 0 0 0 0 X 0 0 0 X X X X 0 0 0 X 0 0 0 0 0 0 X 0 X X 0 0 0 X 0 0 0 0 0 0 X X 0 0 X X 0 0 0 0 0 X 0 0 0 0 0 X 0 0 0 X X 0 0 0 0 X 0 0 0 0 X 0 X X 0 X 0 0 0 0 0 0 X
X 0 0 X 0 0 0 0 0 0 0 0 0 X X 0 0 0 0 0 0 X 0 0 0 0 0 0 0 0 0 0 0 X X 0 0 0 X 0 0 X 0 X 0 0 0 0 X 0 0 0 0 X X X 0 0 0 0 X 0 0 0 0 0 0 0 X 0 0 0 0 X 0 0 0 X 0 X X 0 X X 0 0 0 0 0 0 0 X X 0 0 0 0 0 0 0 X 0 0 0 0 0 0 0 0 X 0 0 X 0 0 X X X X X 0 0 0 0 0 0 0 0 0 X 0 0 0 X X 0 0 0 0 X 0 0 0 X 0 0 X 0 X 0 0 0 0 0 X 0 0 0 X 0 X 0 X 0 X 0 0 0 0 0 0 X X X 0 X X 0 0 X X 0 0 X 0 0 0 0 0 0 0 0 X 0 0 0 0 0 0 0 0 0 X 0 0 0 0 0 0 0 0 0 0 0 0 0 X 0 X 0 0 0 0 0 0 0 0 0 0 0 X X 0 0 0 0 0 0 0 0 0 X X X 0 0 0 0 0 0 0 X X 0 X 0 0 X X X 0 0 0 X 0 0 0 0 X X 0 0 X 0 0 X 0 0 0 0 0 0 0 X 0 X 0 0 0 0 0 X 0 0 0 0 0 0 0 0 0 0 0 X 0 0 0 0 0 X 0 X 0 0 0 0 0 0 X 0 0 0 0 0 0 0 0 0 0 X X 0 0 0 0 0 0 0 0 0 X X 0 0 0 0 0 0 0 0 0 0 0 0 0 0 0 0 0 0 0 0 X 0 0 X 0 0 0 0 0 0 X 0 0 0 0 0 X 0 0 X X X 0 0 0 0 0 X 0 X 0 0 X 0 0 0 0 X
X 0 X 0 0 0 0 0 X 0 X 0 X 0 X 0 X 0 0 0 0 X 0 0 X 0 0 0 0 0 0 0 0 0 0 0 0 0 0 0 0 0 0 0 0 0 0 0 0 0 0 0 0 0 0 0 X 0 0 0 0 0 0 0 0 X X X 0 0 X 0 0 0 X 0 0 0 0 0 0 0 0 0 0 0 0 X 0 0 0 0 0 0 0 0 0 0 0 0 0 0 0 X 0 0 0 0 0 0 0 0 0 0 X X 0 0 X 0 0 X 0 0 0 X 0 X X 0 0 0 X 0 0 0 0 0 0 0 0 0 0 0 0 0 0 0 0 X X 0 0 X X 0 0 0 0 X 0 0 0 0 0 0 X X 0 0 0 0 X 0 0 0 0 0 0 0 0 X X X 0 0 0 0 0 0 0 X 0 X X X X 0 0 0 0 0 0 X 0 X X 0 0 0 0 X 0 0 0 0 0 0 X 0 X X 0 0 0 0 0 0 0 0 0 0 0 X 0 0 X 0 X 0 X 0 X 0 0 0 0 X X 0 0 0 0 0 0 X 0 0 0 X 0 0 0 0 0 X X X 0 0 0 0 0 0 0 0 0 X 0 0 0 0 X 0 0 X X 0 0 0 X 0 0 0 0 0 0 0 X 0 0 0 0 X 0 0 0 0 0 0 0 0 0 0 X 0 0 0 0 0 X 0 0 0 0 0 0 X 0 0 0 0 X 0 X 0 X 0 X 0 X 0 X X X 0 X X 0 0 0 X 0 0 0 0 X X X 0 0 0 0 0 X X 0 X X 0 X 0 0 0 0 0 0 0 0 0 0 0 X 0 0 0 0 0 0 X 0 0 0 0 X 0 X X X X
X 0 0 0 0 0 0 0 0 0 0 0 0 0 0 0 0 0 X 0 0 0 0 X X 0 0 0 0 X 0 0 0 0 0 0 0 0 0 0 X 0 X 0 X 0 0 0 0 0 X X X 0 0 0 0 0 0 0 0 0 0 0 0 0 0 0 0 0 0 0 0 0 0 0 0 X 0 0 0 0 0 0 0 0 X 0 0 0 0 0 0 X X X 0 0 X 0 X 0 0 0 0 0 0 0 0 0 0 0 0 0 0 X 0 0 0 0 0 0 0 0 0 0 0 0 0 0 0 0 0 0 0 X 0 X X X 0 0 0 0 0 X X 0 0 X 0 0 0 X 0 0 0 0 0 0 0 0 0 X 0 0 0 X X X 0 0 X 0 0 X 0 0 0 0 X X 0 X X 0 0 0 0 0 0 0 0 X X 0 0 0 X X 0 0 0 0 0 0 X 0 X 0 0 0 0 0 X 0 0 0 0 0 X X X 0 0 0 0 0 X 0 0 0 0 0 0 0 0 0 X X 0 0 0 0 0 0 0 0 0 0 X 0 0 0 0 X 0 0 X 0 0 0 X 0 0 0 0 0 0 0 0 X 0 0 0 0 0 X 0 0 0 0 0 X 0 0 0 0 0 0 0 0 0 X 0 0 X X X 0 X X X 0 0 0 0 X 0 0 0 0 0 0 0 0 0 0 0 0 X 0 0 X 0 X 0 0 X X 0 0 0 X 0 0 0 0 0 0 X X 0 0 0 0 0 0 0 0 0 0 0 0 0 X 0 0 X 0 X 0 0 0 0 0 0 X X 0 X 0 X X 0 0 X 0 0 0 0 0 X X 0 0 0 0 0 X 0 X 0 0 X X 0 X X X
X 0 0 0 0 X 0 0 0 0 X 0 0 0 0 0 0 0 0 0 0 0 0 0 0 0 0 0 0 0 0 0 0 0 X X 0 0 0 0 X X 0 0 0 0 X 0 0 0 0 0 0 0 X 0 0 X 0 X 0 0 0 0 0 X 0 0 0 0 0 0 0 0 X 0 0 0 0 0 0 0 0 X X 0 0 0 X 0 0 0 0 0 0 0 X 0 0 0 0 0 0 0 0 0 0 0 0 0 0 0 X X 0 0 X 0 0 0 0 0 0 0 0 0 0 0 0 0 0 0 0 X 0 0 0 0 0 0 X 0 0 0 0 0 0 0 0 0 0 0 0 0 0 X 0 0 0 0 X 0 0 0 X X 0 X 0 0 0 0 0 0 X X X 0 X 0 0 X 0 0 0 0 0 X 0 X 0 0 X X 0 X 0 0 0 0 0 0 0 0 0 X X 0 0 0 0 X 0 0 X 0 0 0 0 0 0 X 0 X X 0 0 0 0 0 0 0 0 X 0 0 0 0 0 0 0 0 0 0 0 X 0 0 X 0 X 0 0 0 X 0 0 0 X X 0 0 0 0 0 0 0 0 X 0 0 0 0 0 X 0 0 X 0 X 0 X 0 X 0 0 X 0 0 X 0 X 0 0 X 0 X 0 0 0 0 X 0 0 0 0 0 0 0 X 0 0 X 0 0 0 0 0 0 X 0 0 0 0 0 X 0 0 X 0 0 0 0 X 0 X 0 X 0 0 0 0 0 0 0 0 0 0 0 0 0 X X 0 0 0 0 X 0 X 0 X X X 0 0 0 0 0 0 X 0 X 0 0 X X 0 0 0 0 X 0 0 X X 0 0 X 0 X 0 0 X 0 X 0 0 0 X
X 0 0 X X 0 0 0 X 0 0 X 0 0 0 X 0 0 X 0 0 0 0 0 0 0 X 0 0 X 0 0 0 0 0 0 0 X 0 0 0 0 0 0 0 X 0 0 0 0 0 0 0 0 0 0 X 0 0 0 0 0 0 0 0 X 0 0 X 0 0 0 0 0 0 0 X 0 X 0 X X 0 X 0 0 X X 0 0 X 0 0 X 0 X 0 0 0 0 0 0 0 0 X 0 0 0 0 0 0 0 0 0 0 0 0 0 0 0 0 0 0 X X 0 X 0 0 0 0 0 0 0 X X 0 0 X X X 0 X X 0 X 0 0 0 0 0 0 0 X X 0 0 0 X X 0 0 X 0 0 0 X 0 0 0 X 0 0 0 0 0 X X 0 0 0 0 0 X 0 0 0 X X 0 0 X 0 0 X 0 0 X 0 X 0 0 0 0 0 0 0 X 0 0 0 0 0 0 X 0 0 0 0 0 0 0 0 0 0 0 0 0 0 0 0 0 0 X 0 0 X X 0 0 0 0 0 0 0 0 0 0 0 0 0 X 0 0 0 0 0 0 X X 0 0 0 X 0 0 0 X 0 0 0 0 0 0 0 0 0 0 0 0 0 0 0 0 X 0 X 0 X 0 0 0 X 0 0 X 0 0 0 0 X 0 0 0 0 0 0 X 0 0 0 0 0 0 0 X 0 0 0 0 0 0 X 0 0 0 0 0 0 0 0 0 X 0 0 0 0 0 X 0 0 0 0 0 0 0 0 0 0 0 0 X X X 0 X 0 0 0 0 0 X 0 X 0 0 0 0 0 0 0 0 X X 0 0 0 0 0 0 0 0 0 0 0 0 0 0 0 0 0 0 0 0 X 0 0 0 0 X
X 0 0 0 X 0 0 0 0 0 X 0 X 0 0 0 0 0 0 0 0 0 0 0 0 X 0 X 0 X X 0 0 X 0 0 0 0 X 0 0 X 0 X 0 0 0 0 X 0 X 0 0 0 0 0 0 0 0 0 0 0 X 0 0 0 X 0 0 0 X 0 0 0 0 0 0 0 0 X 0 0 0 X 0 0 0 0 0 0 0 X 0 0 0 X 0 0 0 0 X 0 0 X X 0 0 0 0 0 0 0 0 0 X 0 0 0 0 0 0 0 0 0 0 X X X X 0 0 0 0 0 X 0 X 0 0 X 0 0 0 0 0 0 0 0 X 0 0 X 0 0 0 0 X 0 0 0 0 0 0 X 0 0 0 0 0 0 0 0 X 0 X 0 0 0 X 0 0 X 0 0 0 X 0 0 X 0 0 0 0 X 0 0 0 0 X 0 0 0 0 0 0 0 X X 0 0 0 0 0 0 0 0 0 0 0 0 0 0 X 0 0 0 0 0 0 0 0 0 0 0 X 0 0 0 X 0 0 0 0 0 X 0 0 0 0 0 0 X X 0 0 X 0 X X 0 0 0 0 0 0 0 0 0 0 X 0 0 X 0 0 0 0 0 0 0 0 0 0 0 0 0 X 0 0 0 0 0 0 0 0 0 0 0 X 0 0 0 0 0 0 0 0 0 X 0 0 X 0 0 0 0 0 0 0 0 X 0 0 X 0 0 X 0 0 0 0 X 0 0 X 0 0 0 0 0 0 X 0 0 0 0 0 0 0 0 0 X X 0 0 0 0 0 0 0 0 0 0 0 0 0 X 0 0 0 0 0 0 0 X 0 X 0 0 X 0 0 X 0 0 0 X 0 0 0 0 0 0 0 0 0 0 0 0 X
X 0 0 0 0 0 X 0 0 0 0 0 0 0 0 0 0 X 0 0 0 0 0 0 0 0 X 0 0 0 0 0 0 0 X 0 0 0 0 0 0 X 0 X 0 0 0 0 X 0 0 0 X 0 0 0 0 0 0 0 0 0 0 0 X X 0 0 0 0 0 0 0 0 0 0 0 0 0 0 0 0 0 0 0 0 0 0 X 0 X 0 0 X 0 0 0 0 0 0 0 0 0 0 0 0 0 0 0 0 0 0 0 X X 0 0 0 0 0 X 0 0 0 0 0 X 0 0 0 0 0 0 0 0 0 0 0 X 0 0 0 0 0 0 X X 0 0 0 X 0 0 0 0 X X 0 0 0 0 0 0 0 X X 0 0 0 0 0 0 0 0 X 0 0 0 0 X 0 X 0 0 0 0 0 0 X 0 X X 0 X 0 0 0 0 0 0 0 0 0 0 X 0 0 X 0 0 X 0 0 0 0 0 0 0 X 0 X 0 0 X 0 X X 0 0 0 0 0 0 X X 0 0 X 0 0 0 0 0 X 0 0 0 0 0 0 0 0 X 0 X X X 0 0 0 0 0 X 0 0 0 X 0 0 X 0 0 0 0 0 X X 0 0 0 0 0 0 0 0 0 0 0 0 0 X 0 0 0 0 0 0 X 0 0 0 0 0 0 X 0 0 0 0 0 0 0 0 0 0 0 X 0 X 0 X X 0 X 0 0 X 0 X 0 0 X 0 0 X X 0 0 0 0 0 0 X 0 0 0 0 0 0 0 0 0 0 0 0 0 0 0 0 0 0 0 0 0 0 0 X X 0 0 0 0 X X X 0 0 0 X 0 0 0 0 0 0 0 0 0 0 X X 0 X 0 0 0 0 X X X
X 0 0 X X 0 0 X 0 0 X 0 0 0 0 0 0 0 0 X X 0 0 X 0 0 0 0 0 0 0 0 0 0 0 0 0 0 0 0 0 0 0 0 0 0 X 0 0 0 0 0 0 0 X 0 0 0 X 0 0 0 0 0 0 0 0 0 0 0 0 0 0 0 X 0 0 0 0 0 0 0 0 0 0 0 0 0 0 0 0 0 0 0 0 0 X 0 0 0 0 0 0 X 0 X 0 0 0 X 0 X 0 0 X 0 0 X 0 0 0 0 0 0 0 0 0 0 0 0 0 0 X 0 0 0 0 0 0 0 0 0 0 0 0 X X 0 0 0 0 0 0 0 0 0 0 0 0 0 0 0 0 0 0 X 0 X 0 0 X 0 0 0 0 0 0 0 0 0 0 0 0 X 0 0 X 0 X 0 0 X 0 0 0 0 0 0 0 0 0 0 0 0 0 0 0 0 X 0 0 0 0 0 0 X 0 0 0 0 0 0 0 X 0 0 X 0 0 0 0 X X 0 0 0 0 0 0 0 0 0 0 X 0 0 X 0 0 0 X 0 X 0 0 0 0 0 0 0 X 0 0 0 X 0 0 0 0 0 X 0 0 0 0 0 X 0 0 0 0 0 0 X 0 X 0 0 0 X 0 X X 0 X X 0 0 0 0 0 0 0 0 0 X 0 0 0 0 X 0 X 0 0 0 0 0 0 X 0 0 0 X X 0 0 0 0 0 0 0 0 X 0 0 X 0 0 0 0 0 0 0 X 0 X 0 X 0 0 0 0 0 0 0 0 0 0 0 0 0 0 0 0 0 0 0 0 0 0 X X 0 0 0 0 X X X 0 0 0 0 X 0 0 0 0 X 0 0 0 0 0 0 0 0 0 X
X 0 0 0 0 0 0 0 0 0 0 0 0 0 0 0 0 0 0 0 0 0 X X X 0 0 0 0 0 0 X 0 0 0 0 0 X 0 0 0 0 0 0 X X 0 0 0 X 0 0 X 0 0 0 0 0 0 0 0 0 0 0 X 0 0 X 0 X X 0 0 0 0 0 0 X 0 0 0 0 0 0 0 0 0 0 0 X 0 0 0 0 0 X X 0 0 X X 0 X X X X 0 0 0 0 0 X 0 0 X 0 0 0 0 0 X 0 0 X 0 X X 0 0 0 0 0 0 0 0 0 0 0 0 0 0 0 X X X 0 0 0 0 0 0 0 0 0 0 0 0 0 0 0 X 0 0 0 0 0 0 X 0 0 X 0 0 0 0 0 0 0 0 0 X X 0 0 0 0 0 0 X 0 X 0 0 0 X 0 0 0 X 0 0 0 0 0 0 0 0 X X 0 0 0 0 0 0 0 0 0 X 0 0 0 0 0 0 0 0 X X 0 0 0 0 X 0 X 0 X 0 0 0 0 X X 0 0 0 0 0 0 0 0 0 0 0 X 0 0 0 0 0 0 0 X 0 X 0 0 0 X 0 0 0 X 0 0 0 0 0 0 0 0 0 0 0 0 0 0 X 0 0 X 0 0 0 0 0 0 0 0 0 0 0 X 0 0 X 0 0 0 0 0 0 0 0 0 X 0 0 X 0 0 X 0 0 0 X X X 0 0 0 0 0 0 0 0 X 0 0 0 0 0 0 0 X 0 X 0 X 0 X 0 0 0 0 X 0 0 0 0 0 0 0 0 0 0 0 0 0 0 0 0 0 0 0 0 0 0 0 0 0 X X X 0 X 0 0 0 0 0 0 0 X 0 0 0 0 X
X X 0 0 0 X 0 X 0 0 0 0 X 0 0 0 X X 0 0 0 0 0 0 X X 0 0 0 0 0 0 0 X 0 X 0 X 0 X 0 0 0 0 X 0 X 0 0 0 0 0 0 0 0 0 0 X X 0 0 0 0 0 0 X 0 X X 0 0 0 0 X 0 0 0 0 0 0 X X 0 0 0 0 0 0 0 0 0 X 0 0 0 0 0 0 X X X 0 0 0 0 0 0 0 X 0 0 X 0 X X 0 0 0 0 X X 0 0 X 0 0 0 0 0 0 0 0 0 0 0 X X 0 0 X 0 X 0 0 0 0 0 0 0 0 0 0 0 0 0 0 0 0 0 0 0 X 0 X 0 0 0 0 0 X X 0 X 0 0 0 0 0 X X 0 X 0 0 0 0 0 0 0 0 X 0 0 0 0 0 0 X 0 0 0 0 0 0 0 0 0 0 0 0 X 0 0 0 0 0 X 0 0 0 0 X 0 0 0 0 0 0 0 0 0 0 0 0 0 X 0 0 0 0 0 X 0 0 0 X 0 X 0 0 0 0 0 0 0 0 0 0 X 0 X 0 0 0 0 0 0 X X X 0 0 X X 0 X X 0 0 0 X X 0 0 0 0 X 0 0 X X 0 0 0 0 X 0 0 0 0 X X 0 X 0 0 0 0 0 0 0 0 0 0 0 0 0 0 0 0 0 0 0 0 0 0 X X 0 0 0 0 X 0 X 0 0 0 0 0 0 0 0 X 0 X 0 0 0 X X 0 X 0 0 0 0 0 X 0 0 0 0 0 0 X 0 0 0 0 0 0 0 0 0 X X 0 0 0 0 0 0 0 0 X 0 0 0 0 0 0 0 0 0 0 X 0 X X
X 0 0 0 0 0 X 0 X 0 X 0 0 0 0 X 0 0 0 0 X X 0 X 0 0 0 0 X X 0 0 X 0 0 0 0 0 0 X 0 0 0 0 0 0 0 0 0 0 0 0 0 0 0 X X 0 0 0 0 0 0 X X 0 X 0 X 0 X 0 0 0 0 0 0 0 0 0 0 0 0 0 0 0 0 0 0 0 0 0 0 0 0 X 0 0 X 0 0 0 X 0 0 0 0 0 0 0 0 0 0 0 0 0 0 0 X 0 0 0 0 0 0 X 0 0 0 0 0 0 0 0 0 0 X X X X 0 0 0 X 0 0 0 X 0 0 0 X 0 X 0 0 0 X 0 0 0 0 0 X 0 X 0 X 0 0 0 0 0 0 0 0 0 0 0 0 0 X 0 0 0 0 0 X X 0 X 0 0 0 0 0 0 0 X 0 0 X 0 0 0 0 0 0 0 0 0 0 0 0 0 0 0 X 0 X 0 0 0 0 0 0 0 0 0 0 0 X 0 0 0 0 X 0 0 0 0 0 0 0 X 0 0 0 0 0 0 0 X 0 0 X 0 0 0 0 0 X 0 X 0 0 0 X 0 X 0 0 0 0 0 X 0 0 X 0 X 0 0 X 0 0 0 X X 0 0 X 0 0 X 0 0 X 0 0 X 0 X 0 0 0 0 0 0 0 0 0 0 0 0 0 0 0 0 0 0 0 0 0 X X 0 X 0 X 0 X 0 X X 0 0 0 0 0 0 0 0 0 0 0 X 0 0 0 0 X X 0 X X X 0 0 0 0 0 0 0 0 0 X X 0 0 X X X 0 0 X 0 0 0 0 0 X 0 0 0 X X X 0 0 0 X 0 0 0 0 0 0 X X
X X 0 X 0 0 0 0 0 0 0 X X 0 0 X 0 X 0 0 0 0 0 0 0 0 0 X 0 0 0 0 0 0 0 0 X 0 0 X 0 0 0 0 0 0 X 0 0 X 0 0 0 0 0 0 X X 0 X 0 0 X X 0 0 0 X 0 0 0 0 0 0 0 0 X X 0 0 X 0 0 0 0 0 0 0 0 0 0 0 0 0 0 0 0 0 X X 0 0 0 0 0 0 0 0 0 0 0 0 0 0 0 0 X 0 0 X 0 0 0 0 0 0 0 0 X 0 0 0 0 X 0 0 X 0 0 0 X 0 0 0 0 0 0 0 0 0 0 X 0 0 X 0 0 0 X 0 X X 0 0 0 0 0 0 0 0 0 X 0 0 0 0 0 0 0 0 0 0 0 0 X 0 0 0 0 X X X 0 0 0 0 0 0 X 0 0 0 0 0 0 0 X 0 0 0 0 0 0 X 0 0 0 0 0 0 0 X 0 0 0 0 X X 0 X 0 0 0 0 0 0 0 X 0 0 0 0 0 0 X 0 0 X 0 0 X 0 0 0 X X X X 0 0 0 0 0 0 0 X 0 0 X 0 0 X X 0 0 X 0 0 0 0 0 0 0 0 0 0 0 0 X 0 0 0 0 0 0 0 0 0 X 0 0 X 0 0 0 0 0 0 0 0 0 0 0 0 0 0 X 0 0 X 0 0 0 0 0 0 0 X 0 0 X 0 0 0 X 0 X X 0 X X 0 0 0 0 0 X 0 0 0 X 0 X 0 X 0 0 0 0 0 X 0 0 0 0 0 X 0 0 0 0 0 0 0 0 0 0 0 X 0 X 0 0 0 0 0 0 0 0 0 0 0 0 0 0 X X 0 0 X
X 0 0 0 0 0 0 0 X 0 X 0 0 0 0 0 0 0 0 0 0 0 X 0 0 0 X 0 X X 0 0 0 0 0 0 0 0 0 0 0 X 0 0 0 0 0 0 0 0 0 0 0 0 0 0 X 0 0 X 0 0 X X X 0 0 0 X 0 0 0 0 0 0 0 0 0 X 0 0 0 0 X 0 0 X X X X 0 0 0 0 X X 0 0 0 0 X 0 0 X 0 0 X 0 0 0 0 0 X X 0 0 X 0 0 0 0 X 0 0 0 0 X 0 0 0 0 0 X 0 0 0 0 0 0 0 X 0 X 0 0 0 0 X 0 X 0 0 X 0 0 0 0 X 0 0 0 0 0 0 X 0 0 0 X 0 0 0 0 0 0 0 0 0 0 0 X 0 X X 0 X 0 X 0 0 0 0 0 0 0 0 0 0 0 0 0 0 0 0 X 0 0 0 0 X 0 X X 0 X 0 0 0 0 0 0 X 0 0 0 X 0 0 0 0 0 0 0 0 0 0 0 0 X X 0 0 0 0 0 0 0 0 0 0 X 0 0 0 X X 0 0 X X 0 0 0 X 0 0 0 0 0 0 0 X 0 0 0 0 0 0 X 0 0 0 0 0 0 0 0 0 0 X 0 0 0 0 X 0 0 X X 0 0 X 0 0 0 0 0 0 0 0 0 0 0 X 0 0 0 0 0 X 0 0 0 0 0 0 0 X 0 0 0 0 0 0 0 0 0 X X 0 0 0 0 0 0 0 X 0 X X 0 X 0 0 X X 0 0 X X 0 0 0 0 0 0 0 0 0 0 X 0 0 X 0 0 0 X 0 0 0 0 0 0 0 0 X 0 0 0 0 0 0 X 0 0 0 0 0 X
X X 0 0 X X 0 0 0 0 X 0 0 0 0 X 0 X X 0 0 0 0 0 0 0 0 0 0 0 X 0 0 X 0 0 0 0 0 0 0 0 0 0 0 X 0 0 0 X 0 0 0 0 X X X 0 0 0 0 0 X 0 0 X 0 0 0 X 0 0 X 0 X 0 X 0 X 0 0 0 0 0 0 0 0 0 X X 0 0 0 0 0 0 X 0 0 0 0 0 0 X X 0 0 0 0 0 0 X X 0 0 0 0 0 0 0 0 0 X 0 0 0 0 0 0 0 X 0 0 0 0 X 0 0 0 0 X 0 0 0 0 0 0 X 0 X 0 0 X 0 X 0 0 0 0 X 0 0 0 0 0 0 X 0 0 0 0 0 0 0 0 0 0 0 X X 0 X 0 0 0 0 0 0 0 0 0 0 0 0 0 0 0 0 0 X X 0 0 X 0 0 0 0 0 0 0 0 X 0 0 0 0 0 0 X 0 X 0 0 0 0 0 0 0 0 0 0 0 0 0 0 X 0 0 0 0 0 X X X 0 0 0 0 0 0 0 0 0 X 0 0 0 X 0 0 0 0 0 0 0 0 0 0 X 0 0 0 0 0 0 0 0 0 0 0 X X 0 X 0 0 0 0 0 0 0 0 0 X X 0 0 0 X 0 0 0 0 X 0 0 X 0 0 0 0 0 0 0 X 0 0 0 0 0 0 0 0 0 0 X 0 0 0 0 0 0 X 0 X 0 0 0 0 X 0 0 0 0 0 0 0 0 0 0 0 0 0 X 0 0 0 X 0 0 0 0 0 X 0 0 0 0 0 0 0 0 0 0 X X 0 0 0 X 0 0 X 0 X 0 0 0 0 0 0 0 X 0 0 0 0 0 X
X X X 0 0 0 0 0 0 0 0 X 0 0 X 0 X 0 X X 0 0 X 0 0 0 0 X 0 0 0 X 0 X 0 0 0 X 0 0 0 0 0 0 0 0 0 X 0 X X 0 0 0 X X 0 0 0 X 0 X X X 0 0 0 0 0 0 X 0 0 0 0 0 X 0 0 0 0 0 0 X X 0 0 0 0 0 0 0 0 0 0 0 0 0 0 0 0 0 0 0 0 0 0 0 0 X 0 X 0 0 0 0 0 0 X 0 X 0 0 X 0 0 0 0 0 0 X 0 0 0 0 X X 0 X 0 X 0 0 0 0 0 0 0 0 0 0 0 0 X 0 X 0 X 0 0 0 0 0 X 0 0 X X X X 0 0 0 X 0 X 0 0 0 0 0 0 0 X 0 0 0 0 0 0 0 0 0 0 0 X 0 0 0 0 0 0 0 0 0 X X X X 0 0 0 0 0 0 0 0 X 0 0 0 0 0 X 0 0 X 0 0 0 0 0 0 0 0 0 0 0 0 0 0 0 0 0 X 0 0 0 0 0 0 X 0 0 0 0 0 0 X X 0 0 0 0 X X 0 0 X X 0 0 0 0 0 0 0 0 0 0 X 0 0 0 0 0 0 0 0 0 0 X 0 X 0 0 X 0 X 0 0 0 0 X 0 0 0 0 0 X 0 0 0 0 0 0 X 0 0 0 0 X X 0 0 0 X 0 0 0 0 0 0 0 0 0 0 0 0 0 X 0 0 0 0 0 0 0 0 0 0 0 0 X X 0 X X 0 0 0 X X 0 X 0 0 X 0 X 0 0 0 X 0 0 0 0 0 0 0 0 0 0 0 0 0 0 0 0 X X 0 X 0 X 0 0 0 X
X 0 0 0 X X 0 0 X X 0 X X 0 X X X 0 0 0 0 0 X X 0 0 0 0 0 0 0 X 0 0 X 0 0 0 X X 0 0 0 0 0 0 0 X 0 0 0 X 0 0 0 0 0 X 0 0 0 0 0 0 0 0 0 0 0 0 X 0 0 0 0 X 0 X 0 0 0 0 0 X 0 0 X 0 0 X X 0 0 0 0 X 0 0 0 0 0 0 0 0 0 X 0 X 0 0 0 X 0 0 0 X X 0 0 X X X 0 X 0 X 0 0 0 0 0 0 X 0 0 0 0 0 0 X 0 0 0 0 0 X 0 0 0 0 0 X X 0 0 0 0 0 0 0 0 0 0 0 0 0 0 0 X 0 X X 0 0 0 0 0 X 0 0 0 X 0 X 0 0 X 0 0 0 0 0 0 0 0 0 0 0 0 0 0 X 0 0 0 0 0 0 0 X X 0 0 0 X X X X 0 0 X 0 0 0 0 0 0 X 0 0 0 0 X X 0 0 0 X 0 0 0 0 0 0 0 0 0 0 X X 0 0 0 X X 0 0 0 0 0 0 0 0 X 0 0 0 0 0 0 0 X 0 0 0 0 X 0 X 0 0 0 X 0 0 X 0 0 0 X 0 X X 0 0 0 X 0 0 X X 0 0 X X 0 0 0 0 0 0 0 0 X 0 X 0 0 0 X 0 0 0 0 0 0 0 0 0 X 0 0 0 0 0 0 0 0 0 0 0 0 0 0 0 0 0 0 0 0 0 X 0 0 0 0 0 0 0 0 0 0 0 0 X 0 0 X 0 0 X X X 0 0 0 0 0 0 0 0 0 0 X X 0 0 0 0 0 X X 0 X X X 0 0 0 X
X 0 0 0 X 0 0 0 X X 0 0 0 0 0 0 X X 0 0 X 0 X 0 0 0 0 X 0 0 X 0 0 X X X 0 0 0 0 X 0 0 0 X 0 0 0 X 0 0 0 0 0 0 X 0 0 0 0 X X X 0 0 0 0 0 0 0 0 0 X 0 0 0 0 0 0 0 0 0 0 0 0 0 0 0 X 0 0 0 0 0 0 0 0 X 0 0 0 0 0 0 0 0 0 0 0 0 X 0 0 0 0 0 0 X 0 0 0 0 0 0 0 0 0 X 0 0 0 0 0 0 0 0 0 0 0 0 0 X 0 X 0 0 X X 0 0 0 0 0 0 X 0 0 X 0 0 0 0 X 0 0 0 0 0 0 0 0 0 0 0 0 0 0 0 X 0 X X X 0 0 0 0 0 0 0 0 0 0 0 0 0 0 X 0 X 0 0 0 0 0 0 0 0 0 X X 0 0 0 0 0 X X X 0 0 0 0 0 X 0 0 X 0 0 0 0 0 X 0 0 0 X 0 0 0 X 0 X 0 0 0 0 X 0 0 0 0 0 0 0 X X 0 0 0 0 0 X 0 X 0 0 0 X X X 0 0 0 0 0 0 0 X 0 0 X 0 X 0 0 X 0 X 0 0 0 0 0 0 0 0 0 0 0 0 0 0 0 0 0 0 0 0 X 0 0 0 0 X X 0 0 0 0 0 0 0 0 0 0 X X 0 X 0 0 0 X 0 0 0 0 0 X X 0 0 X X 0 0 0 0 0 0 0 0 0 0 0 0 0 0 X 0 X 0 0 0 0 0 0 0 0 0 0 0 0 0 0 0 0 0 0 0 0 X 0 0 0 0 0 0 X 0 0 0 0 0 0 0 0 X
X 0 0 X 0 0 0 0 0 0 0 0 0 0 X 0 0 0 0 0 0 X 0 0 0 X 0 0 0 0 0 0 0 0 X 0 0 0 X 0 0 X X 0 X 0 X X 0 0 0 0 0 X 0 0 0 0 0 0 0 X 0 0 0 0 0 X 0 0 X X 0 0 X 0 X 0 X 0 0 0 0 0 0 0 X 0 0 X 0 0 0 0 X 0 0 0 0 0 0 X X 0 0 0 0 0 0 0 0 0 0 0 0 0 0 0 0 0 X 0 0 0 0 0 0 0 0 0 X 0 0 X X X 0 X X 0 0 X X 0 0 0 0 0 0 0 0 0 0 X 0 X 0 0 X 0 0 0 0 0 0 0 0 0 0 0 0 X 0 0 0 X 0 X 0 0 0 X 0 0 0 0 X 0 0 X 0 0 X 0 0 X X 0 0 0 X 0 0 0 0 0 0 0 X X 0 X 0 X X 0 0 X X 0 0 X X 0 0 0 X 0 0 X X 0 0 0 X 0 0 0 0 0 0 0 0 0 0 0 X X X X 0 0 0 0 0 0 0 0 0 X 0 0 0 0 0 0 X 0 0 0 0 0 0 0 0 0 X 0 0 0 0 0 X 0 X 0 0 X 0 0 0 0 0 0 0 0 0 0 X 0 X 0 X X 0 0 0 0 0 X 0 X 0 0 0 0 0 0 0 0 0 0 0 0 0 X X 0 0 X 0 0 0 0 0 0 0 0 0 0 0 X 0 0 X 0 X 0 0 X 0 X 0 0 0 0 0 0 X X 0 0 0 0 0 0 0 X X 0 X 0 X X 0 0 0 0 0 0 0 X 0 0 0 0 X 0 0 0 X 0 0 0 0 X 0 X 0 X
X 0 0 X 0 0 0 X 0 X 0 0 0 0 0 0 0 0 X 0 X 0 0 0 0 0 0 X X 0 0 X 0 X 0 0 X 0 0 X 0 0 X 0 0 X 0 0 0 0 X 0 0 0 X 0 0 0 0 0 X 0 X X 0 0 X 0 0 0 0 0 0 0 0 X 0 0 X 0 0 0 X 0 0 0 0 0 0 0 0 X 0 0 0 0 0 X 0 0 0 0 0 X 0 0 0 X X 0 X 0 0 0 0 0 0 0 0 X 0 0 0 0 0 0 0 0 0 X X 0 0 0 0 X X 0 0 0 0 0 0 0 0 0 0 0 0 0 0 0 0 0 0 0 0 0 X 0 0 X 0 0 0 0 0 0 0 0 0 0 0 X 0 0 0 0 X 0 0 0 X 0 0 0 0 0 X 0 0 X 0 X X 0 X 0 0 0 0 0 0 0 0 0 0 0 0 0 0 0 0 0 0 X X 0 0 0 0 0 0 0 0 0 0 0 0 0 0 0 X 0 0 X 0 0 0 0 0 0 X 0 X 0 0 X 0 0 0 0 0 X X X 0 0 0 0 0 0 0 0 0 0 0 0 0 0 X 0 0 X 0 0 0 0 0 0 0 0 0 0 0 X 0 0 0 X 0 X X 0 0 0 0 X 0 0 0 0 X 0 X 0 0 0 0 X 0 0 0 0 X 0 X X 0 0 0 0 0 0 0 X 0 0 0 0 0 0 0 X 0 0 X 0 0 0 0 0 0 0 0 0 0 0 0 0 0 0 0 0 0 0 X 0 0 0 0 0 X 0 0 X 0 0 0 0 0 0 0 0 0 0 X 0 0 0 0 X 0 0 0 0 0 0 0 0 0 0 0 0 X 0 0 0 X X
X X X 0 0 0 0 0 0 0 0 X X X X 0 0 0 0 0 0 X 0 0 0 0 X 0 0 0 X 0 0 X 0 0 0 0 X 0 0 0 0 0 X 0 0 0 0 0 0 0 0 0 0 X 0 0 0 X 0 0 0 0 0 0 0 X X 0 0 0 X 0 0 0 0 0 0 0 0 X 0 0 0 0 X 0 0 X 0 X 0 0 0 0 0 0 0 0 0 0 0 0 X X 0 0 0 0 X 0 X 0 0 X 0 0 0 0 0 0 0 0 0 0 0 0 0 0 0 0 0 X 0 0 X 0 0 0 X 0 0 0 0 0 0 0 0 X X 0 X 0 0 0 X X 0 0 0 0 0 0 X 0 0 X 0 0 0 0 0 0 0 X 0 X 0 0 0 0 0 0 0 0 0 0 0 0 0 X 0 0 X 0 0 0 X 0 0 X 0 0 0 0 0 0 0 0 0 0 0 0 0 0 0 0 X 0 0 0 0 0 0 0 0 0 X 0 0 0 X 0 0 0 0 X 0 0 X 0 0 0 0 0 0 X 0 0 0 0 X X X 0 0 0 X 0 X 0 X 0 0 0 0 0 0 0 X X 0 0 0 0 0 X 0 X 0 0 X 0 0 0 0 0 0 0 0 0 0 0 0 0 0 0 0 X 0 0 0 0 0 0 0 0 0 X 0 X X 0 0 0 0 X 0 0 0 X X 0 0 0 0 0 0 0 X 0 0 X 0 X 0 0 0 0 0 0 X 0 0 0 0 0 0 0 X 0 0 0 0 0 X 0 X 0 0 0 0 0 0 0 0 0 X 0 0 0 0 X 0 0 X X 0 X 0 X 0 0 0 X 0 0 0 0 X 0 0 0 0 0 0 0 0 X
X 0 0 0 0 0 0 0 X 0 X 0 0 0 0 X 0 0 0 0 0 X 0 0 X 0 0 0 0 0 0 X 0 X 0 0 0 0 0 0 0 0 0 0 0 0 X 0 0 0 0 0 0 0 0 0 0 X 0 X X 0 0 X 0 X X 0 0 0 0 X 0 0 X 0 0 X 0 0 0 0 0 0 0 0 0 X X 0 X 0 0 0 0 0 0 X 0 0 0 0 X X 0 X 0 X 0 0 0 0 0 0 0 0 0 0 0 0 0 0 0 0 X 0 0 X 0 0 0 X 0 0 X 0 0 X 0 0 0 0 0 X 0 0 0 0 0 X 0 0 0 X 0 0 0 X 0 0 0 0 0 0 0 X X 0 0 0 0 0 0 0 0 0 0 X 0 X 0 0 X 0 0 X 0 0 X 0 X X 0 0 0 0 0 X 0 0 X 0 0 0 0 0 0 0 0 0 0 0 X 0 X 0 0 0 0 0 X 0 X 0 0 0 0 X 0 0 X 0 0 0 0 0 0 0 0 0 X 0 X 0 0 0 0 0 0 0 0 0 0 0 0 0 0 0 X 0 X X 0 X X 0 X 0 0 0 0 0 X X X X 0 X 0 0 X 0 X 0 0 0 0 0 0 0 0 0 X 0 X X 0 X 0 0 0 X 0 0 X X X 0 0 0 0 X 0 0 0 X X X 0 0 0 0 0 0 0 0 0 0 X 0 0 0 X 0 0 0 0 0 0 0 X 0 0 0 0 0 0 X 0 0 X 0 0 0 0 0 0 0 0 0 0 X 0 0 0 0 0 X 0 X 0 X 0 0 0 X 0 0 0 0 0 0 0 0 0 0 0 0 0 X 0 X 0 0 0 X 0 0 X X
X 0 0 X 0 0 X 0 0 0 X 0 0 0 0 0 0 0 0 0 0 0 0 0 0 0 X 0 X X X 0 X 0 0 0 0 0 0 0 X 0 0 0 0 0 X 0 0 X X 0 0 0 0 0 0 0 0 0 0 0 X X X 0 0 0 0 0 X X 0 0 0 0 X 0 X 0 0 0 0 0 0 X X 0 0 X 0 0 0 0 X X X 0 X 0 0 0 0 X 0 0 0 X X 0 X 0 X 0 X 0 0 0 X 0 X X 0 0 0 0 0 0 0 0 X 0 0 0 0 0 X 0 0 0 0 0 0 X 0 0 0 0 0 0 0 0 0 X 0 0 0 0 0 X 0 X X X 0 0 0 0 0 0 X 0 0 0 0 X 0 0 0 X 0 0 0 0 0 0 0 X 0 0 0 0 0 0 X 0 0 0 0 0 0 0 X 0 0 0 X X 0 0 0 0 0 X 0 X X 0 0 0 X X X 0 X 0 0 X 0 0 0 0 0 0 0 0 0 0 0 0 0 0 0 0 0 0 X 0 0 0 0 0 X 0 0 0 0 0 X 0 0 0 0 0 0 0 0 0 X 0 X 0 0 X 0 0 0 X 0 0 0 0 X 0 0 0 X 0 0 0 0 0 0 0 X 0 0 X 0 0 0 0 0 0 0 X X 0 0 0 0 0 0 0 0 0 0 0 X 0 0 0 0 0 0 0 0 0 0 0 0 X 0 0 0 0 X X 0 0 0 X 0 0 0 0 0 X 0 0 0 0 0 X 0 0 X 0 0 0 0 0 0 X 0 X 0 0 0 0 0 X 0 0 0 X X 0 0 0 0 0 0 0 0 0 0 0 0 0 0 0 0 0 0 0 X X 0 X
X 0 0 X 0 X 0 0 X 0 0 0 X 0 0 0 0 0 0 X 0 0 X 0 0 0 0 0 0 0 0 X 0 0 0 0 0 0 X 0 0 X X X X 0 0 0 0 0 0 X 0 0 0 0 0 0 0 0 0 X 0 0 X 0 0 0 0 0 0 0 X 0 X 0 0 0 0 X 0 0 0 0 0 X 0 X X 0 X 0 0 0 0 0 X 0 X X 0 0 0 0 0 0 0 0 0 0 0 0 X 0 X 0 0 0 X 0 0 0 0 0 0 0 X 0 0 0 0 0 X 0 0 X 0 0 X X 0 0 0 X 0 0 0 0 0 0 X 0 0 X 0 0 0 0 0 X 0 0 0 0 0 0 0 0 0 X X 0 X 0 0 0 0 X 0 0 0 0 0 0 0 X 0 X X 0 X 0 X 0 0 0 0 0 X 0 0 0 0 0 0 0 X 0 0 0 0 0 0 X 0 0 0 0 X 0 X X 0 0 0 0 X 0 0 0 0 0 X X 0 0 0 0 0 X X 0 0 0 0 X 0 0 0 0 X 0 0 0 0 0 0 0 0 0 0 0 0 0 0 0 0 0 0 0 0 0 X 0 0 X 0 0 X 0 X 0 0 X X 0 0 0 X X X X 0 0 0 0 X 0 0 0 0 0 0 0 0 0 X 0 0 0 0 0 X 0 X 0 X 0 0 0 0 0 0 0 0 0 X X 0 0 0 0 X 0 0 0 X 0 0 0 X 0 0 X X 0 0 X X 0 0 0 0 0 X 0 X 0 0 X 0 0 0 0 0 X X 0 0 X X 0 X 0 0 0 0 0 X X 0 0 0 X 0 0 0 0 0 0 0 X 0 0 0 0 X X 0 X
X 0 0 0 0 0 0 0 X 0 0 0 0 0 0 0 X 0 0 0 0 0 0 0 X 0 0 0 X X X 0 X 0 X 0 0 0 X 0 0 0 0 0 0 0 X 0 0 0 0 0 0 0 0 0 0 0 0 0 0 0 X 0 0 0 0 0 0 0 0 0 0 0 0 X X 0 0 0 X 0 X 0 0 0 0 0 0 0 0 0 0 0 0 0 X X X 0 X 0 0 0 0 X 0 0 0 0 0 0 0 0 0 0 X 0 0 0 0 0 0 X X X 0 0 0 0 0 0 0 0 0 0 0 0 0 0 0 X 0 0 X 0 0 X 0 0 0 0 X 0 0 0 0 0 0 0 0 0 0 0 0 0 X 0 0 0 0 X 0 0 0 0 X 0 0 X 0 X 0 0 0 0 0 0 0 0 X 0 0 0 0 0 0 0 0 0 0 0 0 0 0 X 0 0 0 X X 0 0 0 0 0 0 0 X 0 0 0 0 0 0 0 0 X 0 X 0 0 0 0 0 X X 0 0 0 0 0 0 0 0 0 X 0 0 0 0 X 0 X 0 X 0 0 0 0 X 0 0 0 0 0 0 0 X X 0 X 0 0 0 0 X 0 0 0 0 0 0 0 0 X X 0 X 0 0 0 0 X 0 0 0 0 0 0 0 X 0 0 0 X 0 0 0 0 0 0 0 X X 0 0 0 0 0 X 0 X 0 0 0 X 0 0 0 0 X 0 0 0 0 0 0 0 0 0 0 0 0 0 0 0 0 0 0 X 0 0 X 0 0 0 0 0 0 0 0 0 0 0 0 0 X 0 0 X 0 0 X 0 0 0 0 0 0 0 0 0 X 0 0 0 0 0 X 0 0 0 X 0 0 X 0 0 X
X X 0 0 X 0 X 0 0 X 0 0 0 0 0 0 0 0 0 X 0 X X X X 0 0 0 0 X 0 0 0 0 0 0 0 0 0 0 X 0 X 0 X X 0 X 0 0 0 0 0 0 0 0 0 0 X 0 0 X 0 0 0 X 0 0 X 0 0 0 0 X 0 0 0 X 0 0 0 0 0 0 0 0 X X 0 0 0 0 0 0 0 0 0 0 0 0 0 0 0 0 0 0 0 X 0 X 0 0 0 X 0 0 0 0 X 0 0 0 0 0 0 0 0 X 0 X X 0 X 0 0 X 0 0 0 X X 0 X 0 0 0 0 0 0 0 X 0 X 0 0 0 0 0 X 0 0 0 0 0 0 0 0 0 0 0 0 0 0 0 0 0 0 0 0 0 0 X 0 0 0 0 0 0 0 0 0 0 0 0 0 0 0 0 X X X 0 0 0 X 0 0 X 0 0 0 0 0 0 X 0 X X 0 0 X 0 X 0 0 0 0 0 0 0 0 0 0 X 0 0 0 X 0 0 X 0 0 0 0 0 0 X 0 0 0 0 0 X X 0 X X 0 0 0 0 0 0 0 0 0 X X 0 0 X 0 X 0 X 0 0 0 0 0 0 0 0 X 0 0 X 0 0 0 0 0 0 0 0 X X 0 X 0 0 0 0 0 0 0 0 0 X X X X 0 0 0 0 0 0 0 0 0 0 0 0 0 0 0 0 0 0 0 0 0 0 X 0 0 0 0 0 X 0 0 0 0 0 0 0 0 X X 0 0 X 0 0 0 0 X 0 X 0 0 X 0 X 0 0 0 0 0 0 0 0 0 0 0 X 0 0 0 X 0 0 0 0 0 X 0 0 0 0 0 0 X 0 0 X X
X 0 0 0 X X 0 X 0 0 0 X 0 0 0 0 0 0 0 0 0 0 0 0 0 0 0 0 X 0 X 0 0 0 0 0 0 0 0 X 0 0 0 X 0 0 0 0 0 0 0 X 0 0 0 0 X 0 0 X 0 0 0 0 0 0 0 0 0 0 0 0 0 0 0 0 0 0 X X 0 0 0 X 0 0 0 0 X X 0 0 0 0 0 X 0 X X 0 0 X 0 0 X 0 X 0 0 X 0 0 X 0 0 0 X 0 0 0 X 0 0 0 X 0 0 X 0 0 0 0 0 0 0 0 0 0 0 0 0 X 0 0 0 0 0 0 0 0 0 0 0 0 X 0 0 0 X X 0 0 X 0 X 0 0 0 0 0 0 0 X 0 0 0 0 0 0 X 0 0 0 X 0 0 0 0 0 X 0 0 0 0 0 0 0 0 0 X 0 X 0 0 0 0 0 0 0 0 0 X 0 0 X 0 0 0 0 0 0 0 0 0 0 0 0 0 0 X 0 0 X X 0 X 0 0 0 0 0 0 0 0 0 X 0 0 0 0 0 0 X 0 X 0 0 0 0 0 0 0 0 0 0 0 0 0 0 0 X 0 0 0 0 X 0 X 0 X 0 0 0 0 0 0 X X 0 0 X 0 0 X X 0 X 0 X X 0 0 0 X 0 0 0 0 X 0 0 0 X 0 0 0 0 0 X 0 0 0 0 0 0 0 0 0 0 X 0 0 0 0 0 X 0 0 0 0 0 0 0 0 0 0 0 0 0 0 0 0 0 0 0 0 X X 0 X 0 0 0 X 0 0 0 0 0 0 X X X 0 0 0 X 0 X 0 0 X 0 0 X 0 0 0 0 0 X 0 0 0 0 X 0 0 X X
X 0 0 0 0 0 0 0 0 0 0 X 0 0 0 0 X X 0 0 0 0 0 0 0 0 0 0 0 0 0 0 0 0 0 X 0 0 0 0 X 0 0 0 0 0 0 0 0 X 0 0 X 0 0 0 0 X 0 0 X 0 X 0 0 0 0 0 0 0 0 0 0 X 0 0 0 0 X 0 0 0 0 0 0 0 0 0 X 0 X 0 0 0 0 0 0 X 0 0 0 0 0 X 0 0 0 0 0 0 X 0 X 0 X 0 0 0 0 0 0 X X X X X 0 0 0 0 0 0 0 0 0 0 0 0 0 0 0 X 0 0 0 X 0 X 0 0 X 0 0 0 0 0 0 X X 0 0 0 0 0 0 0 0 0 0 X 0 0 0 0 0 0 X 0 0 0 X 0 X 0 0 0 0 0 0 0 0 0 0 X 0 0 0 0 X 0 0 0 0 0 X 0 X 0 0 0 0 X 0 0 0 0 0 0 0 0 0 0 0 0 0 0 0 0 X X 0 X 0 X 0 X X 0 0 0 0 X X X X X 0 0 X 0 X 0 0 0 0 0 0 0 X 0 0 0 0 0 0 0 X 0 0 0 0 0 0 0 0 X 0 0 0 0 0 X 0 0 X X 0 0 0 0 X 0 0 0 0 0 0 0 0 X 0 0 0 0 0 0 0 X X 0 0 0 0 0 X 0 0 0 0 0 X 0 0 0 X X 0 0 0 0 0 0 0 0 0 0 X 0 0 0 0 0 0 0 0 0 0 0 0 0 0 0 0 0 X X 0 0 X X 0 X 0 0 0 0 0 X 0 X 0 X X X 0 0 0 0 0 0 0 0 0 0 0 0 0 0 0 X 0 0 0 0 0 0 X 0 0 X
X 0 0 0 0 0 0 0 0 0 0 0 0 0 X 0 0 0 X 0 0 0 0 X 0 0 0 0 0 X X 0 0 0 X 0 0 X 0 X 0 0 0 0 0 0 X X 0 0 0 0 0 0 0 X 0 0 0 0 0 X X 0 0 0 0 0 0 0 0 0 0 X 0 X 0 0 X 0 0 0 X 0 0 0 X X 0 0 0 0 0 0 X 0 0 0 0 0 0 0 0 X X X 0 0 0 X 0 0 0 0 0 0 0 X 0 0 0 X 0 0 0 0 0 0 0 0 0 0 0 0 0 X 0 0 X 0 0 0 0 0 0 0 0 0 0 0 0 X 0 0 0 0 0 0 0 0 0 0 0 X X 0 0 0 0 0 0 X 0 0 X 0 0 0 X X 0 0 X X 0 X 0 0 X 0 0 0 0 X 0 0 0 X 0 0 0 0 X X 0 X X 0 0 X 0 0 0 0 0 0 0 X 0 0 0 0 0 0 0 0 0 X 0 X 0 0 0 X X 0 0 0 0 0 0 0 X 0 0 0 0 0 0 0 0 0 0 X X X 0 0 0 X X 0 0 0 0 0 0 0 0 X X 0 0 0 0 0 0 0 0 0 0 X 0 X 0 0 X X 0 0 0 X 0 0 X 0 0 X 0 0 X X 0 0 0 X X 0 0 0 0 0 0 0 0 X 0 0 X X 0 0 X X 0 X 0 0 0 0 0 0 0 0 0 0 X 0 0 X 0 X 0 0 X 0 0 X 0 0 X 0 X 0 0 0 0 0 X 0 0 0 0 X 0 0 0 0 0 0 0 0 0 0 0 0 0 0 0 0 X 0 X 0 0 0 0 0 0 0 0 0 0 0 X 0 0 0 0 X
X 0 0 0 0 X 0 0 0 0 0 X 0 0 X 0 0 0 0 0 0 0 0 0 0 0 X 0 0 0 0 X 0 0 0 0 0 0 0 0 0 0 0 0 0 0 0 0 0 0 0 0 X 0 0 0 0 0 0 0 0 0 X 0 0 0 0 0 X 0 0 0 X 0 0 X 0 0 0 0 0 0 0 X 0 0 0 0 0 0 0 0 0 0 X X 0 0 0 0 0 0 0 0 0 0 0 0 0 X 0 0 0 0 0 0 X 0 0 0 0 0 X X 0 0 0 0 0 0 0 0 0 0 0 0 0 0 0 0 0 0 0 0 X X X X 0 0 0 0 0 0 0 0 X 0 0 0 0 0 0 0 0 0 0 X 0 0 0 X 0 X 0 0 X 0 X 0 0 X 0 0 X X 0 0 0 0 0 0 0 0 0 0 X 0 0 X 0 0 X 0 0 0 0 0 0 0 0 0 0 0 0 0 X 0 0 0 0 0 X 0 X X 0 0 X 0 0 0 0 0 X 0 0 0 0 0 0 0 0 0 0 0 0 0 0 0 0 0 0 X 0 X 0 0 X X 0 0 X 0 0 0 X 0 0 X X 0 0 0 0 0 0 0 0 0 X X 0 0 X 0 0 0 0 X X 0 0 0 X X 0 0 0 0 0 0 0 0 0 X 0 0 0 0 0 0 0 0 X 0 0 0 0 0 0 0 0 0 0 0 X 0 X X 0 0 0 0 0 0 0 0 X 0 0 0 0 0 0 X 0 0 0 X 0 0 0 0 0 0 0 0 X 0 0 0 0 X 0 0 0 0 0 X 0 X X 0 0 0 0 0 0 0 0 0 X 0 X 0 0 0 X 0 0 0 X 0 X 0 X X X X
X 0 X 0 0 0 0 X X 0 X 0 0 X 0 0 0 X 0 0 X 0 0 0 0 0 0 X 0 0 0 0 X 0 0 0 0 0 0 0 0 0 0 X X 0 0 0 X 0 X 0 0 X 0 X 0 0 0 0 0 X 0 X 0 X X 0 0 X 0 0 X 0 0 0 0 0 X X X 0 0 0 0 0 0 0 0 0 0 0 0 0 0 0 0 X 0 0 0 0 0 0 0 0 0 X X 0 0 0 0 0 0 0 0 0 0 X 0 0 X 0 0 0 0 X 0 0 X 0 0 0 0 0 0 X 0 0 X 0 0 0 0 0 0 X X 0 0 0 0 0 0 0 0 0 0 0 X 0 0 X 0 0 X 0 0 0 0 X 0 0 0 0 0 0 0 0 0 0 0 0 X 0 X 0 0 0 0 0 X 0 0 0 X X 0 0 0 0 0 0 0 0 0 X 0 0 X X 0 X 0 X 0 X X 0 0 X 0 0 X 0 0 0 X 0 0 0 0 0 0 0 0 0 X 0 X 0 X 0 0 0 0 0 X 0 0 X 0 0 0 0 0 0 0 0 0 0 0 0 0 0 0 X X 0 0 X 0 0 0 0 0 0 X X 0 0 0 0 X 0 X 0 0 X 0 0 0 0 0 0 X X 0 0 0 0 0 0 0 0 0 X 0 0 0 0 0 0 0 X 0 0 0 0 X 0 X X 0 0 0 X 0 0 0 0 0 0 X 0 0 X 0 0 0 0 0 0 0 0 X 0 0 0 0 0 0 0 0 0 0 0 0 0 0 0 X 0 0 0 X 0 0 0 0 0 0 X 0 0 X 0 0 X 0 0 0 0 0 X 0 0 0 0 0 0 0 0 X 0 0 0 0 X
X 0 0 0 0 0 0 X 0 X 0 X 0 0 0 0 0 0 0 0 0 X 0 0 0 0 0 0 0 0 0 0 0 0 0 X 0 X 0 X 0 X 0 0 0 0 0 0 0 0 X 0 0 X 0 0 X 0 0 0 X X X 0 X 0 X 0 0 0 0 0 0 0 0 0 0 X 0 0 X 0 X 0 X X 0 X 0 X 0 X 0 X 0 0 0 0 0 0 0 0 0 0 X 0 X 0 0 0 0 X 0 0 X X X 0 0 0 0 0 X 0 0 0 0 0 0 X X 0 X 0 0 0 0 0 X 0 0 0 0 0 0 0 0 X 0 X X 0 X 0 0 0 0 0 0 0 0 0 0 0 0 0 0 X 0 0 X 0 0 0 X 0 0 0 X 0 0 X X 0 X 0 0 X X X 0 X 0 0 X X 0 0 0 0 0 0 X 0 X 0 0 0 0 0 0 0 0 0 X 0 0 X 0 0 0 0 0 0 0 0 0 0 0 0 0 0 0 0 0 0 0 X 0 0 0 0 0 0 0 0 X X 0 0 0 X 0 0 X 0 X 0 X 0 X 0 X 0 0 0 0 0 X 0 X 0 0 0 0 0 0 0 X X 0 0 X X 0 X X 0 X 0 0 0 0 0 X 0 0 0 0 0 0 0 X 0 0 0 0 X X 0 0 X 0 X 0 0 X 0 0 0 0 0 0 0 0 X X 0 0 X 0 0 0 0 0 0 X 0 0 0 0 0 X 0 0 0 X X 0 0 0 0 0 X X 0 0 0 0 X X 0 0 0 0 X 0 X 0 0 0 0 X 0 X 0 0 X X 0 X 0 0 0 0 0 0 0 X X X 0 0 0 0 0 X 0 0 X
X 0 0 0 0 0 0 0 X 0 X 0 0 0 0 0 0 0 0 0 0 0 0 0 0 0 0 X 0 0 X 0 0 0 0 0 0 0 0 0 X 0 0 0 0 0 0 0 0 X 0 0 0 0 0 0 X 0 0 0 0 0 0 X 0 0 0 0 0 0 0 0 0 0 0 0 0 0 0 X 0 0 X X 0 0 X 0 0 0 X 0 0 0 0 0 0 X 0 0 0 X 0 0 X 0 0 0 X 0 0 0 0 0 0 0 0 0 0 0 0 0 0 0 0 0 0 X 0 0 0 0 0 X 0 X 0 0 X 0 0 X X 0 0 X 0 0 X X 0 0 0 0 0 X 0 0 0 0 0 0 0 0 0 0 0 X 0 0 0 0 0 0 0 0 0 0 0 0 X 0 0 0 0 0 0 0 0 0 0 0 0 0 0 X 0 0 0 X 0 0 X 0 0 0 0 X 0 X X 0 0 0 X 0 0 0 0 0 X 0 0 X 0 0 X 0 0 0 0 0 0 0 0 0 0 0 X 0 X 0 0 0 0 X 0 0 0 0 0 0 0 X 0 X X X 0 0 0 0 0 0 X 0 0 X 0 0 X 0 0 0 X 0 0 0 0 X 0 0 0 0 0 0 0 0 0 X 0 0 X 0 0 0 X X 0 X 0 X 0 0 0 0 0 X 0 X 0 0 0 0 0 0 0 0 0 0 0 0 0 0 0 X 0 0 0 0 0 X 0 0 0 0 0 0 0 0 0 X 0 0 0 X 0 X X 0 0 X 0 0 0 0 0 0 X 0 0 X X 0 0 X 0 0 0 0 0 0 0 0 0 0 X 0 0 0 0 0 X 0 0 0 0 0 0 X X 0 X 0 0 0 0 0 0 X
X 0 0 X 0 X 0 0 0 X 0 X 0 0 0 0 X 0 0 0 0 X X 0 0 0 0 0 X 0 0 0 X 0 0 0 0 X 0 0 0 0 X 0 0 0 0 0 0 X 0 0 0 0 0 0 X X 0 X 0 X 0 X 0 0 0 0 0 X X X 0 0 X 0 0 X 0 0 0 X 0 0 0 X 0 0 0 0 0 X 0 0 X X X 0 0 X 0 0 0 0 0 X 0 0 0 X 0 0 0 0 0 0 X 0 0 0 X 0 0 0 0 0 0 0 0 0 0 0 0 0 0 0 0 0 0 X 0 0 0 0 0 0 X 0 0 0 0 X 0 0 0 0 0 0 0 0 0 0 0 0 0 X 0 0 X 0 0 0 0 0 0 0 0 0 0 0 0 X 0 X 0 0 0 0 0 0 0 X 0 0 0 0 0 0 X 0 0 0 0 0 0 X 0 0 0 0 X X X 0 0 0 0 0 0 X 0 0 X 0 0 0 X 0 0 0 X 0 0 0 0 X 0 0 0 0 0 0 0 0 0 0 0 0 0 0 0 0 0 0 0 X 0 0 0 0 0 0 X 0 0 0 0 X 0 0 0 0 0 0 X X 0 0 0 X 0 0 0 0 0 0 0 0 0 X 0 0 0 0 0 0 0 0 0 X X 0 X 0 0 0 0 0 0 0 X 0 X 0 0 0 0 0 0 0 0 0 0 0 0 0 0 0 X 0 0 0 0 0 0 X X 0 0 X X 0 0 0 0 X 0 0 X 0 X 0 0 X 0 0 0 X X 0 0 0 0 0 X 0 0 0 X X X X 0 0 X 0 0 0 0 0 0 0 0 0 0 0 0 0 X 0 X 0 0 0 0 0 X 0 0 X
X 0 0 0 X 0 0 0 X 0 0 0 0 0 0 0 X 0 0 0 X 0 0 0 0 0 X 0 0 X 0 X 0 0 0 0 X 0 0 0 0 X 0 0 X 0 0 0 0 0 0 0 0 0 0 0 X 0 0 X 0 0 0 0 0 0 0 0 0 0 0 X 0 X 0 0 0 0 0 0 0 0 0 0 X 0 0 0 0 0 0 0 X 0 0 0 0 0 0 0 X 0 X 0 X X X 0 0 X 0 0 X 0 0 0 0 0 0 0 X 0 0 0 0 0 0 0 0 0 0 0 0 0 X X 0 0 0 0 0 0 0 X X 0 0 0 0 X 0 0 X 0 0 0 X 0 X 0 0 0 0 0 0 0 0 X 0 0 0 0 0 X 0 0 0 0 0 X 0 0 0 0 0 X 0 0 0 0 0 0 0 0 0 0 X 0 X X 0 0 0 X 0 0 0 0 0 X X X 0 0 0 X 0 0 0 X X 0 X 0 0 X 0 0 0 0 0 0 0 0 X 0 X X 0 0 0 X X 0 0 0 0 X 0 0 0 0 0 X 0 X 0 0 0 0 X X 0 X X X 0 0 X 0 0 0 0 0 0 X 0 0 0 0 X X 0 0 0 0 X 0 X X 0 X X 0 0 0 0 0 0 0 0 0 X 0 0 0 0 X 0 0 X X X 0 X 0 X 0 0 0 0 0 0 0 0 X X 0 0 0 0 X 0 0 X X 0 X 0 0 0 0 0 0 0 0 X X 0 0 0 0 X X 0 0 0 0 X 0 0 X X 0 0 0 0 0 0 X 0 0 0 0 0 X X 0 0 X X 0 0 0 0 0 0 0 0 0 0 X 0 X X 0 0 0 0 X
X 0 0 X 0 0 0 X 0 X 0 0 0 0 0 0 X 0 0 0 0 0 0 X 0 X 0 0 0 0 0 0 0 0 0 X 0 0 X 0 X 0 0 0 X 0 0 0 0 0 0 0 0 0 0 0 X 0 0 0 0 0 0 0 0 0 X 0 0 0 0 0 X 0 0 0 0 0 X 0 0 X 0 0 0 X 0 0 0 0 0 0 0 0 0 0 0 0 0 0 0 0 0 0 0 0 0 0 X 0 0 0 X 0 0 0 0 X X 0 0 0 0 0 0 0 0 X 0 0 0 0 X 0 0 0 0 0 X 0 0 0 0 X 0 0 0 0 0 0 0 0 0 0 0 0 0 0 0 0 0 X 0 0 0 0 X 0 0 0 0 0 0 0 0 0 0 0 0 0 0 0 0 0 X 0 0 0 0 0 0 0 0 0 0 0 0 X 0 0 0 0 0 0 0 0 0 0 0 0 0 0 X 0 0 X 0 0 0 0 0 0 X X 0 0 X 0 X 0 0 0 X 0 X 0 0 0 0 0 0 0 X X 0 0 X X 0 0 0 0 X 0 0 0 X 0 X 0 0 0 X 0 0 0 0 0 X 0 0 0 0 0 0 0 0 0 0 X 0 X 0 0 0 0 0 0 0 0 0 0 0 0 0 X X X 0 0 X X 0 0 0 0 0 0 0 X 0 0 0 0 0 0 X 0 0 X 0 0 0 0 0 0 0 0 0 0 0 0 X 0 0 0 X 0 0 0 X 0 0 0 0 0 0 0 0 0 0 X 0 0 0 X 0 0 0 0 0 0 0 0 0 0 X 0 0 X X 0 0 0 0 0 0 0 0 0 0 X 0 0 0 0 0 0 0 0 X 0 0 0 0 0 0 0 0 X
X 0 0 X 0 0 0 0 0 0 0 0 X 0 0 0 0 0 0 0 X X 0 0 0 0 0 0 0 0 X 0 0 X 0 0 0 0 0 0 0 0 0 0 0 X 0 X 0 0 X 0 0 0 0 0 X X X 0 0 0 X X X 0 0 0 X 0 0 X 0 0 0 0 0 X 0 0 X 0 0 0 0 0 X 0 0 X X X 0 0 X 0 0 0 0 0 0 0 0 0 0 0 0 0 0 0 0 0 X 0 0 0 0 0 0 0 X 0 0 0 0 X 0 0 0 0 0 0 0 0 0 0 0 0 0 0 0 0 X 0 0 0 X X 0 0 0 0 X X 0 0 0 0 X 0 0 0 0 0 0 0 X 0 0 X 0 X X 0 0 0 0 0 X 0 0 X 0 0 0 0 0 0 0 0 0 0 0 0 0 0 0 0 0 0 0 0 0 0 0 0 0 0 0 0 0 0 0 0 X 0 X 0 0 X X X 0 0 0 0 0 0 0 0 0 0 0 0 0 0 0 0 0 0 0 0 X 0 0 X X X 0 0 0 0 0 X 0 0 0 0 0 0 0 0 0 0 X 0 0 X 0 0 X 0 0 X X X X 0 0 X 0 0 0 0 0 0 0 0 0 0 0 0 X 0 0 0 X 0 0 0 0 X X 0 0 0 0 0 0 X X 0 0 X X 0 0 0 0 X 0 0 X X X 0 0 X 0 0 0 0 X 0 0 0 0 0 0 0 0 0 X 0 0 0 0 0 0 X X 0 0 X 0 0 X 0 0 0 0 X 0 0 0 0 0 0 X 0 0 X 0 X 0 0 0 0 0 0 0 X 0 0 0 0 0 0 0 0 0 0 0 0 0 0 0 0 0 X
X 0 0 X 0 0 X 0 0 0 X 0 0 0 X X X 0 0 0 0 0 0 0 0 X 0 0 X 0 0 0 0 0 X 0 X 0 0 X 0 0 0 0 0 0 0 0 0 0 0 X X 0 0 0 X 0 X 0 0 0 0 X 0 0 X X 0 X 0 0 0 X 0 0 0 X 0 0 0 0 0 0 0 X 0 0 0 0 0 X 0 0 X 0 0 0 0 0 0 0 0 0 0 0 0 X 0 X X 0 0 0 0 X 0 X 0 X 0 0 0 0 0 0 0 0 0 0 0 0 0 0 0 X 0 0 0 0 0 0 X 0 X 0 0 0 0 0 0 0 0 0 0 0 0 0 0 0 0 X 0 0 X 0 0 X X 0 0 X 0 0 0 0 0 0 0 X X 0 0 0 0 X 0 0 0 X 0 0 0 X X 0 0 X X 0 0 0 0 0 X 0 0 0 0 0 0 0 0 0 0 0 0 X 0 X 0 0 X 0 0 0 0 X X 0 X X 0 X 0 0 X X X 0 X 0 X 0 0 X 0 0 0 0 0 X X 0 0 0 0 X 0 X 0 X 0 0 0 0 0 0 0 X 0 0 X X 0 0 0 X 0 X 0 0 0 X 0 0 X 0 0 X 0 X 0 0 0 0 0 X X 0 0 0 0 0 X X 0 0 0 0 0 0 0 0 0 0 0 0 0 0 0 X 0 X X 0 0 0 0 0 X 0 0 0 0 X 0 0 0 0 0 0 X 0 0 0 0 0 X 0 0 0 0 0 0 0 0 0 0 0 0 0 0 0 0 X 0 0 0 X 0 0 0 0 0 0 0 0 0 0 0 0 0 0 0 0 X 0 0 0 X X X 0 0 0 0 X 0 X
X 0 0 0 X 0 0 0 0 0 0 X 0 0 0 0 0 X 0 0 0 0 0 0 0 0 0 0 0 X X 0 0 X 0 0 0 0 0 0 0 X 0 0 0 0 X 0 0 0 X X 0 0 0 0 0 0 0 0 0 0 X 0 0 0 0 0 0 0 0 0 0 0 0 0 X 0 0 0 0 0 0 0 0 0 0 0 0 X 0 0 0 0 0 X 0 X 0 0 0 X 0 0 X 0 0 0 0 0 0 0 0 0 X 0 X X 0 X 0 0 0 X 0 0 0 X X 0 0 0 X 0 0 0 X 0 X 0 0 0 0 0 0 0 0 0 0 0 0 0 0 0 X X 0 0 0 0 0 0 0 X 0 0 0 0 X 0 0 0 X 0 0 X 0 0 0 0 0 0 0 0 0 0 0 X 0 0 0 X 0 0 0 X 0 0 0 0 0 0 0 0 0 0 0 0 0 0 0 0 0 0 0 X 0 X 0 0 0 0 0 0 0 0 0 0 X 0 0 0 0 0 0 0 0 0 0 0 X 0 X 0 0 X X 0 0 X 0 0 0 0 0 X X 0 0 0 X X 0 0 0 X 0 0 0 0 0 0 0 0 X 0 X 0 X 0 0 0 X 0 0 0 X 0 0 X 0 0 0 0 0 0 X 0 0 0 0 0 0 0 X 0 0 0 0 X 0 0 X 0 0 X 0 0 0 0 0 0 0 0 0 0 X 0 X 0 0 0 0 0 0 0 0 0 0 0 0 0 0 0 0 X 0 0 0 0 0 0 0 0 X 0 0 0 0 0 X 0 X X 0 X 0 0 0 0 X X 0 0 0 0 0 0 0 0 X X 0 0 0 0 0 0 X 0 0 0 0 0 0 0 0 X X X
X 0 0 0 0 0 0 0 0 0 X 0 0 0 0 0 0 X 0 0 0 0 X X 0 0 0 0 0 0 0 0 X 0 0 0 0 0 0 0 X 0 X 0 0 0 0 0 0 0 X 0 X 0 0 X X 0 X 0 X X 0 0 0 0 X 0 0 0 0 X 0 0 0 0 0 0 0 X X 0 0 0 0 0 0 0 0 0 0 0 0 0 X 0 X 0 0 0 0 0 0 0 X 0 X X 0 X 0 0 0 0 X 0 X X X 0 0 0 0 0 X 0 X 0 0 X 0 X 0 0 0 0 X 0 0 0 0 0 0 0 0 0 0 0 0 0 0 0 X 0 0 0 0 0 0 0 X 0 X 0 X 0 X X 0 0 X 0 0 X 0 X 0 0 0 0 X 0 0 0 X 0 0 0 X X 0 0 0 X 0 X 0 0 X 0 0 X 0 0 0 0 X 0 0 0 0 0 0 0 0 0 0 X 0 0 0 X 0 0 0 X 0 0 0 0 0 0 0 0 0 0 0 0 0 0 0 0 X 0 0 0 0 X 0 0 0 0 0 0 0 0 X 0 0 0 0 0 0 0 0 0 0 X X 0 0 0 0 0 0 0 X 0 0 X X 0 0 0 X 0 0 0 0 0 0 0 X 0 X 0 0 0 0 0 0 0 0 0 0 0 0 0 0 0 0 X 0 X 0 X X 0 0 0 0 0 0 0 0 0 0 0 0 0 0 X 0 0 0 0 0 0 0 0 X 0 0 X 0 X 0 0 X 0 X 0 0 X X 0 0 X X X X 0 X X X 0 0 0 0 0 0 0 X X 0 0 X 0 X X 0 0 X 0 X X 0 0 0 0 0 X 0 0 0 0 0 0 X X
X 0 0 0 X 0 0 X 0 0 0 0 0 X 0 0 0 0 0 0 0 X X 0 0 X 0 0 0 X 0 X 0 0 0 0 0 0 X 0 0 0 X X X 0 0 0 0 0 0 0 0 0 0 X X 0 X 0 0 0 0 0 0 X 0 X 0 0 0 0 0 0 X 0 0 0 0 0 X 0 X 0 X 0 X 0 0 0 0 X 0 0 0 0 X 0 0 0 0 0 0 X 0 0 0 0 0 0 0 0 0 X 0 0 0 0 0 0 0 0 X X 0 X 0 0 0 0 0 0 0 0 0 X 0 0 0 0 0 X 0 0 0 0 0 0 0 X 0 0 0 0 X X X X 0 0 0 X 0 0 X X 0 0 0 0 0 0 0 0 0 0 0 0 0 0 0 0 0 X 0 0 0 0 0 0 0 0 0 X 0 0 0 0 0 0 0 0 0 X 0 0 0 0 0 0 0 X 0 0 X 0 0 0 0 X 0 X 0 0 0 0 0 0 X 0 X 0 X 0 X 0 X 0 X 0 0 0 0 0 X 0 0 0 X X 0 0 0 X X 0 0 0 0 0 0 0 0 0 0 0 0 0 0 0 0 0 0 X 0 0 X 0 0 0 0 0 0 0 0 0 0 0 0 0 0 0 0 0 0 0 0 X 0 0 0 X 0 0 0 X 0 0 X 0 0 X 0 0 X X 0 0 0 0 X 0 0 0 0 0 0 0 0 X 0 0 0 X X X 0 X 0 0 0 0 X 0 0 0 0 0 X 0 0 0 0 X 0 0 0 0 0 X 0 0 0 0 0 0 0 0 X 0 0 0 0 0 0 0 0 0 0 0 X 0 X 0 X 0 0 0 0 X 0 0 0 X 0 0 0 0 X X
X 0 X X X X 0 0 0 0 0 0 0 0 0 0 0 0 X 0 0 0 0 0 0 0 X 0 0 0 0 0 0 0 0 0 0 0 X X 0 X X 0 0 0 0 0 X 0 0 0 X 0 0 0 0 0 X 0 0 0 0 0 0 0 0 0 0 0 0 0 X 0 0 0 0 X X 0 0 0 0 X 0 0 X 0 0 X 0 X 0 0 0 0 0 0 X 0 0 0 0 0 0 0 X X X 0 X 0 0 0 0 0 0 X 0 X 0 0 X X 0 0 0 0 X 0 0 0 0 0 0 0 0 0 0 0 0 0 0 X 0 0 0 0 0 0 X 0 0 X 0 X X 0 X 0 0 0 0 0 0 0 0 0 X 0 0 0 0 0 0 X 0 0 0 X 0 0 0 0 0 X X 0 0 0 X 0 0 0 0 0 0 0 X X 0 0 X X 0 0 0 X 0 0 X X 0 0 0 0 X 0 0 0 0 0 0 0 0 0 0 0 0 0 0 0 0 0 0 0 X 0 0 X 0 X 0 0 0 0 X 0 X X 0 0 X 0 X X 0 X X 0 0 0 X 0 0 0 0 0 X 0 0 0 0 X X 0 0 0 X 0 0 0 0 0 X 0 0 0 0 0 X 0 0 0 0 0 0 0 0 0 0 0 X 0 0 0 0 0 0 0 X X 0 0 0 0 X 0 0 0 0 0 X 0 0 0 X 0 0 0 0 0 0 0 0 X 0 0 0 0 0 0 0 0 0 X 0 0 X 0 0 0 0 0 0 0 0 0 X 0 X 0 0 0 0 0 X 0 0 0 0 X 0 0 0 0 X 0 0 0 0 0 0 0 X 0 X 0 0 0 0 X 0 X 0 0 0 0 X X
X 0 0 X 0 0 0 0 0 0 0 0 0 X 0 0 0 0 0 0 X 0 X 0 0 0 0 X 0 0 0 0 0 0 X 0 0 0 X X 0 0 0 X 0 0 X 0 0 0 X 0 0 X 0 0 0 X 0 0 X 0 0 0 0 0 X 0 0 0 0 X 0 0 0 X 0 0 0 0 0 0 0 0 0 0 0 0 0 0 0 0 0 X 0 0 0 0 0 0 X 0 0 0 0 0 0 X X 0 0 X 0 0 0 0 X X 0 0 0 0 0 0 0 0 0 0 0 0 0 X X X 0 0 0 0 0 X 0 0 X X 0 0 0 0 X X 0 0 0 0 X 0 0 0 0 0 0 X 0 0 0 0 0 0 0 X 0 0 0 0 0 0 0 X 0 0 0 0 0 0 0 0 0 0 0 0 0 X 0 0 0 0 0 0 0 0 0 X 0 0 0 0 0 0 0 0 0 0 X X 0 X 0 0 0 0 X 0 0 X 0 0 0 0 0 0 0 0 0 0 X 0 0 0 0 X 0 0 0 0 0 0 0 0 0 0 0 0 0 0 0 0 0 0 0 0 0 0 0 0 0 0 0 X 0 0 0 0 0 0 0 X X 0 0 X 0 0 0 0 0 0 0 0 X 0 0 0 0 0 0 0 0 0 0 0 0 X 0 0 0 0 X 0 X 0 0 0 0 0 0 0 0 0 0 0 0 0 0 X 0 0 X 0 0 X 0 0 X 0 0 0 0 0 0 0 0 0 X 0 0 0 0 0 X 0 0 0 0 0 X 0 0 0 0 0 X X 0 0 0 X X 0 0 0 0 0 0 0 0 0 0 0 0 0 0 0 0 0 X 0 0 0 X 0 0 0 X 0 0 0 0 0 0 X
X 0 0 0 0 0 X X 0 0 0 0 0 X 0 X 0 0 0 0 0 0 0 0 0 0 0 0 0 0 0 X 0 X 0 0 0 X 0 0 0 0 X 0 0 0 0 0 0 0 0 0 0 0 0 0 X X 0 0 0 X 0 0 0 0 0 0 0 X X 0 0 0 0 0 0 0 0 X 0 0 0 0 0 X 0 0 0 X X X X 0 0 0 X 0 0 0 0 0 X 0 0 0 X 0 0 X 0 0 0 0 X 0 X 0 X 0 0 0 0 0 0 0 X X 0 0 0 0 0 0 0 X 0 0 0 0 0 0 0 0 X 0 0 0 X 0 0 0 0 0 0 X 0 0 0 0 0 0 0 X 0 0 0 0 0 0 0 X X 0 0 X X 0 0 0 X 0 0 0 0 0 X 0 X 0 0 0 X 0 0 0 X 0 X 0 0 0 X 0 0 0 0 0 X 0 0 0 X 0 0 0 0 X 0 0 0 0 X 0 0 0 0 0 0 0 0 0 X 0 0 0 X 0 0 X 0 0 0 0 0 X 0 0 X 0 0 0 X 0 0 0 X X 0 0 0 0 0 0 0 X 0 0 0 0 0 0 0 X 0 0 0 0 0 0 0 0 0 0 0 0 X 0 0 0 0 0 0 X 0 0 0 0 X 0 X X 0 0 0 0 0 X 0 0 0 0 0 X 0 0 0 0 0 0 0 0 0 0 0 0 0 0 0 X 0 X X 0 0 0 0 0 X X 0 0 0 0 0 0 0 0 0 0 0 0 0 0 0 X 0 X 0 0 X 0 0 0 0 0 0 0 0 0 0 0 0 0 0 X X 0 0 0 X 0 0 0 0 0 0 0 0 0 0 0 0 0 X 0 0 0 0 X
X X 0 0 0 0 X 0 0 0 0 X 0 0 0 X X X 0 0 X 0 0 0 X 0 X 0 0 0 X X 0 X 0 0 0 0 0 0 0 0 0 0 0 0 X 0 0 0 0 0 0 X 0 0 X 0 X X 0 0 0 X X 0 0 0 X X 0 0 X 0 0 0 0 0 0 0 X 0 0 0 X 0 X 0 0 0 0 0 0 0 X X 0 X 0 0 0 0 0 0 0 X 0 0 0 0 0 0 0 0 X 0 0 X 0 0 0 X 0 0 0 0 X X 0 0 0 0 0 X 0 0 0 X 0 0 0 0 0 0 0 X 0 0 0 0 0 0 0 0 0 0 0 0 0 0 0 0 0 0 0 0 0 0 0 0 0 0 0 0 0 X X 0 0 0 0 0 0 0 0 X 0 0 0 0 0 0 0 0 X X 0 0 0 0 0 0 0 0 0 0 0 0 0 0 0 X 0 X 0 0 0 0 0 0 0 0 0 0 0 0 0 0 0 0 0 0 0 0 0 0 0 X 0 0 0 0 0 X 0 0 0 0 0 X 0 0 X 0 X X 0 0 0 0 0 X 0 0 X 0 X 0 0 0 X 0 0 X 0 X 0 X 0 0 0 X 0 0 0 0 X 0 X 0 0 X 0 X 0 0 0 0 0 0 0 0 X 0 0 0 0 0 0 X 0 X 0 0 0 0 0 0 0 0 X X 0 0 0 X 0 0 0 0 0 0 0 X 0 X X X 0 0 0 0 0 0 X 0 0 0 0 0 0 0 X 0 0 0 X 0 0 X X X 0 0 0 0 0 X X 0 X 0 0 0 0 0 0 0 X 0 0 0 0 0 0 X X X 0 X 0 0 X 0 0 0 0 0 0 X
X 0 X X 0 0 0 0 X 0 0 0 0 0 0 0 0 0 0 X 0 0 0 0 0 0 0 0 0 0 0 0 X 0 0 0 X 0 0 0 0 X 0 0 0 0 X 0 0 0 0 0 0 0 0 0 0 0 0 0 0 X 0 0 0 0 X 0 0 0 X X 0 0 0 X 0 0 0 X X X X 0 X X X 0 0 0 0 0 0 0 0 0 0 0 0 0 0 0 0 0 X 0 0 0 0 X 0 0 X 0 X 0 0 X 0 0 X 0 0 0 0 0 0 0 X 0 0 0 0 0 X 0 0 0 0 0 0 0 0 0 X 0 0 0 X 0 0 0 0 X 0 0 0 0 0 0 0 0 X 0 0 0 0 0 X 0 0 X 0 X 0 0 0 0 0 0 0 0 0 X 0 X 0 0 X 0 X 0 0 0 X 0 0 0 0 0 0 0 0 0 0 0 0 0 0 0 0 X 0 X 0 0 0 X 0 0 0 X X 0 0 0 0 X 0 X 0 0 0 0 0 0 0 X 0 0 0 0 0 0 0 X 0 X 0 0 X 0 0 X 0 0 0 0 0 0 X 0 X 0 0 0 0 0 0 X 0 0 0 0 0 0 X 0 0 0 0 X 0 0 0 0 0 X 0 0 0 0 0 X 0 0 0 0 0 X X 0 0 0 0 0 X X 0 0 0 0 0 X 0 0 0 X 0 0 0 0 0 0 X 0 0 X 0 X 0 X 0 X X 0 0 0 0 0 0 X 0 0 X 0 0 0 0 0 0 0 0 0 0 0 0 0 0 0 0 X 0 0 X 0 X 0 0 0 0 0 0 X 0 X 0 X 0 0 0 0 0 0 0 0 X 0 0 0 X X X 0 0 X 0 0 0 X
X X 0 0 0 0 0 0 0 0 0 0 0 0 0 0 X 0 X 0 0 0 X 0 0 X X 0 0 0 0 0 0 0 0 0 0 X 0 X 0 0 0 0 0 0 0 0 X X 0 X 0 0 0 0 0 0 0 0 0 0 0 X 0 0 X 0 0 0 0 0 0 0 0 0 0 0 X 0 X 0 0 0 0 X 0 0 X 0 X 0 0 0 X 0 X 0 X 0 0 X X 0 0 0 0 0 0 0 0 0 X 0 0 0 X 0 X 0 X 0 0 X X 0 0 0 0 0 0 X X X 0 X 0 X 0 0 0 0 0 0 X 0 0 X X 0 0 X 0 X 0 0 X 0 0 0 X 0 0 X 0 0 0 0 X 0 0 0 X 0 X 0 0 0 X 0 X 0 0 0 0 0 0 0 0 0 0 0 0 X 0 0 0 0 X 0 X 0 0 0 0 0 0 X X 0 X 0 X 0 0 X X 0 0 0 X X 0 0 X 0 0 X 0 0 0 0 0 0 0 0 0 0 0 0 0 0 0 X 0 0 0 X 0 0 X 0 0 0 X 0 0 0 0 X 0 0 0 X 0 0 0 0 0 0 0 0 0 X 0 0 0 0 0 X X 0 0 0 0 0 X 0 0 0 0 0 0 0 0 0 X 0 0 0 X 0 0 0 0 X 0 0 0 0 0 0 0 X 0 0 0 0 0 0 X X 0 0 0 X 0 0 X X 0 0 0 0 0 0 0 X X 0 0 0 0 X 0 0 X 0 X 0 0 0 0 0 0 0 X X 0 0 0 0 0 0 X 0 0 0 X X 0 0 0 0 0 0 0 0 0 0 0 0 0 X 0 0 0 0 0 0 0 0 0 0 0 0 X 0 0 X
X X X 0 0 X 0 0 0 0 0 0 0 0 0 0 0 0 0 0 0 0 0 0 0 0 0 X 0 0 0 0 0 0 0 X 0 0 0 0 0 X X 0 0 0 0 0 0 0 0 0 0 0 X 0 0 0 0 0 0 X 0 0 0 X 0 X X 0 0 0 0 0 0 0 0 0 X 0 0 0 0 0 0 X 0 0 0 0 0 0 0 0 0 0 X 0 0 0 X 0 0 0 0 0 0 0 0 0 0 X 0 0 X X 0 0 0 X X 0 0 0 0 0 0 X 0 0 0 0 0 X X 0 0 0 0 0 0 0 0 0 0 0 0 0 0 0 0 0 0 0 0 0 0 X X 0 X X X 0 X 0 0 X 0 0 0 0 0 0 0 0 0 X X 0 0 0 X 0 0 0 0 X 0 0 0 0 0 X 0 0 0 X 0 0 0 0 X 0 X 0 X X 0 X 0 0 0 0 X X 0 0 0 0 0 0 0 0 X 0 0 0 X X 0 0 0 0 X 0 X 0 0 0 0 0 X 0 X X 0 X 0 0 0 0 0 0 0 0 0 0 0 0 0 X 0 X X 0 0 0 0 0 0 0 X 0 0 0 0 0 X 0 0 0 0 X 0 0 0 X 0 0 0 0 0 0 0 0 0 X X 0 0 X X X 0 X 0 0 0 X 0 0 0 0 0 0 X X X 0 0 0 0 0 0 X X 0 X X 0 0 0 0 0 X 0 0 X X X 0 0 X 0 0 0 0 X 0 0 0 0 0 0 0 0 0 0 0 0 0 0 0 0 X 0 0 0 0 0 0 0 0 0 0 0 0 0 X X 0 0 X 0 0 0 0 0 0 X 0 0 0 X 0 0 0 X X
X 0 0 X 0 0 0 0 0 0 0 0 0 X 0 X X 0 0 0 0 0 X 0 0 0 X X 0 0 X 0 0 0 0 0 X 0 0 0 0 0 0 0 0 0 0 0 X 0 0 0 0 0 0 X 0 0 0 X 0 0 0 0 0 0 X 0 X 0 X X 0 0 0 0 0 0 0 0 X 0 0 0 0 0 0 0 0 0 X 0 0 X 0 0 0 0 X 0 0 0 0 X 0 0 0 0 0 0 X 0 0 0 0 X X 0 0 0 0 X 0 0 0 0 0 0 0 X 0 0 0 0 X 0 0 0 0 0 X 0 0 X 0 0 0 0 0 X 0 X 0 0 0 0 X 0 0 X 0 0 0 0 0 0 0 0 0 0 0 0 0 X X 0 0 X X 0 0 X X 0 0 0 X X X X X 0 0 X 0 0 0 0 0 X X 0 0 X 0 0 0 0 0 0 0 X 0 0 0 0 0 0 0 0 X 0 0 0 0 0 0 0 X 0 0 0 X X 0 0 0 0 0 0 0 0 0 X 0 0 X 0 0 0 0 0 X 0 0 0 0 0 0 0 0 0 X X 0 0 0 0 0 0 0 X 0 0 0 0 X 0 0 0 0 0 0 0 X 0 0 X 0 0 0 0 0 X X 0 0 X 0 0 0 0 X 0 0 0 0 0 X 0 0 0 0 0 0 X 0 0 0 0 X 0 X 0 0 X 0 0 0 0 0 X 0 0 X 0 0 0 0 0 0 X 0 X 0 X 0 0 0 X X 0 0 0 0 0 X 0 0 0 0 X 0 0 0 0 0 0 X 0 0 0 0 X 0 X 0 X X 0 0 X 0 X 0 0 0 0 0 0 0 0 0 0 0 0 0 0 0 X
X 0 0 X 0 0 X X 0 0 0 0 0 0 0 0 0 0 0 0 0 0 X 0 0 0 0 0 0 0 0 0 X 0 0 X 0 0 X 0 0 X 0 0 X 0 0 0 0 0 0 0 0 X 0 0 X 0 0 0 0 X 0 0 0 X 0 0 0 0 0 0 0 0 X 0 0 X 0 0 0 0 0 0 0 0 X 0 0 X 0 X 0 X 0 0 0 0 0 X 0 0 0 0 X 0 0 0 0 X 0 0 0 0 0 0 0 0 0 0 0 0 0 0 0 X 0 0 0 0 X 0 0 0 X 0 X 0 0 0 0 X 0 0 X 0 0 0 X X 0 0 0 X 0 0 0 0 0 0 0 0 0 0 0 0 X 0 0 0 0 0 X 0 0 0 X 0 0 0 0 0 0 0 0 0 0 0 0 0 0 0 X 0 0 0 0 0 X X X 0 X 0 0 0 X 0 X X 0 0 0 0 0 0 0 0 0 0 0 0 0 0 X 0 X X 0 X 0 0 0 X X 0 0 X 0 0 0 0 0 X 0 0 0 X 0 0 0 X 0 0 0 0 0 X X 0 0 X 0 0 0 0 0 0 0 0 X 0 0 X 0 X 0 0 0 X 0 0 0 0 0 X X 0 0 X 0 0 0 X 0 X 0 0 0 0 0 0 X 0 0 X X 0 X 0 X X 0 0 0 X 0 0 0 0 X 0 0 0 X 0 0 X 0 0 0 0 0 0 0 0 X 0 0 0 0 0 0 0 0 0 X 0 0 X 0 0 X 0 0 0 0 0 0 0 0 0 0 X 0 0 0 0 X 0 0 0 0 X 0 0 X 0 X 0 0 0 0 X X 0 X X 0 0 0 0 0 0 0 X 0 0 0 X
X 0 0 X 0 0 0 X 0 0 0 X 0 0 X 0 0 X 0 0 0 X 0 X 0 X 0 0 X 0 X 0 0 0 0 X 0 X 0 0 0 0 X X 0 X X 0 0 0 0 0 0 0 X 0 0 0 0 0 0 0 0 X 0 0 0 0 0 0 X 0 X 0 0 0 0 0 0 X X 0 0 0 0 0 0 0 X 0 X 0 0 0 0 0 X 0 X 0 0 0 0 0 X X 0 0 0 0 0 0 0 X 0 0 0 X 0 0 0 0 0 0 0 0 0 0 0 X 0 0 0 X 0 0 X 0 X X 0 0 0 0 0 0 0 0 0 0 0 0 X X 0 X 0 0 X 0 0 0 X X 0 X 0 0 X 0 X X 0 0 0 X 0 X 0 0 0 0 0 0 0 0 0 0 0 0 0 0 0 0 X 0 0 0 0 0 0 0 X 0 X 0 X 0 X 0 0 0 X X 0 0 0 0 0 X 0 0 0 0 0 X 0 0 0 0 X 0 X 0 0 0 X 0 0 X 0 0 0 0 0 0 X 0 0 0 0 0 0 X X 0 0 0 X 0 0 0 0 0 X 0 0 X 0 0 0 X X 0 0 0 0 X 0 0 0 0 0 0 X 0 X X 0 X 0 0 0 0 0 0 0 X 0 X 0 0 X 0 X X X X 0 X 0 0 X 0 X 0 0 0 X 0 0 0 0 X 0 0 0 X 0 0 X X 0 0 0 0 0 X 0 X 0 0 0 0 0 0 0 0 0 0 0 X 0 0 0 0 0 X 0 0 0 0 0 0 X 0 0 0 0 0 0 0 0 X 0 0 0 X 0 0 X 0 X 0 0 0 X 0 0 0 0 0 0 0 0 X 0 X 0 X
X 0 0 0 0 0 X 0 0 0 0 0 0 0 0 0 0 0 0 0 0 0 0 0 0 X 0 0 0 0 0 0 0 0 0 0 X 0 0 0 0 X 0 0 X 0 0 0 0 X 0 0 X 0 0 0 X 0 0 0 0 0 0 0 0 0 X 0 X X 0 0 0 0 0 X 0 0 0 0 0 0 0 0 0 0 0 0 X 0 0 0 0 0 0 0 0 0 0 0 X X 0 X 0 0 0 0 0 0 0 0 0 0 0 0 0 X X 0 X 0 X X 0 0 X 0 X 0 X 0 X 0 0 0 0 0 X 0 0 0 0 0 0 0 X 0 0 0 X X 0 0 0 0 X 0 X 0 0 X 0 0 X 0 0 0 0 X 0 X X 0 X 0 0 0 0 0 0 X 0 0 0 0 0 0 0 0 0 X 0 0 0 0 0 X 0 0 X 0 0 0 0 X 0 0 0 0 0 0 0 0 0 0 0 X X 0 0 0 0 0 0 0 0 0 0 0 X 0 0 0 X 0 0 0 0 0 X 0 0 0 0 0 0 0 0 0 0 X 0 0 X X 0 0 0 0 0 0 0 0 0 X 0 X 0 0 X 0 0 0 0 0 X 0 0 0 0 0 0 X 0 X 0 X 0 0 0 0 0 0 X 0 0 0 0 0 0 0 0 0 0 X 0 0 0 0 0 0 0 0 0 0 X X X 0 0 X 0 X 0 0 0 0 0 X 0 0 0 0 0 0 0 0 X 0 0 0 0 X 0 0 0 0 0 0 0 0 0 0 X 0 0 X 0 0 0 X 0 0 0 0 0 0 X 0 0 0 0 0 0 0 X 0 0 0 X 0 0 0 0 X 0 0 0 X 0 0 0 0 0 0 0 X 0 X
X X X 0 0 0 0 0 X X 0 0 X 0 0 0 0 X 0 0 X 0 0 X X 0 0 X 0 X X X 0 X 0 0 X 0 0 X 0 X 0 X 0 0 X 0 0 X 0 0 X X 0 0 X 0 0 X 0 0 0 0 0 0 0 0 0 0 X 0 X 0 0 0 0 0 0 0 0 0 X 0 0 X X 0 0 0 0 0 X 0 0 0 X 0 0 0 0 0 0 0 X 0 0 X 0 0 0 0 0 0 0 0 0 0 X 0 0 0 0 0 0 0 0 0 0 0 0 0 0 0 X 0 0 0 0 0 0 X 0 0 X 0 X X 0 0 0 0 X 0 0 0 0 0 0 0 0 0 0 0 0 0 0 0 0 0 X 0 0 0 X X 0 0 X 0 X 0 0 0 0 X 0 0 0 0 0 0 0 0 0 0 0 0 0 0 0 0 X 0 X 0 X 0 0 0 X 0 0 0 0 0 X 0 0 0 0 0 0 0 0 0 0 0 X 0 X 0 X 0 0 X 0 0 0 0 0 0 0 0 0 0 0 0 X 0 0 X 0 X 0 0 0 0 0 0 0 X 0 0 0 0 0 X 0 0 0 0 0 0 0 0 0 X 0 0 0 X 0 0 0 0 0 0 0 X 0 X 0 0 0 X X 0 0 0 0 0 X 0 0 0 X X X 0 0 0 0 0 X 0 X 0 0 0 0 X 0 0 0 0 0 0 0 0 0 0 0 0 0 0 0 0 0 0 0 X 0 0 X 0 0 0 X 0 0 0 0 0 0 0 X X X 0 0 0 0 X 0 0 0 0 0 0 X X X 0 0 0 X 0 0 X 0 0 X 0 0 X X 0 X X 0 0 0 0 0 0 0 0 X X
X 0 0 0 X 0 0 0 0 X 0 0 0 0 0 0 0 0 0 0 0 0 0 0 0 0 0 0 0 0 X 0 0 0 X 0 X 0 0 0 0 0 0 0 0 0 0 0 X 0 0 0 X 0 0 0 0 0 0 0 0 0 X 0 X 0 X X 0 0 0 0 0 0 0 0 X 0 X X 0 X 0 0 0 0 0 0 0 0 0 0 0 0 0 0 0 X 0 X X 0 0 0 0 0 X X X X 0 0 X X 0 0 0 0 0 X 0 0 0 0 X X 0 0 X 0 0 X 0 0 0 X 0 0 X 0 0 0 X X X 0 0 0 X X X 0 0 0 0 0 0 X 0 0 0 0 0 0 X 0 0 0 0 0 X 0 0 X 0 0 0 0 0 0 0 0 X 0 X 0 X 0 0 0 X 0 0 0 X 0 0 0 0 0 0 0 0 0 0 0 0 0 0 0 0 X 0 0 X 0 X X 0 X 0 0 0 0 0 0 0 0 X 0 0 0 0 X 0 0 0 0 0 0 0 0 0 X 0 0 0 X 0 0 X 0 0 0 0 0 0 0 0 0 0 0 0 0 0 0 X X 0 0 0 0 0 0 0 0 0 0 0 0 0 0 0 0 0 0 0 0 0 0 0 0 0 0 X X X 0 0 0 0 0 X 0 0 X 0 0 X 0 0 0 0 X X 0 0 X X 0 0 0 0 X 0 0 0 0 0 0 0 0 0 X 0 0 0 0 0 0 0 0 0 X 0 0 0 0 0 0 0 0 0 0 0 0 0 X 0 0 0 X X 0 X X 0 X X X 0 0 0 0 X 0 0 X X 0 0 0 X X 0 0 0 0 X 0 0 0 X 0 0 X 0 0 0 X
X 0 0 0 0 X 0 X 0 0 0 0 X 0 0 0 X 0 0 0 0 X X 0 0 0 0 0 0 0 0 X 0 0 0 0 X 0 0 0 0 0 0 0 0 0 0 0 0 X 0 X X 0 0 0 0 0 X 0 0 0 0 0 0 0 0 0 X 0 X 0 0 0 0 X 0 0 0 0 0 0 X 0 0 X 0 0 0 0 X 0 X 0 X 0 0 0 0 X 0 0 0 0 X 0 0 0 X 0 0 0 X 0 X X 0 0 0 0 0 0 0 X 0 0 0 0 0 0 0 0 X 0 X 0 0 0 0 0 X 0 X 0 0 0 0 0 0 0 0 0 0 0 0 0 0 0 0 X 0 0 0 0 0 0 0 0 0 0 0 0 0 X 0 0 0 0 0 0 0 0 0 0 0 0 0 0 X 0 0 0 0 0 0 0 0 0 0 X 0 0 0 X 0 X X 0 0 0 0 0 X 0 0 0 X 0 0 0 0 X X 0 0 X 0 X 0 0 0 0 0 0 0 X 0 0 0 X 0 0 0 X 0 0 0 X 0 0 X 0 0 0 X 0 X X 0 0 0 0 X 0 0 0 0 0 0 0 0 0 0 X X X X 0 0 0 X 0 X 0 X 0 0 0 X 0 0 0 X 0 X 0 0 0 0 0 0 0 0 X 0 0 0 0 0 0 0 0 0 X 0 0 0 X 0 X 0 0 0 0 0 0 X 0 0 0 0 0 0 0 0 0 X 0 0 0 0 0 0 0 0 0 X X 0 0 0 0 0 0 X X 0 0 0 0 0 X X 0 0 0 0 0 0 0 0 0 0 0 0 0 0 0 0 0 X 0 X 0 X 0 0 X 0 0 0 0 0 X 0 0 0 X 0 X
X 0 0 X 0 0 0 X 0 0 0 0 0 X 0 0 0 0 X 0 0 0 X 0 0 0 X 0 X 0 0 X 0 0 0 0 0 0 0 0 0 X X 0 0 X 0 X 0 0 0 0 0 0 0 X X 0 X X 0 0 X 0 0 X 0 0 0 0 0 0 0 0 0 0 0 0 0 0 X 0 0 0 0 0 0 0 0 0 0 0 0 0 X 0 0 X 0 0 0 0 X 0 0 0 0 0 0 0 0 0 0 0 0 0 0 0 0 0 0 X 0 0 0 X X X 0 0 0 0 X 0 0 0 0 X 0 0 X 0 X 0 0 X 0 0 0 0 0 0 X 0 X 0 0 0 0 0 0 0 0 X X X 0 0 0 0 0 X 0 0 0 0 0 0 0 0 0 0 X 0 0 0 0 0 0 0 X X 0 0 0 0 X 0 0 0 X 0 X 0 0 0 0 0 0 0 X 0 0 0 0 0 X 0 X 0 0 0 0 X 0 X 0 0 X 0 X X X 0 0 0 0 0 0 0 0 0 0 0 0 0 0 0 0 0 0 0 0 0 0 0 0 0 0 0 0 0 0 0 0 0 X 0 0 X 0 0 0 X 0 X 0 0 0 0 0 0 0 0 X 0 0 0 X X X X 0 0 0 0 0 0 0 0 0 0 X 0 0 0 0 X X 0 0 X 0 0 0 0 X 0 0 0 0 0 0 X 0 0 0 X 0 0 0 0 X 0 X 0 0 0 0 0 0 0 0 0 0 0 0 0 0 0 0 0 0 0 0 0 0 0 0 0 0 0 0 0 0 0 0 0 0 X 0 0 0 0 0 0 0 0 X X 0 0 X X 0 0 0 X X 0 0 X 0 X 0 0 X 0 0 X
X 0 0 0 0 X X X 0 0 0 0 0 0 0 0 0 0 0 0 0 0 X 0 0 0 0 X X 0 0 0 0 0 0 0 0 0 X 0 0 0 0 0 0 0 0 0 0 0 0 0 X X 0 0 0 0 0 0 X 0 0 0 0 0 0 0 0 0 0 0 0 X 0 0 X 0 0 0 0 0 0 X 0 0 0 0 0 0 X 0 X 0 0 0 X X 0 0 X 0 0 X X 0 0 0 0 0 0 X 0 X 0 0 X 0 0 0 0 0 0 X 0 0 0 X 0 0 0 X 0 0 0 0 0 X 0 0 0 0 0 0 0 0 0 0 0 X 0 0 0 0 X 0 0 0 0 0 0 0 0 0 0 0 0 0 X X 0 0 X 0 0 X 0 0 0 0 0 0 0 X 0 0 0 0 0 0 0 0 0 0 0 0 0 0 0 X 0 0 0 0 0 0 X 0 0 0 X 0 0 0 0 0 0 0 0 0 0 0 X 0 X 0 0 0 X 0 0 0 X 0 0 0 0 0 0 0 0 0 0 0 0 0 X 0 0 0 0 0 0 0 X 0 0 0 0 0 0 0 0 0 0 0 0 0 0 0 X 0 0 0 0 0 0 0 0 0 0 X 0 0 0 0 0 0 0 0 0 0 0 X X 0 0 0 0 0 0 0 0 0 0 0 0 X 0 0 0 0 0 0 X 0 0 0 0 0 0 0 0 0 X 0 X X 0 0 X 0 0 X 0 0 0 0 0 0 X 0 0 0 X 0 X 0 0 0 0 0 0 0 0 0 0 0 0 0 0 0 0 0 0 0 0 0 0 0 0 0 0 0 0 0 0 0 0 X 0 0 X X 0 X X 0 X 0 0 0 0 0 X 0 0 0 0 X
X X 0 0 0 0 0 0 0 0 0 X 0 X 0 0 0 0 0 0 0 0 X 0 0 0 0 0 0 0 X 0 X 0 0 0 0 0 X 0 0 0 X X 0 0 0 X 0 0 0 0 0 X 0 0 X 0 0 0 0 0 X 0 0 0 0 0 0 0 0 X 0 0 0 0 0 0 X 0 0 0 0 0 0 0 0 0 0 0 0 X 0 0 0 X 0 0 0 0 0 X X 0 0 X 0 0 X X X 0 X 0 0 0 X 0 0 0 0 0 X 0 0 0 0 0 0 X 0 0 0 0 0 0 0 X X X 0 X 0 0 0 X X 0 0 X 0 0 0 0 0 0 X X 0 0 0 0 0 0 0 0 X 0 0 0 0 X 0 0 0 0 0 X 0 0 0 0 0 0 0 0 0 0 0 X 0 0 0 0 0 0 X X 0 0 0 0 X 0 0 0 X 0 0 0 0 0 0 0 0 0 0 0 0 0 0 0 X 0 0 0 0 0 0 0 0 0 0 X 0 0 0 0 0 0 0 0 0 0 0 0 0 0 0 0 0 0 0 0 0 0 X X 0 0 0 0 0 0 0 X 0 0 0 0 0 0 0 0 0 0 X 0 0 0 0 0 X 0 X 0 0 0 0 0 X 0 0 X X 0 X X 0 0 0 X 0 0 0 0 0 0 0 0 X 0 0 0 X 0 0 0 0 0 0 X 0 X 0 0 0 0 X 0 0 0 0 0 0 X X 0 0 0 0 0 0 0 X 0 0 0 0 0 0 0 0 X 0 0 0 0 0 0 0 0 0 0 X 0 0 0 0 X 0 0 0 X X X 0 0 0 X 0 X 0 0 0 0 X 0 0 0 0 0 0 0 X 0 0 0 0 X
X 0 0 X 0 X 0 X 0 0 0 X X 0 X 0 0 0 0 0 X 0 0 0 0 0 0 0 0 0 X 0 0 0 0 0 0 0 0 0 X 0 0 0 0 0 0 0 X 0 0 X 0 0 0 0 0 X 0 X X 0 0 0 0 0 X 0 0 0 0 X 0 0 0 0 0 0 0 0 0 0 0 X X 0 0 0 0 0 0 0 0 0 0 0 0 X 0 0 0 0 0 0 0 X 0 0 0 0 X 0 0 0 0 0 X 0 0 0 0 0 X 0 0 0 0 0 0 0 0 0 0 0 X 0 0 X 0 X 0 0 X 0 X 0 X 0 X 0 0 0 0 0 0 0 0 0 X 0 0 0 X 0 0 0 0 0 0 X 0 0 0 0 0 X X X 0 0 X 0 0 0 0 0 0 0 X 0 0 0 0 0 0 0 0 0 0 0 0 0 0 0 0 0 0 X 0 0 0 X 0 0 0 0 0 0 0 0 0 0 X 0 0 0 0 0 0 0 0 X 0 0 X X 0 0 X 0 0 0 X 0 0 X 0 X 0 0 0 0 0 0 0 X 0 X X 0 0 0 0 0 0 0 X X 0 0 0 0 0 0 0 X 0 0 X 0 0 0 0 X 0 0 X X 0 0 0 0 0 0 X 0 0 0 0 0 X 0 0 0 0 0 0 X 0 0 0 0 0 0 0 X 0 0 X 0 0 X 0 0 0 0 0 0 0 0 0 0 0 0 0 X X 0 X 0 0 X 0 0 0 0 0 0 0 0 X 0 0 0 0 0 0 0 0 0 X 0 0 0 0 0 0 X X 0 0 0 0 0 0 0 0 0 0 0 X 0 0 0 0 0 0 0 0 X X 0 X 0 0 0 0 0 0 X
X 0 X X 0 0 0 X 0 0 0 0 0 0 0 0 0 0 0 0 0 0 X 0 0 X X 0 0 X 0 0 0 0 0 0 X 0 0 0 0 0 0 X 0 0 0 0 X 0 0 0 0 0 0 0 0 0 0 0 0 0 0 0 X X X 0 0 0 0 0 0 0 X 0 0 0 0 0 0 0 0 0 0 0 0 0 0 0 0 X 0 0 0 0 X 0 X 0 0 0 0 0 0 X 0 0 0 0 0 X X 0 0 0 0 0 0 0 0 0 0 0 0 0 0 X 0 0 0 0 0 X X 0 0 0 0 0 0 X X 0 0 0 0 X 0 0 X 0 0 0 0 0 0 0 0 0 0 0 0 0 0 X X 0 0 0 X X 0 0 X 0 0 0 0 X 0 0 0 0 0 0 0 0 0 0 0 0 X 0 X 0 0 X 0 0 X 0 X 0 0 0 0 0 0 0 X 0 0 0 0 X 0 0 0 0 0 0 X 0 0 0 0 0 0 0 0 0 0 X 0 0 0 X 0 0 0 0 0 0 0 0 X 0 0 0 0 0 0 0 X 0 0 X X 0 0 0 0 0 X 0 0 0 0 0 0 0 0 0 0 0 0 0 0 0 0 0 0 0 0 0 X 0 0 0 0 0 0 0 0 0 0 0 0 0 0 0 0 0 0 0 0 0 X 0 0 0 0 0 0 X 0 0 0 X 0 0 0 0 X X 0 0 X 0 0 0 0 0 0 0 0 0 0 0 0 0 0 0 0 X 0 0 0 0 0 0 0 0 0 0 0 0 X 0 0 0 0 X 0 X X 0 0 0 X 0 X 0 0 0 0 0 0 0 0 0 0 0 X X 0 0 0 0 0 0 0 0 0 0 0 0 X X
X 0 0 0 0 0 0 0 0 0 0 X 0 0 0 X 0 X 0 X 0 0 0 0 X 0 0 0 0 0 0 0 0 X 0 0 X 0 0 X 0 0 0 0 0 X X 0 0 0 X 0 X 0 0 0 0 0 0 0 0 0 0 0 0 0 0 0 0 0 0 0 0 0 0 0 0 0 0 0 0 0 0 0 0 0 X 0 0 X 0 X 0 0 0 0 0 0 0 0 0 0 0 0 0 X X 0 0 X 0 X 0 X 0 0 0 X 0 X 0 0 0 0 0 0 0 X 0 0 0 0 0 0 X 0 0 0 0 X 0 X 0 0 0 0 0 0 0 0 0 0 0 X 0 0 0 0 0 0 0 X 0 X X X 0 X X X 0 0 X 0 X 0 X 0 0 X 0 0 0 0 0 0 0 0 0 0 X 0 0 X X 0 0 X 0 0 0 X 0 0 0 X 0 0 0 0 0 0 0 0 0 0 0 0 0 0 0 0 0 0 0 X 0 0 0 0 0 0 0 0 X 0 0 0 0 0 0 0 0 0 0 0 0 0 X 0 0 0 0 0 X 0 0 0 0 0 0 0 0 0 X 0 X 0 0 0 0 0 0 0 0 0 0 0 0 0 0 X 0 0 0 0 0 0 X 0 0 0 0 X X 0 X X 0 0 0 0 0 0 X 0 0 0 0 X 0 0 0 0 X 0 0 0 0 X 0 0 X X 0 0 0 0 0 0 0 0 0 0 X 0 0 0 0 0 X 0 0 X 0 0 0 0 0 0 0 0 0 0 0 0 0 0 0 0 0 0 0 0 0 0 0 0 X 0 0 0 X 0 0 0 0 0 0 X 0 X 0 0 X 0 0 X 0 0 0 0 X 0 0 0 0 0 0 X
X 0 0 X 0 0 0 X X 0 0 0 0 0 0 0 0 0 0 0 X 0 0 0 0 0 X 0 0 0 0 X 0 0 0 0 0 X 0 0 0 0 0 0 0 0 0 X 0 0 0 0 0 0 0 X X X 0 0 0 0 0 0 0 X 0 0 0 X X 0 X 0 X 0 0 0 X 0 0 0 X X 0 0 0 X 0 X 0 0 0 0 0 X 0 0 X 0 0 0 0 X 0 0 0 0 0 0 0 0 0 0 0 0 0 0 0 0 0 0 0 0 0 0 0 X 0 0 0 0 0 0 0 0 X 0 0 X 0 X 0 0 X 0 0 0 0 0 0 0 X X 0 0 0 0 0 X 0 0 0 0 0 0 X 0 X 0 0 0 X 0 0 0 0 0 X 0 0 0 0 0 0 0 X 0 0 0 0 0 0 0 0 0 0 0 0 0 X X X 0 0 0 0 0 0 X 0 X X 0 0 0 0 0 0 0 0 0 0 0 0 0 0 0 0 0 0 0 0 0 0 X 0 0 0 X 0 0 0 X 0 0 0 0 X 0 X 0 X X 0 0 0 0 0 0 X 0 0 0 X 0 0 0 0 0 0 0 0 0 0 0 0 0 0 0 0 0 X X 0 0 X 0 0 X 0 0 X 0 X 0 0 0 0 0 0 0 0 0 0 0 0 0 X 0 0 0 X X 0 0 0 0 0 0 0 X 0 0 0 0 0 0 X 0 X 0 0 0 0 0 0 X X 0 0 X 0 0 0 0 0 0 0 X 0 0 0 0 0 0 X 0 X 0 0 0 0 0 0 X 0 0 0 0 0 0 0 0 0 0 X 0 0 0 0 0 0 0 0 0 0 0 0 0 X 0 0 0 0 0 0 0 0 X
X 0 X 0 0 X X 0 0 0 0 0 0 0 X 0 0 X 0 0 0 0 0 0 0 X X 0 0 0 0 0 0 X 0 0 0 0 0 0 0 X X 0 0 0 X 0 0 0 0 0 0 0 0 0 X 0 0 0 0 0 0 X 0 0 0 0 0 0 0 0 0 0 X 0 0 0 0 0 0 0 X 0 0 0 0 0 X 0 0 0 0 0 X 0 X 0 0 0 0 0 X 0 0 0 0 0 0 0 0 X 0 0 0 0 0 X 0 0 0 0 X 0 0 X 0 X X 0 X 0 0 0 0 0 0 0 0 0 0 0 0 0 0 0 X 0 0 0 X 0 0 X 0 0 X 0 X 0 0 0 0 X X X 0 0 0 0 0 0 0 0 0 0 0 0 0 0 0 0 0 X 0 0 0 0 X X 0 0 0 0 X 0 0 0 0 0 X X 0 0 0 X 0 0 0 0 X 0 0 0 0 0 0 0 0 0 0 X 0 0 0 0 0 0 0 0 0 0 0 X 0 X 0 0 0 0 0 0 0 0 0 0 X 0 X 0 0 0 0 0 X 0 0 0 0 X 0 0 0 0 0 0 0 0 0 0 X 0 X 0 0 0 0 0 X 0 0 X 0 0 0 0 0 0 0 0 0 0 0 0 0 0 0 0 0 X 0 0 0 0 0 0 0 0 X 0 0 0 0 0 X X 0 0 0 X 0 0 0 0 X X X 0 0 X 0 0 0 0 0 X 0 0 0 0 0 0 0 X 0 X 0 X 0 X 0 0 0 0 0 0 0 0 0 0 0 0 0 X 0 0 0 0 0 0 0 0 0 X 0 0 0 0 0 0 0 0 0 0 X X 0 0 0 0 0 X X 0 0 0 0 X 0 X
X X X 0 0 X X X 0 0 0 X 0 0 X 0 0 0 0 X X 0 X X 0 0 X 0 X 0 X X 0 0 0 0 0 X 0 X 0 0 0 0 0 0 0 0 0 0 X 0 0 0 0 0 0 0 0 0 X X 0 0 0 0 0 0 0 0 X 0 0 0 0 0 0 0 0 0 0 X 0 0 0 0 0 0 0 0 X 0 X 0 0 0 0 0 0 0 X 0 0 0 0 X 0 0 0 X 0 0 0 0 X X 0 0 X 0 0 X X 0 0 X 0 X 0 0 X 0 0 0 X 0 0 0 X 0 X 0 0 0 0 0 0 0 0 0 0 0 0 0 0 X X 0 X 0 0 X 0 X 0 0 0 0 0 X 0 X X 0 0 0 0 0 0 0 0 X 0 0 X 0 0 X 0 0 0 X 0 0 X 0 0 0 0 0 0 0 0 X 0 X 0 0 X 0 0 0 0 0 0 0 X 0 0 0 0 0 0 0 0 0 0 0 0 0 0 0 0 0 0 0 X 0 0 0 0 0 X 0 0 0 0 0 0 0 0 0 0 0 X X 0 0 0 0 0 0 0 X 0 X 0 0 0 X 0 0 0 0 0 0 X 0 X 0 0 0 0 X 0 0 0 0 0 X X 0 0 X 0 X 0 0 0 0 0 0 0 X 0 X X 0 0 0 0 0 0 0 0 0 0 0 0 0 0 0 0 0 0 X 0 0 0 X 0 0 0 0 X X 0 X 0 0 0 0 0 0 0 0 0 0 0 0 0 0 0 0 0 0 0 X 0 0 0 0 0 0 X 0 X 0 0 0 0 X 0 0 0 0 0 0 0 0 0 0 X 0 0 0 0 0 0 0 X 0 X 0 0 0 0 0 0 X
X 0 0 0 0 0 0 0 X 0 0 0 0 0 0 0 X 0 0 0 X 0 0 0 0 0 X 0 X 0 0 X 0 0 0 0 0 0 X X 0 0 0 X 0 X 0 X 0 0 0 X X 0 X 0 0 X X X X X 0 0 X 0 0 0 0 X 0 X 0 0 0 0 0 0 0 0 0 0 0 0 0 0 0 0 0 0 0 0 0 0 0 0 0 0 0 0 0 0 0 0 0 0 0 0 0 0 0 0 X 0 X X X X 0 X 0 0 0 0 0 0 0 0 X 0 X 0 0 0 0 X 0 0 0 0 0 0 0 X 0 0 0 0 X 0 X 0 0 X 0 X 0 0 0 0 X 0 0 0 0 0 0 0 0 0 X 0 0 0 X 0 X 0 0 0 0 0 X 0 0 0 X 0 0 0 X 0 0 X 0 0 X 0 0 0 0 X 0 X 0 0 0 0 0 0 0 0 0 X 0 0 X X 0 0 0 0 0 0 X 0 0 0 0 0 0 X X 0 0 0 0 X 0 0 0 0 0 0 0 0 0 0 X 0 X 0 0 0 0 0 X 0 0 0 0 X 0 X 0 0 0 X 0 0 0 0 0 0 0 0 0 X 0 0 0 X 0 0 X 0 0 0 0 X 0 0 X 0 X X 0 X 0 0 X X 0 X 0 0 0 0 0 0 0 X 0 0 0 0 0 0 0 0 0 0 0 0 X 0 0 0 0 0 0 0 0 0 0 0 0 0 0 0 0 X 0 0 0 0 0 0 0 0 X 0 0 0 X 0 0 0 0 0 0 0 0 X 0 0 0 0 0 0 0 0 0 0 0 0 0 0 0 X 0 0 X 0 0 0 0 0 0 0 0 0 0 X 0 0 0 0 X X
X 0 0 0 X 0 X X 0 0 0 0 0 X 0 X 0 0 0 0 0 0 0 0 0 0 0 0 0 0 0 0 X X 0 0 0 0 0 0 0 0 0 X 0 0 0 0 X 0 0 0 0 0 0 0 0 0 0 0 0 0 0 0 0 0 0 0 0 0 0 0 0 X X 0 0 X X X 0 0 0 0 X 0 0 X X 0 0 0 X 0 X 0 0 0 0 0 0 0 0 0 0 0 0 0 X 0 0 0 X X 0 X 0 0 0 0 0 0 0 0 0 0 0 0 X X 0 0 0 0 X 0 0 0 0 X 0 0 0 X 0 0 0 0 X 0 0 0 0 0 X 0 0 X 0 0 0 0 0 0 0 0 0 0 0 0 0 X 0 0 0 0 0 X 0 0 0 0 0 0 0 0 0 0 0 0 0 0 0 0 X 0 X X 0 0 X 0 0 0 0 0 0 0 0 X 0 0 0 X 0 0 0 0 0 0 0 X 0 0 0 0 X X 0 0 0 X 0 0 0 0 0 X 0 X 0 0 X 0 0 0 0 X X 0 X 0 0 0 X X 0 0 X 0 0 0 0 0 0 X 0 X 0 X 0 0 0 0 0 X 0 0 X 0 0 0 0 0 0 0 0 0 0 0 0 0 0 X 0 X X 0 0 X X 0 0 0 0 0 0 0 0 0 0 0 0 X 0 0 X 0 0 0 0 0 X 0 0 0 0 X X 0 0 0 0 0 0 0 X 0 0 X 0 0 0 0 0 X 0 0 0 0 X 0 0 0 0 0 X 0 0 X 0 0 0 0 0 0 0 0 0 0 0 0 0 0 0 0 0 0 0 0 X X 0 0 0 0 0 0 0 X 0 0 0 0 0 0 0 0 X X
X 0 X 0 0 0 0 0 0 0 0 0 0 0 X 0 0 0 0 0 X 0 0 0 0 X 0 0 0 0 0 0 0 0 0 0 X 0 0 0 0 0 0 0 0 0 X X 0 X 0 0 0 0 0 0 0 0 0 X 0 0 0 0 0 0 0 0 0 X 0 0 0 0 0 0 0 0 0 0 0 0 0 X 0 0 0 0 X 0 X 0 0 0 0 X 0 0 0 X X 0 0 0 X 0 0 0 X 0 0 X 0 0 0 0 X 0 0 0 0 0 0 0 0 0 0 0 0 X 0 0 0 0 X 0 0 0 X X 0 0 0 0 0 0 0 X 0 0 0 0 X 0 0 X 0 0 0 0 0 0 0 0 0 0 0 0 0 0 0 0 0 0 0 0 0 X 0 0 0 0 0 0 0 0 X 0 0 X 0 0 0 0 0 0 0 0 0 0 0 X 0 0 0 0 X 0 0 X 0 0 0 0 0 0 0 0 X X X 0 0 0 0 0 0 0 0 0 0 0 0 0 0 X 0 0 0 0 0 X 0 0 0 0 0 0 0 0 0 0 0 0 X X 0 0 0 0 0 0 0 0 0 0 X 0 0 0 0 X 0 0 X X X 0 X 0 X 0 X 0 0 0 X 0 X 0 0 X 0 X 0 X 0 0 0 X 0 X 0 0 X 0 0 0 X X 0 X X 0 0 0 X X 0 X 0 0 X 0 0 X X 0 0 0 0 X 0 X 0 0 0 0 0 0 0 0 X 0 0 X 0 0 0 0 0 0 X 0 X 0 X X 0 0 0 0 0 0 0 X 0 X 0 0 0 0 0 0 0 0 X X 0 0 0 0 X X 0 0 0 0 0 0 0 0 0 0 0 0 0 0 X X
X 0 0 0 0 0 0 0 X 0 0 0 0 0 X 0 X X 0 0 0 0 0 0 0 X 0 0 0 0 0 0 0 0 0 0 X 0 0 0 0 0 0 X 0 0 0 X 0 0 0 0 X X 0 0 X 0 0 0 0 X 0 X 0 0 0 0 0 0 0 0 0 0 0 0 0 0 0 0 X 0 0 0 0 X 0 0 0 0 0 0 X 0 0 0 0 0 0 0 0 0 0 0 X X X 0 0 0 0 0 X 0 0 X 0 0 X 0 0 0 0 0 0 0 X 0 0 X 0 0 0 0 0 X 0 0 X 0 0 0 X 0 X X 0 0 0 0 0 0 0 X 0 0 0 0 0 X 0 0 0 0 X 0 0 0 0 0 0 0 X 0 0 0 0 0 X 0 X 0 0 0 0 0 0 0 0 0 X 0 0 0 0 0 0 X 0 0 0 0 0 0 0 0 0 0 0 0 X 0 X 0 X 0 0 0 0 0 0 0 0 0 0 0 0 0 0 0 0 0 0 0 X 0 0 0 0 0 0 X X X 0 0 X 0 X X 0 0 X 0 0 0 0 X 0 0 X X 0 0 0 0 0 0 X 0 X 0 0 0 0 0 X 0 0 0 0 0 0 0 0 0 0 0 0 X 0 X 0 0 0 X 0 0 0 X X 0 0 0 0 0 X X 0 X 0 0 0 0 0 X 0 0 0 X 0 0 0 0 0 0 0 X 0 0 0 0 X 0 X 0 X 0 0 0 0 0 X 0 X 0 0 0 X 0 0 0 X X 0 X 0 0 0 0 0 0 0 0 0 0 0 0 0 0 0 0 0 0 0 0 0 0 X 0 0 0 0 0 X X 0 0 0 X X 0 0 0 X X 0 0 0 X
X 0 X 0 0 0 0 0 0 X 0 0 0 0 0 X X 0 0 X 0 0 0 0 0 0 0 0 0 0 0 0 0 0 0 0 0 0 0 0 0 X 0 X X 0 0 0 X 0 0 0 0 0 0 X 0 0 0 0 0 X 0 0 0 X 0 0 0 0 0 X X X X 0 0 X X 0 0 0 0 X X X 0 0 0 0 0 0 X 0 0 0 X X X 0 0 X X 0 0 0 X 0 0 X X X 0 X 0 0 0 0 X 0 0 0 0 0 0 X 0 0 0 0 0 0 0 0 0 0 0 0 0 0 0 X 0 X X 0 X X 0 0 0 0 X 0 0 0 0 0 0 0 X 0 0 0 0 0 0 X 0 0 0 0 0 X 0 0 0 X 0 0 X X 0 0 0 0 0 0 X 0 0 0 0 X 0 X 0 0 0 0 0 0 0 0 X 0 0 X 0 0 X 0 0 0 0 0 0 0 0 0 0 0 0 0 0 0 0 0 X 0 0 0 0 X 0 X X 0 0 0 0 0 X X 0 0 0 0 0 X 0 0 X X 0 0 0 0 X 0 0 0 0 0 0 0 0 0 0 X 0 0 0 X 0 0 X 0 0 0 0 0 0 0 X X 0 0 X 0 X 0 0 0 X 0 0 0 0 X 0 0 0 X 0 0 X 0 X 0 X X 0 0 0 0 0 0 0 X 0 0 0 X 0 X X X 0 X 0 X 0 X 0 0 0 0 0 0 0 0 0 X 0 0 0 X 0 0 X 0 X 0 0 X 0 0 0 0 0 0 0 0 0 0 0 0 0 0 0 0 0 0 0 0 0 0 0 0 0 0 0 X X 0 0 0 X X 0 X 0 0 0 0 0 0 X X
X 0 0 0 X X 0 0 0 X 0 0 0 X 0 0 X 0 0 X 0 0 0 0 0 0 0 0 X 0 X 0 0 0 0 0 0 0 0 0 0 0 X 0 0 0 0 0 0 X 0 0 X 0 0 0 0 0 0 0 0 0 0 0 0 X X 0 X 0 0 0 0 0 0 0 X X 0 0 0 0 X 0 X 0 0 0 0 X 0 0 0 X 0 X 0 0 0 0 0 0 X 0 0 0 0 0 0 0 0 X 0 X 0 0 0 X X X 0 0 0 0 X X 0 0 0 0 0 X 0 0 0 0 0 X X X 0 X 0 0 X X 0 0 X X 0 0 0 0 0 0 0 X 0 0 0 0 0 X 0 0 0 0 X 0 0 0 X 0 0 0 0 0 0 0 0 X 0 X X 0 0 0 0 0 X 0 0 0 0 0 X 0 0 0 X 0 0 0 0 0 X 0 0 0 0 0 0 0 0 0 0 0 0 0 0 0 0 0 0 0 0 0 0 0 0 0 0 0 X X 0 0 0 0 0 0 0 0 0 X X X X 0 0 X X 0 X 0 X 0 0 X 0 0 0 0 0 X 0 0 0 0 0 X 0 X 0 X 0 X 0 0 0 0 0 0 0 X 0 0 0 0 0 0 0 0 0 X 0 0 0 0 0 0 X 0 0 X 0 0 0 0 0 0 X X 0 0 0 X 0 X 0 0 0 0 X 0 0 0 X 0 X 0 0 X X 0 0 X 0 0 0 0 X 0 0 X 0 0 X 0 0 0 0 0 0 0 0 0 0 X 0 0 0 X 0 0 0 X 0 0 0 0 0 0 0 0 0 X 0 0 0 0 0 0 0 0 0 0 X 0 0 0 X X X X 0 0 0 X
X 0 X 0 0 0 0 0 0 0 X 0 0 X 0 0 0 0 X 0 X 0 X 0 X X X X 0 0 X X 0 0 0 0 0 X 0 0 0 0 0 0 0 0 X X X 0 0 0 0 0 0 0 0 X X 0 X 0 0 X 0 X 0 X X X 0 0 0 0 0 0 0 0 0 0 0 0 0 X 0 0 X 0 0 0 0 0 0 0 0 0 0 0 0 0 0 0 0 0 0 0 X X X 0 0 X X 0 0 0 0 X 0 X 0 0 X 0 0 0 0 0 0 X 0 0 0 0 0 0 0 0 0 0 0 0 0 0 0 0 0 X 0 0 X 0 0 0 0 X 0 0 0 0 0 0 0 X 0 X 0 0 0 0 0 0 0 0 0 0 0 0 0 0 X 0 0 0 0 0 0 0 0 0 0 0 0 X 0 0 0 0 0 0 X 0 0 0 X 0 0 0 0 0 0 0 0 X 0 0 X 0 0 X 0 0 0 0 0 0 0 0 0 0 X 0 0 0 0 0 0 0 0 0 0 X 0 0 0 0 0 0 0 X 0 X 0 0 0 0 0 X 0 0 X 0 0 0 0 0 0 X 0 X 0 X X 0 0 0 X 0 0 0 0 0 0 0 0 0 0 X 0 0 X 0 0 0 X 0 0 0 0 0 0 0 0 X X 0 0 0 X 0 0 0 0 0 0 0 X 0 0 0 0 0 0 0 0 0 0 0 X 0 0 0 0 0 0 0 0 0 0 0 X X 0 0 0 0 0 0 0 0 0 0 0 0 0 0 0 0 0 0 0 X 0 X 0 0 0 0 0 0 0 0 0 0 0 X 0 0 0 0 0 0 X 0 0 0 X 0 0 0 X 0 0 0 X 0 0 0 0 X
X 0 0 0 0 0 0 X 0 0 0 0 X 0 0 0 0 X 0 0 0 0 0 0 0 X 0 0 0 X 0 X 0 X 0 0 0 0 0 X 0 0 0 0 0 X 0 0 0 0 X X X 0 X 0 0 0 0 0 0 0 0 0 0 0 0 0 0 0 0 X X 0 0 0 0 0 0 0 0 0 X 0 0 0 0 0 0 0 0 0 0 X 0 0 0 0 0 0 0 X 0 0 0 0 X 0 0 0 0 0 0 0 0 0 0 0 X 0 0 X 0 0 0 0 0 0 0 X 0 0 0 0 0 X X X X 0 0 X X 0 0 0 0 0 X 0 X 0 0 0 0 0 X 0 0 0 0 0 0 0 0 0 0 0 0 0 X 0 0 0 0 0 0 0 X X 0 0 0 X 0 0 0 0 0 X 0 0 0 X X 0 X 0 0 X 0 X 0 0 0 X X 0 0 0 0 X 0 0 0 0 0 X 0 0 0 X 0 0 0 X 0 0 0 0 0 0 0 0 0 0 0 0 0 0 0 X X 0 0 0 0 0 0 0 X 0 X 0 X 0 0 0 0 0 0 0 0 0 0 0 0 0 0 X 0 0 0 X 0 0 0 0 0 0 X 0 0 0 0 X X X 0 0 0 0 0 0 0 X 0 X 0 0 X X 0 0 X 0 0 0 0 X 0 X 0 0 0 0 0 0 0 0 0 0 0 0 0 0 0 0 X X 0 0 0 0 0 0 0 0 0 0 X X 0 0 0 X 0 0 0 0 0 X 0 0 0 0 X 0 0 0 0 0 0 0 0 0 X 0 X 0 0 0 0 X X 0 0 0 0 X 0 0 0 X 0 0 0 X 0 X 0 X X 0 X X 0 0 0 X
X 0 0 0 0 0 0 0 0 0 0 0 X 0 0 0 0 0 X 0 0 0 0 0 0 0 0 X 0 0 0 X X 0 0 X 0 0 0 0 0 0 0 0 0 0 0 0 0 0 0 X 0 0 0 0 0 0 0 0 0 X 0 0 0 0 0 0 0 X 0 0 0 0 X 0 X 0 0 0 0 0 0 0 0 0 0 0 0 0 0 X 0 X 0 X 0 X 0 0 0 0 0 0 0 0 0 0 0 0 0 0 X 0 0 0 0 X 0 0 0 X 0 0 0 0 0 0 X 0 0 0 0 0 0 0 X 0 0 X 0 0 0 0 X X X X 0 0 0 0 0 X 0 0 X 0 X 0 X 0 0 0 0 X X X 0 X X 0 0 0 0 X 0 X 0 0 0 0 0 X 0 0 0 0 0 0 0 0 0 0 0 0 0 0 X 0 0 0 0 0 0 0 0 0 0 0 0 0 0 0 0 0 0 X 0 0 X 0 0 0 0 0 X 0 0 0 0 0 0 0 0 0 X 0 X 0 0 0 0 0 0 0 0 0 0 X X X X 0 0 0 X X X 0 X 0 0 0 0 0 0 0 0 0 X 0 0 X 0 X 0 0 0 0 0 0 0 0 0 0 0 0 X X 0 0 X 0 0 0 0 0 0 0 0 0 0 0 0 0 0 0 0 0 0 0 X 0 X 0 0 0 0 X 0 0 0 0 0 0 0 0 0 0 X 0 0 0 0 0 0 0 0 0 0 0 0 0 0 X 0 0 0 X X 0 0 0 0 0 0 0 0 0 0 0 0 0 X 0 X 0 0 0 0 0 0 0 0 0 X 0 0 0 0 0 X X X 0 0 0 0 X 0 0 0 0 X X 0 X 0 X
X 0 0 0 X 0 0 0 0 X 0 0 0 0 0 0 0 X X 0 0 0 0 0 X 0 0 0 0 0 0 0 0 X 0 0 0 0 0 0 0 X 0 0 X X 0 0 0 X X X 0 X X 0 0 0 0 0 X 0 0 0 X 0 0 X 0 0 0 0 0 0 0 0 0 0 0 X X 0 0 0 X 0 0 0 0 X X 0 0 0 0 0 0 0 0 0 0 0 0 0 0 X 0 0 0 0 0 0 0 0 X 0 0 0 0 0 0 X X 0 0 0 X X X 0 0 X 0 0 0 0 0 0 0 0 0 0 0 0 X 0 0 0 0 0 0 X X X 0 X 0 X X 0 0 0 0 0 0 0 0 X 0 0 X 0 X 0 0 X X 0 0 0 0 0 0 X 0 X 0 X 0 0 0 X 0 X 0 0 0 0 0 0 X 0 0 0 X 0 0 0 X 0 X X 0 X 0 0 0 0 X X 0 X X 0 0 0 X 0 0 0 0 0 0 0 0 0 0 X 0 0 X 0 0 0 0 X X 0 0 0 0 0 0 0 0 0 0 0 0 X 0 0 X 0 0 0 0 X 0 0 0 0 0 0 0 0 0 0 0 X 0 0 0 0 0 0 X 0 0 0 0 0 0 X 0 X 0 0 0 0 0 X 0 0 0 0 0 X 0 0 0 0 X 0 0 X 0 0 X 0 X X 0 0 X 0 0 0 X X 0 X 0 0 0 0 0 X 0 0 0 0 0 0 0 0 0 X 0 X 0 0 0 X 0 0 0 0 0 X 0 0 0 X 0 0 0 0 0 0 0 0 0 0 0 X X X X 0 0 0 0 0 0 0 0 0 0 0 0 0 0 0 0 X 0 X 0 X
X 0 0 0 0 X 0 0 X 0 X 0 0 X X 0 0 0 0 0 0 X 0 X 0 0 0 0 X 0 0 0 0 X 0 0 0 0 0 0 0 0 0 0 0 X 0 X 0 X 0 0 0 X 0 0 0 X X 0 X 0 0 X 0 X 0 X 0 0 0 X 0 0 0 X 0 0 0 X X 0 0 0 0 0 0 0 0 X 0 0 0 X 0 0 0 0 0 0 0 X 0 X 0 0 0 0 0 0 0 X 0 0 0 X X 0 X 0 0 0 0 0 0 X 0 0 0 0 0 0 0 0 0 0 0 0 0 0 0 X 0 0 0 X 0 0 0 0 0 0 X 0 0 0 0 0 0 0 0 0 0 0 X X 0 0 X 0 0 X 0 X 0 0 0 0 0 0 0 0 X 0 0 0 0 X X 0 X X 0 0 0 0 0 0 0 X 0 0 X 0 0 X X 0 0 0 0 0 X 0 0 0 0 0 0 0 0 0 0 0 0 X X 0 0 0 0 X 0 0 0 0 0 0 X X 0 0 0 0 0 0 0 0 0 0 X 0 0 0 0 X 0 0 0 X 0 0 X 0 0 0 0 0 0 0 0 X X 0 0 0 0 0 0 X 0 0 0 0 0 0 0 0 0 0 X 0 0 0 0 X 0 0 0 0 0 X X 0 0 0 X X 0 0 0 0 0 0 0 0 0 0 X 0 0 0 0 0 0 0 0 0 0 0 0 0 0 0 0 0 X 0 0 0 0 X 0 X 0 0 0 X 0 0 0 0 0 0 X X 0 0 0 0 0 0 0 0 0 0 0 0 0 0 0 0 0 0 0 0 0 0 0 0 0 0 X X 0 0 X 0 0 X 0 X X X X 0 0 0 0 X
X 0 0 0 0 X 0 0 X 0 0 0 X 0 0 X 0 0 0 0 0 0 0 0 0 0 0 0 0 0 X 0 0 0 0 0 X 0 0 0 0 0 0 X 0 0 0 0 0 0 0 0 0 0 0 0 0 0 0 0 0 X 0 0 0 X 0 0 0 X 0 0 0 0 X 0 0 0 X 0 0 0 0 0 0 0 X X X 0 X 0 0 0 0 0 0 0 0 0 0 0 0 0 0 0 0 0 0 0 0 0 0 0 0 0 0 X 0 0 0 0 0 0 X 0 0 X X 0 0 0 0 0 0 X 0 0 X 0 0 X X 0 X 0 0 0 0 0 X 0 X 0 0 0 0 X 0 0 0 0 0 0 0 X 0 0 0 X 0 0 0 X 0 0 0 0 0 X 0 0 0 0 0 0 0 0 X 0 0 0 0 0 0 0 0 0 X 0 0 0 0 0 0 0 0 0 X 0 0 X 0 0 0 X X 0 0 0 0 X 0 0 0 0 0 0 0 0 0 0 0 0 X X 0 X 0 0 0 0 0 0 0 X 0 0 0 0 X 0 0 0 0 X 0 0 0 0 0 0 0 0 0 0 0 0 X 0 X 0 0 0 0 X 0 0 0 0 0 0 0 0 0 0 X 0 0 0 0 X 0 0 X 0 0 X 0 X 0 X 0 X 0 0 0 X 0 0 0 0 X 0 0 X 0 0 0 0 X 0 0 0 0 0 0 0 0 0 X 0 0 0 0 0 0 X 0 0 0 0 0 0 0 0 0 0 0 X 0 0 0 X 0 0 0 0 0 0 0 0 0 0 0 0 0 0 0 X 0 0 0 0 0 0 X X 0 0 0 0 0 0 0 0 0 X 0 X X X 0 0 0 X 0 0 X X
X 0 0 0 0 0 0 0 0 0 0 0 0 0 0 0 X 0 X 0 X 0 0 0 0 0 0 X 0 X 0 X 0 0 0 0 0 0 0 0 0 X 0 0 0 0 0 0 0 0 0 X 0 X X 0 X X 0 X X X 0 0 0 0 0 0 0 0 0 0 0 0 X 0 0 0 0 0 0 0 0 0 X X 0 0 0 X 0 0 0 X 0 0 X X 0 0 0 X 0 X X 0 0 0 X 0 0 0 X 0 0 0 0 0 0 X X 0 X 0 0 0 0 0 0 0 0 0 X 0 0 0 0 0 X 0 0 0 0 0 0 0 0 X 0 0 X 0 0 0 0 0 X 0 0 X X 0 0 0 0 X X 0 X 0 0 0 0 0 0 X 0 X X 0 0 0 X 0 X 0 0 0 0 0 0 0 0 0 0 0 0 0 0 0 0 0 0 0 0 0 0 0 0 0 0 0 0 0 0 0 0 X X 0 0 0 0 0 0 0 0 0 0 X 0 0 X 0 X 0 X 0 0 0 0 0 0 0 0 0 0 0 X X 0 0 X 0 0 0 0 0 0 0 0 0 0 0 0 X X 0 0 0 0 0 0 X 0 0 0 0 X 0 0 0 0 X 0 0 0 0 0 X 0 0 X 0 0 0 0 0 0 0 0 X 0 0 0 0 0 0 0 X X 0 0 0 X 0 0 0 0 0 X 0 0 0 0 0 0 0 0 0 X 0 0 0 X 0 0 X 0 0 0 0 0 0 0 0 X X 0 0 X X 0 X 0 0 0 X 0 0 0 0 0 0 X 0 X X X 0 X X 0 0 X 0 0 0 0 0 0 0 0 0 0 0 0 X 0 0 0 0 0 0 0 X X 0 0 X
X 0 0 0 X X 0 0 0 X 0 X 0 0 X 0 0 X X 0 0 0 0 0 0 0 X 0 0 0 0 0 X X X 0 0 0 0 X 0 0 X 0 0 0 0 0 0 0 0 0 0 0 0 0 X 0 0 0 0 0 0 0 0 0 0 0 0 0 X 0 X 0 0 0 0 X 0 0 0 0 0 0 0 X X 0 0 0 0 0 0 X 0 0 X 0 X 0 0 0 X 0 0 0 0 0 0 0 0 0 0 0 0 0 0 0 0 0 0 0 0 0 0 X 0 0 0 X 0 X 0 0 0 0 X 0 0 0 X 0 X X 0 X X 0 0 X 0 0 0 0 0 0 0 0 0 0 0 X X 0 0 0 0 0 0 0 0 X 0 X X 0 0 0 X 0 X 0 0 0 X 0 X X 0 0 0 0 0 0 0 X 0 0 0 0 X 0 0 0 0 X 0 0 0 0 0 0 X 0 0 0 0 0 X 0 0 0 0 0 0 0 X 0 0 0 0 0 X X 0 0 X 0 0 0 0 0 0 0 0 0 0 X 0 0 0 X 0 0 0 0 0 0 0 0 0 0 0 0 0 0 X 0 0 0 0 0 0 X 0 0 0 0 X 0 0 X 0 0 0 0 X 0 0 0 0 X 0 0 0 0 0 0 0 0 0 0 0 0 X 0 0 0 0 X X 0 0 0 0 0 X 0 0 X 0 0 0 0 0 0 0 0 X X 0 X 0 0 0 0 0 0 0 X 0 X 0 0 0 X 0 0 0 0 0 0 0 0 0 X 0 0 0 0 0 X 0 0 0 0 0 X 0 0 0 X 0 0 X X X X 0 0 0 X 0 X X 0 0 0 0 0 0 0 X 0 0 0 0 X X X
X 0 0 0 0 0 0 X X 0 0 0 0 X 0 0 0 0 0 X 0 X 0 0 0 0 0 0 0 0 0 0 0 X 0 0 X 0 X 0 0 0 0 0 0 X X 0 0 0 0 0 0 0 0 X 0 0 0 X X X 0 0 0 X 0 0 0 X 0 0 0 0 X X 0 X 0 X 0 X 0 X 0 0 0 0 0 0 0 0 0 0 X 0 0 0 0 0 0 X X 0 0 X 0 0 0 X 0 0 0 0 0 0 0 0 0 0 0 X 0 X 0 X 0 0 0 0 0 0 0 0 0 0 0 0 0 0 0 0 0 X 0 X 0 0 0 X X 0 0 0 0 0 X X X 0 0 X X 0 0 0 0 0 0 X X 0 0 0 0 0 0 0 0 X 0 0 X 0 0 0 0 0 0 0 X 0 X X 0 0 0 0 0 0 0 0 0 0 X X X X X 0 0 0 0 0 0 0 X X 0 X X 0 0 0 0 0 0 X X 0 0 X 0 0 X 0 0 0 0 X 0 0 X 0 0 0 0 0 0 0 0 0 0 0 0 0 0 0 0 0 0 0 0 0 0 0 0 0 0 0 0 X 0 0 X 0 0 0 X 0 0 0 0 0 0 0 0 0 0 X 0 0 0 X X X 0 0 X 0 0 0 0 0 0 0 X 0 0 0 0 X 0 X 0 0 X 0 X 0 0 0 0 0 0 0 X 0 0 0 0 0 0 0 0 X 0 0 0 0 0 0 X X X 0 0 0 0 0 0 0 0 0 X 0 X X X 0 0 0 0 0 0 0 0 X 0 0 0 X 0 0 0 X 0 X X 0 0 0 0 0 0 0 0 X 0 0 0 0 0 X 0 X 0 0 0 X
X 0 0 0 X X 0 0 X 0 0 X X 0 0 0 X X 0 0 0 0 0 0 0 0 0 0 0 0 0 0 X 0 0 0 0 0 0 0 X 0 0 0 0 0 0 X 0 0 0 0 0 0 0 0 0 0 0 0 0 0 X X 0 0 X 0 0 0 0 0 0 0 0 0 0 X 0 0 0 0 0 0 0 0 0 0 0 0 0 X X 0 0 0 0 0 0 X 0 0 X 0 0 X 0 0 0 0 0 X X 0 0 0 0 0 0 X 0 X X 0 X X 0 0 0 0 0 0 0 0 0 0 0 0 0 X 0 0 0 0 0 X X 0 0 0 0 0 0 0 0 0 X 0 0 0 X 0 0 0 0 0 0 0 0 0 0 0 0 X 0 0 0 0 0 X 0 X 0 0 0 0 0 0 X X 0 0 X 0 0 0 0 0 0 0 0 X 0 X 0 0 0 0 0 0 0 X 0 0 X X 0 X X X 0 X 0 0 0 0 X 0 0 X 0 X 0 0 0 0 X X 0 0 0 0 X 0 0 0 0 0 X X 0 0 0 0 X 0 0 0 0 0 0 0 0 0 0 X 0 0 0 0 X 0 X 0 0 0 0 0 0 0 X 0 0 0 0 0 X 0 0 0 0 0 0 X 0 X X 0 X X 0 X 0 0 0 0 X 0 X 0 0 X 0 0 X 0 0 X 0 0 0 0 0 0 0 0 0 0 0 0 0 0 0 0 0 0 0 0 0 X X X 0 0 0 0 X 0 0 X 0 0 0 X 0 0 X 0 0 0 X 0 X 0 0 0 0 0 0 X 0 X 0 X X 0 0 0 0 X 0 0 0 0 0 X X 0 0 X 0 0 X 0 X 0 X 0 0 X
X X 0 0 0 0 0 0 0 0 0 X 0 0 0 X 0 0 0 0 0 X X 0 0 X 0 0 X 0 X 0 0 0 0 0 0 0 0 0 0 0 0 0 X 0 0 0 X 0 X 0 X 0 0 0 X 0 0 0 0 0 X 0 0 0 0 0 0 0 0 0 0 0 0 0 0 0 0 0 0 0 X 0 0 0 0 0 0 X X 0 0 0 0 0 0 0 0 X 0 0 X 0 0 0 0 0 0 0 0 0 X 0 X X 0 0 0 0 0 0 0 0 0 0 0 0 0 0 0 0 0 X 0 0 X 0 0 X 0 0 0 0 0 X 0 0 0 0 0 X 0 X 0 0 0 0 0 0 0 X 0 X 0 X 0 0 0 0 0 0 0 0 X 0 0 0 0 0 0 X 0 0 0 0 0 0 0 0 0 0 0 0 0 0 0 X 0 0 0 0 0 0 0 0 0 0 X 0 X X 0 X 0 0 0 0 X X X 0 0 0 0 X X X X 0 0 0 X 0 0 0 0 0 X 0 0 X 0 0 0 X 0 X 0 0 X 0 0 0 0 X 0 0 0 0 0 0 0 0 X 0 X 0 0 0 0 0 0 0 0 0 0 X 0 0 0 0 X 0 0 0 0 X 0 0 0 X 0 0 0 0 0 0 0 0 0 0 0 0 X X 0 0 0 X X 0 X 0 0 0 0 0 0 0 0 0 0 0 0 X 0 0 X 0 0 X 0 X 0 0 0 0 X 0 0 0 X X 0 0 0 X 0 0 0 X 0 0 0 0 0 0 0 0 0 0 0 0 X 0 0 0 0 0 0 0 X 0 X 0 0 0 0 X 0 X X 0 0 0 0 0 0 X 0 0 0 0 0 X 0 0 0 X
X X 0 0 X 0 0 0 0 0 0 X 0 0 0 0 0 0 X X 0 0 0 0 0 0 0 0 0 0 0 0 0 0 0 0 X 0 0 0 0 X 0 X 0 X 0 0 0 0 X 0 X 0 0 X 0 0 X 0 0 0 0 X 0 X X 0 X 0 0 X X 0 0 0 0 0 X 0 0 0 0 0 0 0 0 0 0 0 0 X X 0 0 X 0 0 0 0 X 0 0 0 0 0 0 0 0 0 0 0 0 0 0 0 0 0 0 0 X X X 0 X 0 0 0 X X 0 0 0 X 0 X 0 X 0 0 0 X 0 0 X 0 0 0 X 0 0 0 0 0 0 X X 0 0 0 X 0 0 0 0 0 0 0 0 0 0 0 0 0 0 0 X 0 0 X 0 0 0 0 X 0 X 0 0 0 X 0 0 0 0 0 0 0 0 0 0 0 0 0 0 0 0 0 0 0 X 0 0 0 0 0 X 0 X 0 0 X X 0 0 X 0 0 0 X 0 X 0 0 X X 0 X 0 0 0 0 X X X 0 X 0 0 X X 0 0 0 0 X X 0 0 0 X 0 0 0 0 0 0 0 X 0 0 0 0 0 0 0 0 0 0 0 X X 0 0 X 0 0 0 0 X 0 0 0 0 0 X 0 X 0 X 0 0 0 0 X X 0 0 0 0 X 0 X X 0 0 0 0 0 0 0 X 0 0 0 0 0 0 0 X 0 0 0 0 X 0 0 X X 0 0 0 X 0 0 0 0 0 0 0 0 0 0 X 0 X 0 0 0 0 0 0 0 0 0 0 X 0 X 0 0 0 0 0 0 0 0 0 0 0 X X 0 X 0 0 0 0 0 0 0 0 0 0 0 0 0 0 X X
X X 0 0 0 0 0 0 0 0 0 X X 0 X 0 0 X 0 0 0 0 0 0 0 0 0 0 0 0 0 0 0 X 0 0 X X 0 0 0 0 0 X 0 0 0 0 X 0 X 0 X 0 0 X 0 0 0 0 0 X X 0 0 0 X 0 0 X 0 0 0 X 0 X X 0 0 0 0 0 0 0 0 0 X 0 X 0 0 0 X 0 0 0 0 0 0 X 0 0 0 0 0 0 0 0 0 0 0 0 0 0 0 0 0 X 0 0 0 0 0 X 0 0 X 0 0 0 0 0 0 0 0 0 0 0 0 0 0 0 X 0 0 0 0 X 0 0 X 0 X 0 0 0 X 0 X 0 0 X 0 0 0 0 0 0 0 X 0 0 0 0 0 X 0 0 0 0 X 0 0 X 0 0 0 0 X 0 0 X 0 0 0 0 0 X X 0 X X 0 0 0 0 0 X X 0 0 0 X X 0 0 0 0 0 0 0 0 0 0 X 0 X 0 0 X 0 0 X 0 0 0 0 0 0 0 0 X 0 0 0 0 0 0 X 0 0 X X 0 X 0 0 0 X 0 0 0 0 0 0 0 X X X 0 0 0 0 0 0 0 0 0 0 0 0 0 X 0 0 0 0 0 0 0 X 0 0 X 0 0 0 0 0 0 0 0 0 0 0 0 0 0 0 0 0 0 X X 0 X 0 0 0 0 0 0 X X X 0 X 0 0 X 0 0 0 0 0 0 0 0 X 0 0 0 0 0 0 0 0 0 0 0 0 0 0 0 0 0 X X 0 0 0 X 0 0 0 0 0 0 0 0 0 0 0 X 0 0 X 0 0 0 0 0 0 0 X X 0 0 0 0 0 0 X 0 0 X 0 0 0 X
X 0 0 0 0 X 0 X 0 0 X X 0 0 0 0 X 0 X X 0 0 0 0 X X 0 0 0 X 0 0 0 X 0 0 0 0 0 0 0 0 0 0 0 0 0 0 0 X 0 0 0 0 0 0 0 0 X 0 0 X 0 0 0 0 0 0 0 0 0 0 0 X 0 X 0 0 0 X 0 0 0 0 0 0 X 0 0 X 0 0 X 0 0 0 0 0 0 X 0 0 0 0 0 0 0 0 0 0 0 0 0 0 0 0 X 0 0 0 0 0 0 0 X 0 0 0 0 0 0 0 0 0 0 X 0 X 0 0 X 0 0 0 0 0 X 0 0 0 0 0 0 0 0 0 0 0 0 0 0 0 X 0 X 0 X 0 X 0 0 0 X 0 0 0 0 X 0 0 0 0 0 0 0 0 0 X 0 0 X 0 0 X 0 0 0 0 0 0 0 0 0 0 X 0 0 0 X 0 0 X X 0 0 0 0 0 0 0 X 0 0 0 0 0 X X 0 0 X 0 X 0 0 X 0 0 0 0 0 0 0 X 0 0 0 0 0 0 0 0 0 X 0 X 0 0 0 X 0 X X 0 X 0 0 0 0 0 0 X X 0 0 0 0 0 0 0 0 0 0 X 0 0 0 0 0 X 0 0 0 0 0 0 0 0 0 0 0 0 0 X 0 0 X X 0 0 X 0 0 0 0 0 0 0 0 0 X 0 0 0 0 0 0 0 X 0 X X 0 0 0 0 0 0 0 0 0 0 0 0 0 X 0 X 0 0 0 0 0 0 0 0 0 0 0 X X 0 0 0 X X 0 0 0 0 0 0 0 0 0 0 0 0 0 0 X 0 X 0 0 0 0 0 0 X 0 0 0 0 0 X 0 0 0 X
X X 0 0 0 0 0 0 0 0 0 0 X 0 0 0 0 X 0 0 0 0 0 0 0 0 0 0 0 0 0 0 X X X 0 0 X 0 0 0 0 0 0 0 0 0 0 0 0 0 0 0 X 0 0 0 0 0 X X X X X 0 0 0 X 0 0 0 X 0 0 0 0 0 0 0 0 0 0 0 0 0 0 0 X X 0 0 X 0 0 0 X 0 0 0 0 0 0 0 0 0 0 0 0 0 X X 0 0 0 0 X X 0 X X 0 0 X 0 0 0 X 0 0 0 X X X 0 0 0 X 0 0 X 0 0 0 0 0 0 0 0 0 0 0 X 0 0 0 0 0 0 0 0 0 0 0 0 X X 0 X 0 0 0 0 0 X 0 X 0 0 0 0 0 0 0 X 0 0 0 0 0 0 0 0 0 0 0 0 0 0 0 0 0 0 0 0 X 0 0 X 0 0 0 0 0 0 X X 0 0 0 0 X 0 0 0 0 0 0 0 0 0 0 0 0 0 X X 0 0 0 0 0 0 X 0 0 0 0 0 0 0 X X 0 0 0 X 0 X 0 X 0 0 X 0 0 0 0 0 0 0 0 0 0 0 0 0 0 0 0 0 0 0 0 0 X 0 0 0 0 0 0 0 X 0 0 0 0 0 0 0 0 0 0 0 0 0 0 0 X 0 0 0 0 0 0 0 0 0 X X X 0 0 0 0 X 0 0 0 0 0 0 0 0 0 0 0 0 0 0 0 X 0 0 0 0 0 0 0 0 0 0 X X 0 X 0 0 X 0 0 X X X 0 0 0 0 0 X 0 0 0 X 0 0 0 0 0 X 0 0 X X 0 0 0 0 0 0 0 0 X 0 0 0 X 0 0 X
X 0 0 0 0 0 0 0 0 0 0 0 0 0 X 0 0 0 0 X X 0 X 0 X 0 0 0 X 0 0 0 0 0 0 0 X 0 X 0 X X 0 0 X 0 0 0 X 0 0 0 X 0 0 0 X X 0 0 0 0 0 X 0 0 0 0 0 X 0 0 0 X 0 0 X 0 X X X 0 0 0 0 0 0 0 0 0 0 0 0 X 0 0 0 0 X 0 0 0 0 0 0 0 0 0 0 X X X 0 0 0 0 X 0 0 0 0 0 X X 0 X 0 0 0 0 X 0 X X 0 0 0 0 X X 0 0 X 0 0 0 0 0 0 0 X 0 0 0 0 0 X 0 X 0 0 0 0 0 X X 0 0 0 0 0 0 0 X 0 X 0 X 0 X 0 0 0 X 0 0 0 0 0 0 0 0 X 0 0 0 X 0 X 0 0 0 0 0 X 0 0 X 0 0 0 0 0 X 0 0 X 0 0 0 0 0 X 0 0 X X 0 0 0 0 0 0 0 0 0 0 0 0 0 0 0 0 0 0 X 0 0 X 0 0 0 X 0 X X X 0 0 0 X 0 0 X X 0 0 X 0 X X 0 0 0 0 0 X 0 X 0 0 0 X 0 0 X 0 0 0 0 0 0 0 0 0 0 0 0 0 X 0 X 0 0 0 0 0 0 0 X 0 0 0 0 0 0 X 0 X 0 X 0 0 0 0 X 0 0 0 0 0 0 0 0 0 0 X 0 X 0 0 X X 0 X 0 0 0 X 0 0 0 X 0 X 0 0 0 0 0 0 0 0 0 X 0 0 0 X 0 0 X 0 0 X 0 0 0 X 0 X 0 0 0 0 0 0 0 0 0 X X X 0 0 0 0 0 X X
X 0 0 0 X 0 0 0 0 0 0 0 X 0 0 X 0 0 X 0 0 X 0 0 0 X 0 0 0 X 0 X 0 0 X 0 X 0 0 X 0 0 0 0 X 0 0 0 0 X 0 0 0 0 0 0 0 0 X 0 0 0 0 0 0 0 X 0 0 X X 0 0 0 0 0 0 0 0 0 0 0 0 0 X X 0 0 0 0 X 0 0 0 0 0 0 X X 0 0 0 0 0 0 0 0 0 0 0 0 0 0 0 0 X 0 0 X X 0 0 0 X 0 0 0 X 0 0 0 X 0 0 X X 0 0 0 0 X 0 0 0 0 0 X 0 0 0 X 0 0 X X 0 X X X X 0 0 X 0 X 0 0 0 0 0 0 0 0 0 0 0 0 0 0 X 0 0 X X 0 0 0 0 0 0 X X 0 0 0 0 0 0 0 X X 0 0 0 X X X X 0 X 0 0 X 0 0 0 0 0 0 0 0 0 0 X X 0 0 0 0 X 0 0 0 0 X 0 0 X 0 0 0 0 0 0 0 0 X 0 0 X X 0 0 X 0 0 0 0 X 0 0 0 0 X 0 0 0 0 0 0 X 0 0 0 0 0 0 X 0 X 0 0 0 X 0 0 0 0 0 0 0 X 0 0 0 X X X 0 0 X 0 0 0 0 X 0 0 0 0 0 0 0 X 0 0 0 0 X 0 0 0 0 0 0 0 X 0 0 0 0 0 0 0 0 0 0 0 0 0 0 0 X X 0 0 X 0 X X 0 0 0 0 0 0 0 0 0 0 0 X 0 0 0 0 0 X 0 0 0 0 0 0 0 0 0 0 0 0 0 0 0 0 0 0 0 0 0 0 0 0 0 0 0 0 0 0 0 X
X 0 X 0 0 0 X 0 0 0 0 X 0 0 0 0 0 X 0 0 X 0 0 0 0 X 0 0 0 0 0 0 X X 0 0 0 0 0 0 0 0 0 0 0 0 0 0 X 0 0 0 X 0 0 0 X X 0 0 0 0 0 0 0 0 0 X X 0 0 0 0 0 0 0 X 0 0 0 0 0 0 X 0 0 0 X 0 0 0 X 0 X 0 0 0 0 0 0 0 0 X X 0 0 0 0 0 0 X X X 0 0 0 X X 0 0 0 0 0 0 0 0 0 0 0 0 X 0 0 0 0 X 0 0 0 0 0 0 0 0 X 0 0 0 0 0 X 0 X 0 0 0 0 0 0 0 X 0 0 X 0 X X 0 X 0 X 0 X 0 0 0 X 0 0 0 X X 0 0 0 0 0 0 0 0 0 X 0 0 0 0 0 X X 0 0 0 X 0 0 X 0 0 0 0 0 X 0 0 0 0 0 0 0 X 0 0 0 0 X X 0 0 0 X X X 0 X 0 0 0 0 X 0 0 X 0 0 X 0 0 0 X X 0 0 0 0 0 0 0 0 0 0 0 0 X 0 0 0 0 0 0 0 0 X 0 0 0 0 0 0 0 0 0 0 0 0 0 X 0 0 X 0 X X X 0 X 0 0 X 0 0 0 0 0 0 0 0 0 0 0 0 0 X 0 0 X X 0 0 0 0 0 0 0 0 0 X X 0 0 X 0 0 0 0 0 0 X 0 0 0 0 0 0 0 0 0 0 0 0 0 0 0 X 0 0 X 0 0 0 0 0 0 0 X 0 0 X 0 0 0 X 0 0 0 0 0 0 0 X 0 0 0 0 0 0 X 0 0 0 X 0 0 0 0 0 0 0 0 0 X
X 0 0 0 0 X 0 X 0 0 0 0 0 X 0 X 0 0 0 0 0 0 0 0 0 0 X 0 0 0 0 0 0 0 0 0 0 0 0 X X 0 X X 0 0 0 0 0 0 X X 0 0 0 X 0 0 0 0 0 X X 0 0 0 0 0 0 X 0 0 0 0 X 0 X 0 0 0 0 X 0 0 0 0 0 0 0 0 0 0 0 0 0 0 X 0 0 0 0 0 X X 0 X X 0 0 0 0 0 0 0 X 0 0 0 0 0 0 0 X 0 0 0 0 0 X X 0 0 0 0 X 0 0 0 0 0 0 X 0 0 X 0 X X 0 X 0 X 0 X X 0 0 X 0 0 X 0 X 0 0 0 0 0 X 0 0 X 0 X 0 0 0 0 0 X X 0 X 0 0 0 X 0 0 0 0 0 0 0 0 0 0 0 0 0 0 0 X 0 X 0 X 0 0 0 0 0 0 0 0 0 0 0 0 0 X 0 X 0 0 0 0 0 0 0 X 0 0 X 0 X 0 0 0 0 X 0 X 0 0 0 0 0 X 0 0 0 0 0 0 0 0 0 0 0 X 0 0 X 0 0 0 0 0 X X 0 0 X 0 0 0 0 0 0 0 0 0 0 0 0 0 0 0 0 X 0 0 0 X 0 0 0 0 0 X 0 X X 0 0 0 0 0 0 0 0 0 X X 0 0 0 0 0 0 0 0 0 0 0 0 0 0 0 0 0 0 X 0 0 0 0 0 0 0 0 0 X 0 0 0 0 0 0 X 0 0 0 X 0 0 0 0 0 0 0 0 0 X 0 0 0 0 X 0 X 0 0 0 0 X 0 0 0 0 0 0 X X 0 0 0 0 0 0 0 X 0 0 0 X 0 0 X
X X X 0 0 X 0 0 0 0 0 X 0 0 0 0 0 0 0 0 X 0 0 X 0 0 0 0 0 0 0 0 0 0 X 0 X 0 0 X 0 0 X X 0 0 0 0 X 0 0 X 0 0 0 0 0 0 X 0 0 0 0 X 0 0 0 X 0 0 X 0 X 0 0 X X 0 X 0 0 X 0 0 0 0 0 X X 0 X 0 0 0 0 0 X 0 0 0 0 0 0 0 0 0 X 0 0 0 0 0 0 0 0 X 0 0 0 0 0 0 0 X 0 0 0 0 X 0 X X 0 0 X 0 0 0 X 0 0 0 0 0 0 0 0 0 0 X 0 0 X 0 X X 0 0 X 0 0 X 0 0 0 X X 0 0 0 0 X 0 X 0 0 0 X 0 0 X X X 0 0 0 X 0 0 0 0 0 X X 0 0 X 0 0 0 0 0 0 0 0 0 X 0 0 X 0 0 X 0 0 0 X 0 0 0 0 0 0 0 X 0 0 0 0 0 0 0 0 0 0 0 0 0 0 0 0 0 0 0 0 0 0 0 0 0 0 0 0 0 X 0 0 0 0 0 0 0 X 0 X 0 X X X 0 0 0 0 0 0 0 0 0 0 0 0 0 0 0 X 0 X 0 0 X 0 X 0 0 0 0 0 0 0 0 0 0 0 0 0 0 0 0 0 0 0 0 0 0 0 0 0 0 0 0 0 0 0 X 0 0 X X 0 X 0 0 0 0 0 0 0 X X X 0 0 0 X 0 X 0 0 X 0 0 0 0 0 0 0 X 0 0 0 0 0 0 X X 0 0 0 0 0 0 X 0 0 0 0 X 0 0 0 0 0 X 0 0 0 0 0 0 0 0 X 0 X X 0 0 0 0 X
X X X 0 X 0 0 X 0 0 X X 0 0 0 X 0 0 0 0 0 0 0 0 X 0 0 X 0 X X 0 0 0 0 0 0 X 0 X 0 0 0 0 0 0 0 0 0 0 0 X 0 0 0 0 0 0 X 0 0 X 0 0 0 0 0 0 X 0 0 0 0 0 0 0 0 0 0 X 0 0 0 0 0 0 0 X X X 0 0 0 0 0 0 X 0 0 0 0 0 0 0 0 0 0 0 0 0 X 0 0 0 0 0 X X 0 0 X 0 X 0 0 0 0 0 0 0 0 0 0 X 0 0 0 0 0 0 0 X 0 0 X 0 0 0 X 0 X X X 0 0 X 0 X 0 X 0 0 X 0 0 0 X 0 0 X 0 X 0 X 0 0 0 0 0 0 0 0 0 0 0 X X 0 0 0 0 0 0 0 0 0 0 0 X X 0 0 0 0 0 0 0 0 0 0 0 0 0 0 X 0 0 X 0 0 0 X X X 0 0 0 0 0 0 0 0 0 0 0 0 0 0 0 0 0 0 0 0 0 X 0 0 0 0 X X X 0 0 0 0 X X 0 0 0 0 0 0 0 0 X X 0 X 0 0 0 0 0 X 0 0 0 0 0 0 0 0 0 0 0 0 0 0 0 X 0 0 0 X 0 X 0 X 0 0 X 0 0 0 0 0 0 0 X 0 X 0 0 0 X 0 0 0 0 0 X 0 0 X 0 0 0 X X X X 0 X 0 0 X 0 0 0 0 0 0 0 0 0 X 0 0 0 0 0 0 0 0 0 0 0 0 0 0 0 0 0 X 0 0 0 0 0 0 0 0 0 0 0 0 X 0 0 0 X 0 0 0 0 X X 0 X 0 0 0 0 0 0 0 X
X 0 0 0 0 X X X 0 0 0 0 0 0 0 0 0 0 0 0 0 0 0 0 0 0 0 0 0 0 0 X 0 X 0 0 0 0 0 0 0 0 0 X 0 X 0 0 0 X X 0 0 X 0 X 0 X X X 0 X 0 0 0 0 0 X 0 0 0 0 0 0 X 0 0 0 0 0 0 0 0 0 0 0 0 0 X 0 0 0 0 0 X X 0 X 0 0 X 0 0 0 0 0 0 0 0 0 0 0 X X 0 0 0 X 0 0 0 0 0 X 0 0 X 0 0 X 0 0 0 0 0 X 0 0 X 0 X 0 X 0 0 X 0 X X 0 0 0 0 0 0 0 X 0 0 0 0 0 0 0 0 0 0 X 0 0 0 0 0 0 0 0 0 0 0 0 0 0 X 0 0 0 0 X 0 0 X X 0 0 0 X 0 0 0 X 0 0 0 0 0 X 0 0 0 0 0 0 X 0 0 0 0 0 0 X X 0 0 0 X X X 0 0 X 0 0 0 0 0 0 0 X 0 0 0 0 0 0 X 0 0 0 0 0 0 X 0 0 X 0 X 0 X 0 0 0 0 0 0 0 0 X 0 0 0 0 0 0 X 0 0 0 0 0 0 0 0 X 0 0 0 X 0 X 0 0 X X 0 X X 0 0 0 0 0 0 0 X 0 0 X 0 0 0 0 0 0 0 0 0 X 0 0 0 X 0 0 0 0 0 0 0 0 0 0 X 0 0 X 0 0 0 X 0 0 0 0 0 0 0 0 0 X 0 0 X 0 0 0 0 0 X 0 0 0 0 0 0 0 0 0 0 0 0 0 X 0 X 0 0 0 0 0 0 0 0 X 0 0 0 0 0 X 0 0 X X 0 0 0 0 0 X
X 0 0 X X 0 0 0 0 X 0 0 0 0 X 0 X 0 0 0 0 0 0 0 0 0 0 X 0 0 X 0 0 0 0 0 0 0 0 0 0 X 0 0 0 0 0 0 0 0 0 X 0 0 0 0 0 X 0 0 0 X X 0 0 X 0 0 0 X X 0 X X 0 0 0 0 0 0 X X 0 0 0 0 0 0 0 0 0 0 0 0 0 0 0 0 X 0 X 0 0 0 0 X 0 0 X 0 0 0 0 0 0 0 X 0 0 0 X X 0 0 0 X 0 X X 0 0 0 0 0 0 X 0 0 0 0 0 X 0 0 0 0 0 0 0 0 0 0 0 0 0 0 0 X 0 X 0 X 0 0 0 0 0 X 0 X 0 X 0 0 0 0 X 0 X X 0 0 0 0 0 0 0 0 0 0 0 0 0 0 0 0 X 0 X 0 0 X 0 0 0 0 0 X 0 0 0 0 0 0 X 0 0 0 X 0 X 0 0 0 0 0 0 0 0 0 X X 0 0 0 0 X 0 0 0 X 0 0 0 0 0 0 0 X 0 0 0 0 0 0 0 X 0 0 0 X 0 0 0 0 X 0 0 0 0 X X 0 0 0 0 0 0 0 0 X 0 0 0 X 0 0 0 0 0 0 0 X 0 0 0 0 0 0 X 0 0 X 0 X 0 0 0 X X 0 0 0 X 0 0 0 0 0 0 0 0 0 0 0 0 0 0 0 0 0 0 X 0 0 0 X X 0 0 0 0 0 0 X 0 0 X 0 0 0 X 0 0 0 0 0 0 0 0 0 0 X X 0 0 0 0 0 0 0 0 0 X 0 0 0 0 X 0 0 0 0 0 0 X 0 0 0 0 0 0 0 X 0 0 0 X 0 X
X 0 0 0 X 0 X 0 X 0 0 0 0 0 0 0 0 0 0 0 0 X X 0 0 0 0 0 0 0 0 0 0 0 0 0 0 0 0 X 0 X X 0 0 0 0 X 0 0 0 0 0 0 X X 0 X 0 X X X 0 0 0 X 0 0 X 0 0 0 0 0 X 0 0 X 0 X 0 0 X X 0 0 0 X 0 0 0 0 0 X 0 0 0 0 0 0 0 0 0 0 0 0 0 X 0 X 0 0 X 0 X 0 X 0 X X 0 0 0 0 0 X 0 0 0 0 0 0 0 X X 0 X 0 0 0 0 0 0 0 0 X 0 0 0 0 X 0 0 0 0 0 0 0 0 0 0 X 0 0 0 X 0 X 0 0 0 0 0 X 0 X 0 X X 0 0 0 0 0 0 0 0 0 0 0 0 0 0 0 0 0 0 0 0 0 0 X 0 X 0 0 0 0 0 0 0 0 0 0 0 0 0 0 X X 0 0 0 0 0 0 0 0 0 0 0 0 0 0 0 X 0 0 0 X 0 X X 0 0 0 0 X X 0 0 X X 0 0 0 0 0 0 0 0 X 0 X 0 0 0 0 X X X 0 X 0 0 0 X 0 0 0 0 0 X X 0 0 0 0 0 0 0 X 0 X X 0 X 0 X 0 0 X X 0 0 0 0 0 0 0 0 0 0 0 0 0 X 0 0 0 0 0 0 0 0 0 X 0 0 0 0 0 X 0 0 X 0 0 X X 0 0 0 0 0 0 0 0 X 0 0 0 0 X 0 0 X 0 0 0 0 0 0 0 X 0 X 0 0 X 0 0 0 0 X 0 0 0 0 0 0 0 0 0 0 0 0 0 0 0 X 0 0 0 X 0 0 0 0 X
X 0 0 0 0 X 0 0 X X 0 0 0 0 0 0 X 0 0 X X X 0 0 0 0 0 0 X 0 0 0 0 0 0 0 0 0 0 0 0 0 X X 0 X 0 0 0 X 0 X 0 0 0 0 0 0 0 0 0 X X 0 0 0 0 0 0 X 0 X 0 X 0 0 X X 0 0 0 0 X 0 0 0 0 0 0 X 0 X 0 0 0 0 0 0 X 0 0 0 0 0 0 0 0 0 0 0 0 X 0 0 0 X 0 X 0 0 0 0 0 0 0 0 0 0 0 0 0 X 0 X 0 X 0 X 0 0 0 0 0 0 0 0 0 0 0 0 0 0 0 0 X 0 0 0 X 0 0 0 0 0 0 0 X 0 X 0 X 0 0 0 X 0 0 0 0 0 0 X 0 0 X 0 0 0 0 X 0 0 0 0 0 X X 0 0 0 0 X 0 0 0 0 0 0 0 0 0 0 X 0 0 0 X X 0 0 X 0 0 0 0 0 0 X 0 0 0 0 0 0 0 0 0 0 0 0 0 0 X 0 0 0 0 0 0 0 0 X 0 0 X 0 0 0 0 0 X 0 0 0 X 0 0 0 0 0 0 0 0 X 0 0 X 0 X 0 0 0 0 0 0 0 0 X 0 X 0 X 0 0 0 0 X 0 0 0 0 0 0 0 0 0 0 X X 0 0 0 0 0 0 0 0 0 0 0 0 0 0 0 0 X 0 0 0 0 0 X 0 0 0 X 0 0 0 0 0 0 0 0 X 0 X X 0 0 0 X 0 X 0 0 0 X 0 0 0 0 0 0 X X X 0 0 X 0 0 0 0 X 0 0 0 X 0 X X 0 0 0 X 0 0 0 0 0 0 0 0 0 0 X 0 0 X
X 0 0 0 0 0 X 0 0 0 0 0 0 0 0 0 0 0 0 0 0 0 X 0 X 0 0 0 X 0 0 0 0 0 0 X 0 0 0 0 X 0 0 0 X 0 0 0 0 0 0 0 X X 0 0 0 0 0 X 0 0 0 0 0 0 X 0 0 X 0 0 0 X 0 0 0 0 0 X 0 0 X 0 0 0 0 0 0 X 0 X 0 0 0 0 X 0 0 X X 0 X 0 0 0 0 0 0 0 0 0 0 0 X X 0 0 0 0 0 0 0 0 X 0 X 0 0 0 0 0 0 X 0 0 0 0 0 X 0 0 0 0 0 X 0 0 0 0 0 0 0 X 0 0 0 0 0 0 0 0 0 0 0 0 0 0 0 0 X 0 0 0 0 0 X 0 0 0 0 0 X 0 X 0 0 X 0 0 0 0 0 X X 0 X 0 0 0 0 0 0 0 X 0 0 0 0 0 X X X X 0 0 0 0 0 0 0 0 0 0 0 0 0 0 0 0 X X 0 0 0 0 X 0 0 X 0 0 0 0 0 0 0 0 X 0 0 0 0 0 0 X X 0 X 0 X 0 0 0 0 X 0 0 0 X 0 0 0 0 0 0 0 0 0 X 0 X X X 0 X X 0 0 0 0 0 0 0 0 0 0 0 0 0 0 X 0 0 0 X 0 X 0 0 X 0 0 0 0 0 0 X 0 0 0 0 0 0 0 X X 0 0 0 0 0 0 0 0 0 0 0 0 0 0 0 0 0 0 0 0 0 0 0 0 0 0 0 0 0 0 0 0 0 X 0 0 0 0 0 X 0 0 0 0 0 X 0 0 0 0 0 0 0 0 0 0 0 0 0 0 0 0 X 0 0 0 0 0 0 0 X X X
X 0 0 0 0 0 0 0 0 X 0 0 X 0 X X 0 X 0 0 X 0 0 0 0 0 X X 0 0 0 0 0 0 X X 0 0 0 0 0 0 0 0 0 0 0 0 X 0 X X 0 0 0 X 0 0 0 0 0 0 0 0 0 0 0 0 0 0 X 0 0 0 0 0 0 X 0 0 X 0 X X 0 X X 0 0 0 0 0 X 0 X 0 X 0 X 0 0 0 0 0 0 0 0 0 0 0 X 0 X 0 X 0 0 0 0 0 X 0 0 0 0 0 X 0 0 0 0 0 0 X X 0 0 0 0 0 0 0 0 0 0 0 X 0 0 0 0 0 0 0 0 0 0 0 0 X 0 0 0 0 0 0 X 0 0 0 0 0 0 0 0 X X 0 X X 0 0 0 0 0 0 X 0 0 0 X 0 0 X 0 X 0 0 0 0 0 0 0 X 0 X 0 X 0 0 0 0 0 0 0 0 0 0 0 0 0 0 0 0 0 0 0 X 0 0 0 0 0 0 X 0 0 0 0 0 X 0 0 0 0 0 0 0 0 0 0 0 0 0 0 0 0 X 0 0 0 X 0 X 0 0 0 0 0 0 0 0 X X X 0 0 X 0 0 0 0 0 0 0 0 0 0 0 0 0 X 0 0 0 0 0 0 0 0 0 X 0 0 0 0 0 0 0 X 0 0 X 0 0 X 0 X X X 0 0 0 X 0 0 0 0 0 0 X X 0 X 0 0 0 0 0 0 X 0 0 X 0 0 X 0 0 X 0 0 X X 0 0 0 0 0 X 0 0 0 X 0 0 0 0 0 0 0 0 0 0 X 0 0 0 X 0 0 0 X 0 0 X 0 0 0 0 0 0 0 0 0 0 X 0 0 X
X 0 X 0 0 X 0 0 0 0 0 X 0 0 0 X 0 X 0 0 0 0 0 X 0 X 0 X 0 X 0 0 0 X X 0 X 0 0 0 X 0 0 0 0 X X 0 0 0 0 X 0 0 0 X 0 0 0 0 0 0 X 0 0 0 0 0 0 0 0 0 0 0 0 0 0 0 0 0 0 X 0 0 0 0 0 0 0 0 X 0 0 0 0 0 0 0 0 0 0 0 0 X 0 0 0 X 0 0 0 0 0 X 0 0 0 X 0 0 0 0 0 0 0 0 X 0 X 0 X 0 0 0 0 X 0 0 0 X 0 X 0 X 0 0 0 X X 0 X 0 0 0 0 0 0 0 0 0 X 0 0 0 0 0 X X 0 X X 0 0 X 0 X 0 0 0 0 X 0 0 0 0 0 0 X 0 0 0 0 0 0 0 0 0 X 0 0 0 0 0 0 X 0 X 0 0 X 0 0 0 0 0 0 0 0 X 0 X 0 0 0 0 0 0 0 0 0 0 0 0 0 X X 0 X X 0 0 X X 0 X 0 0 0 0 0 X 0 0 X 0 0 0 0 0 0 X 0 0 0 0 0 0 X 0 X X 0 X X 0 0 0 0 0 0 0 0 0 0 X 0 0 X 0 0 0 0 0 0 0 0 0 0 X 0 0 X 0 X X 0 0 0 0 X 0 0 0 0 X 0 0 0 0 X 0 0 0 0 0 0 0 X 0 X 0 0 0 0 0 0 0 0 0 0 0 X 0 0 0 0 0 0 0 X 0 0 0 X X 0 0 0 0 X 0 0 0 X 0 0 X 0 0 X 0 0 0 X 0 X 0 0 0 X 0 0 0 0 0 0 0 0 0 0 0 0 0 0 0 0 0 0 0 X
X 0 0 0 0 X X 0 0 0 0 X 0 X 0 0 X 0 0 0 0 0 0 0 X X 0 0 0 0 0 X X 0 X 0 0 0 0 0 0 0 0 X 0 X 0 0 0 X 0 0 0 0 0 0 0 0 0 0 0 X X 0 X 0 0 0 0 X X 0 0 0 0 0 X 0 0 0 0 X X 0 0 0 0 X 0 X X 0 0 0 0 0 0 0 X 0 0 X X 0 0 0 0 0 0 X 0 0 0 0 X 0 0 X 0 0 0 0 X X 0 0 0 0 0 0 0 0 0 0 0 0 0 0 0 X 0 0 0 0 0 0 0 X 0 X 0 0 0 0 X 0 0 0 0 0 0 0 0 X 0 0 X 0 X 0 0 0 0 0 0 0 0 X 0 0 0 X 0 0 0 0 0 0 X 0 0 0 0 0 X 0 0 0 0 X 0 X 0 0 0 0 X 0 0 0 0 0 0 0 X 0 0 0 0 0 0 0 X 0 0 0 X 0 X X 0 0 0 0 X X X 0 0 0 0 X 0 0 0 0 0 0 X 0 0 X 0 0 0 0 0 0 0 0 0 0 0 X 0 0 0 0 0 0 0 X 0 0 0 X 0 X 0 0 0 0 0 0 X 0 X 0 X 0 0 X 0 0 0 X X 0 0 0 0 0 X 0 0 0 X 0 0 X 0 0 0 X 0 0 0 0 0 0 0 0 0 0 0 0 0 0 0 X 0 0 0 0 0 0 0 0 X X 0 0 X X 0 0 X 0 0 X 0 X 0 0 0 0 X X 0 0 0 0 0 X X 0 0 0 0 0 0 0 X 0 X 0 X X X 0 0 0 0 0 0 0 0 0 0 0 0 0 X 0 0 0 0 0 0 X
X 0 0 0 0 0 0 X 0 0 0 0 0 X 0 X 0 0 0 0 X X 0 0 0 0 0 0 X 0 X 0 X 0 0 0 0 X 0 X 0 0 0 0 0 0 0 0 0 X 0 0 0 0 0 0 0 0 0 X 0 X 0 0 X 0 0 X X X 0 0 0 X 0 0 0 0 0 X 0 0 0 0 0 0 0 0 0 X 0 X 0 0 0 X 0 0 X 0 0 0 0 X X X 0 0 0 X 0 X 0 0 X 0 0 X 0 0 0 0 0 0 0 0 0 0 0 0 0 X 0 0 0 0 0 0 0 0 0 0 0 0 0 0 0 0 0 0 0 0 0 0 X 0 0 0 X 0 X 0 X 0 0 0 0 X 0 0 0 X 0 X 0 0 0 X 0 0 0 0 0 0 X X 0 0 X X 0 X 0 0 0 0 0 X 0 0 0 0 X 0 X 0 0 0 0 0 X X 0 0 0 0 0 X X 0 0 0 0 X 0 X X 0 0 0 0 0 X 0 0 X 0 0 0 X 0 0 X 0 X 0 X 0 0 0 0 0 0 X 0 0 0 X 0 X 0 0 X X 0 0 0 0 X 0 0 0 0 X X 0 0 0 0 X 0 X 0 X 0 0 0 0 0 0 0 0 0 0 0 0 0 0 0 0 0 0 X 0 0 0 0 0 X 0 0 0 0 0 0 0 0 0 0 0 X 0 0 0 X 0 0 0 0 0 0 0 0 0 0 0 0 0 0 0 0 0 0 0 0 0 0 0 0 0 0 0 X 0 0 0 X 0 X 0 0 0 0 X 0 0 0 0 X 0 0 0 0 0 0 X 0 X 0 0 0 0 0 X X X 0 0 0 0 0 0 0 0 0 0 0 0 0 X
X 0 X 0 0 0 0 X 0 0 0 0 0 0 0 X 0 0 0 0 0 0 0 0 0 0 0 X 0 0 0 0 0 X 0 0 0 0 X 0 X X X 0 X X X 0 0 0 0 0 0 0 0 X 0 0 0 X X 0 0 0 0 0 0 0 0 0 0 0 0 0 0 0 0 0 0 0 0 0 0 0 X 0 0 0 0 X 0 0 0 0 X 0 0 0 0 0 X 0 0 0 X X 0 X 0 0 0 X 0 X X 0 0 0 0 0 0 0 0 0 0 0 X 0 0 0 0 0 0 X 0 0 0 0 0 0 0 0 0 X X 0 X 0 0 0 0 0 0 X X X 0 X 0 0 0 0 0 0 0 0 0 0 0 0 0 X 0 0 0 0 X 0 0 0 0 0 0 0 0 0 0 X 0 0 X 0 X 0 0 0 0 0 0 X X X 0 0 0 0 0 X 0 0 X X 0 0 0 0 0 0 0 0 X 0 X 0 0 0 X 0 X X 0 0 0 0 X 0 0 0 X 0 0 0 X 0 0 0 0 X 0 0 0 X X X 0 0 0 X 0 0 X X 0 X X 0 0 X 0 0 0 0 0 0 0 0 X 0 0 0 X 0 0 0 0 X X 0 0 0 0 0 X 0 0 X 0 0 X X 0 0 0 X 0 X X X 0 0 0 0 0 X 0 0 X 0 0 0 X 0 0 X 0 X 0 0 0 0 0 0 0 X 0 0 0 0 0 X X 0 X 0 0 0 0 0 0 X 0 0 0 0 0 0 X 0 0 0 0 0 0 0 0 0 0 0 0 X 0 0 0 0 0 X X 0 0 0 0 0 X 0 0 X 0 X 0 0 X 0 X 0 0 0 0 0 0 X
X 0 0 0 X X X 0 0 0 0 0 0 0 X 0 0 0 X 0 0 X 0 0 0 0 0 X 0 X 0 0 0 0 0 X 0 0 0 0 0 0 0 X 0 0 0 0 0 0 0 0 0 0 X 0 X 0 0 0 0 X X 0 0 0 0 0 X 0 0 0 0 0 0 X 0 0 0 X 0 0 X X 0 0 0 0 0 0 0 0 0 X 0 0 0 0 0 0 0 0 0 0 0 0 X 0 0 0 0 X 0 0 0 0 0 0 0 0 0 0 0 0 0 X X 0 0 0 X X 0 0 0 0 0 0 X 0 0 X 0 0 0 0 0 X 0 0 X 0 X 0 X 0 0 0 X 0 0 0 0 0 X 0 0 0 0 0 0 0 0 0 0 0 0 0 X 0 0 0 0 0 0 0 X 0 0 0 0 X X 0 0 0 X 0 0 X 0 X 0 0 0 X 0 0 0 0 0 0 0 X 0 0 0 0 0 0 X 0 0 0 0 0 X 0 X 0 X 0 0 0 0 0 X 0 0 0 0 0 X 0 0 0 0 X 0 0 X 0 X 0 0 0 0 0 0 0 X 0 0 0 0 0 0 0 0 0 0 0 0 0 0 0 0 0 X X 0 0 0 0 0 0 0 0 0 0 0 0 0 X X 0 0 X 0 0 0 X 0 0 X 0 0 0 0 0 X 0 X X 0 0 0 0 0 0 0 0 0 0 0 0 0 0 0 0 0 0 0 0 0 0 0 0 0 0 0 0 0 0 X X 0 0 0 0 0 0 0 0 0 X X X X 0 0 0 0 X 0 X 0 0 0 0 0 0 0 X 0 0 0 0 0 0 0 0 0 0 0 0 X 0 0 0 0 0 0 0 0 0 X 0 X X
X 0 0 0 0 0 X 0 0 X 0 0 0 0 0 0 0 0 0 0 0 0 0 0 0 0 X X 0 0 X X 0 0 0 0 0 0 0 0 0 0 X 0 0 0 X 0 0 0 0 0 0 0 0 0 X 0 X 0 0 0 0 0 0 0 0 0 0 0 0 X 0 0 X X 0 X 0 0 0 X 0 0 0 X 0 0 X X 0 0 0 0 0 0 0 0 X 0 X X 0 0 0 0 0 0 0 0 X 0 0 0 0 0 0 0 0 0 0 X X 0 0 0 X 0 0 X 0 0 0 0 0 X 0 0 0 0 0 0 X 0 0 0 0 0 0 0 0 0 0 0 X 0 0 X 0 0 X 0 0 X 0 0 0 0 X X 0 0 0 0 0 0 0 0 0 0 X 0 0 0 0 0 0 0 X X 0 0 0 0 0 0 0 0 X 0 X 0 0 0 0 0 0 0 0 0 X X 0 0 0 X 0 0 0 0 X 0 0 0 0 0 0 0 0 X 0 0 0 0 0 X X 0 0 0 0 0 X 0 0 X X 0 0 0 0 0 0 X 0 0 0 0 0 X 0 X 0 0 0 0 0 0 0 X 0 0 X 0 0 X 0 0 0 0 X 0 X X X 0 0 X 0 0 0 X 0 X 0 0 0 0 0 0 0 0 0 X 0 0 0 0 0 0 X 0 X 0 0 0 X 0 0 0 X 0 0 0 0 0 0 0 0 0 X 0 0 0 0 0 0 X 0 0 X 0 X 0 0 0 0 0 0 0 X X 0 0 0 0 0 0 0 0 0 0 0 0 0 0 X 0 0 X 0 X 0 0 0 0 0 0 0 0 X X X 0 0 0 0 0 0 X 0 X 0 X X 0 0 0 0 X
X 0 0 0 0 X 0 X 0 X 0 0 0 0 0 X 0 0 0 0 X 0 0 0 0 0 0 0 0 0 0 0 0 X 0 0 0 0 0 0 0 0 X 0 0 0 0 0 0 0 0 0 0 0 X 0 0 0 0 0 0 X X 0 0 0 0 X 0 0 X 0 0 X 0 0 0 0 0 X 0 X 0 0 0 0 X 0 0 0 0 0 X 0 0 X 0 0 0 X X 0 0 0 0 0 0 0 0 0 0 0 0 X 0 0 0 0 0 0 0 0 0 0 X 0 X 0 X 0 X 0 0 0 X X 0 0 0 0 0 0 0 0 0 0 X 0 0 0 0 0 0 0 0 0 0 X 0 0 0 0 0 0 0 0 0 0 0 0 0 0 0 0 0 X 0 0 X 0 0 0 0 0 0 0 X 0 0 0 0 0 0 0 0 X 0 0 0 0 0 0 0 X X 0 0 0 0 0 0 0 X 0 0 0 0 0 0 0 0 X 0 0 X 0 X 0 0 X 0 0 0 0 X 0 0 0 0 X 0 0 0 0 0 0 X 0 0 0 0 0 0 0 0 0 X X 0 0 0 X 0 X 0 X 0 0 0 0 0 0 0 0 0 0 X 0 0 0 X 0 0 X X X 0 0 0 0 0 0 0 X 0 0 0 0 0 0 X X 0 0 0 0 0 0 0 0 0 0 0 X 0 0 0 0 0 X X 0 X 0 0 0 0 0 X 0 X 0 0 0 0 0 0 0 0 X X 0 0 0 0 0 0 0 X X 0 0 0 0 0 0 0 0 0 X 0 0 0 X 0 0 X 0 0 0 X 0 0 0 0 0 0 0 0 0 0 0 0 X 0 0 0 0 0 X 0 0 0 0 0 0 X 0 0 X
X 0 0 0 0 0 X X 0 0 X 0 0 X 0 0 0 0 X 0 0 X 0 0 0 0 X 0 0 0 X X X 0 0 0 0 0 X 0 0 0 0 0 0 0 0 0 0 0 0 X 0 0 0 X 0 X 0 0 0 0 0 0 0 0 X 0 X 0 0 0 0 0 X 0 0 0 0 0 0 0 0 0 0 0 X 0 0 0 X 0 0 0 X 0 0 0 0 X 0 0 X X 0 0 0 0 X 0 0 0 0 0 X 0 X 0 0 0 0 0 0 0 0 0 0 0 X 0 0 X 0 X 0 0 X 0 X 0 X 0 0 0 X X X 0 0 0 0 0 0 0 X 0 0 X 0 0 0 X X 0 0 X X 0 0 0 0 0 0 0 0 0 0 0 0 0 X 0 0 X 0 0 0 0 0 0 0 0 0 0 0 0 0 0 0 0 X 0 X 0 X 0 0 0 0 0 0 0 0 0 0 0 0 0 0 0 X 0 0 0 0 0 0 X 0 0 0 X 0 0 0 0 0 0 0 0 0 0 0 X 0 0 X 0 0 0 0 0 0 0 0 0 0 0 0 0 0 X 0 X 0 0 0 0 0 0 0 0 0 0 0 0 0 0 0 0 0 0 0 0 0 0 0 X 0 0 0 0 X 0 X 0 X X 0 0 X 0 0 X 0 0 0 0 X 0 0 0 0 0 0 0 0 X 0 0 0 0 0 X 0 X 0 0 0 0 0 0 0 0 0 X 0 0 0 0 X 0 X X X 0 0 0 X 0 X 0 X 0 0 0 0 0 X 0 X 0 X 0 0 0 0 0 0 0 0 X 0 0 0 X 0 0 0 0 0 X 0 X 0 0 0 X 0 X 0 0 X 0 0 0 X 0 0 X
X 0 0 X X 0 0 0 0 0 0 0 0 0 0 0 0 X 0 X X 0 0 0 X 0 X 0 0 0 0 X X X 0 0 X 0 0 X 0 0 0 X 0 0 0 0 0 0 0 0 X 0 0 0 0 0 0 X 0 0 0 0 0 0 0 0 X 0 0 0 0 0 X 0 0 0 0 0 0 0 X 0 0 0 X 0 X 0 0 0 X 0 X 0 0 0 0 0 0 0 0 0 0 X X 0 X 0 0 0 0 0 0 0 0 0 0 0 X 0 0 X 0 X 0 0 0 X 0 X 0 0 X 0 X X 0 0 0 X X 0 0 0 X X X X 0 0 0 0 0 0 0 0 X 0 0 0 0 X 0 0 0 X X X 0 0 0 0 0 0 0 0 X 0 X 0 0 X 0 0 0 X X 0 0 0 0 0 0 0 0 0 0 0 X 0 0 0 0 0 0 0 X 0 X 0 0 0 0 0 0 0 0 0 X 0 0 0 X X 0 0 0 X X 0 0 X 0 0 0 0 0 0 0 0 X X 0 0 0 0 0 0 0 0 0 0 0 0 X 0 0 X 0 0 0 0 0 0 0 0 0 0 0 0 X X 0 0 0 0 0 0 0 0 X 0 0 0 X 0 0 0 0 0 0 0 X 0 0 0 0 0 X 0 0 X 0 0 0 0 0 0 X 0 0 X 0 0 X 0 0 0 0 0 0 X X 0 0 X 0 X 0 X 0 0 0 0 0 0 0 X 0 0 X 0 0 X X X 0 X 0 0 0 0 0 0 0 X 0 0 0 0 0 X 0 0 0 0 0 0 0 0 X 0 0 0 0 0 0 0 0 0 0 0 0 X 0 0 0 0 X 0 X 0 0 0 0 0 0 X
X X 0 0 0 X X 0 X X 0 X 0 0 0 X 0 0 0 0 X X X 0 0 0 0 0 X 0 0 0 0 0 0 0 0 0 X 0 X 0 0 0 0 0 X 0 0 X X 0 0 0 0 X 0 0 0 0 0 X 0 0 0 0 0 0 0 X 0 0 X 0 0 0 X 0 0 0 X 0 0 0 0 0 0 X X 0 X X 0 0 0 X 0 0 0 X 0 0 0 0 0 0 0 0 0 0 X 0 0 0 0 0 0 0 0 0 0 0 0 0 X X 0 X 0 0 0 0 0 0 0 0 0 0 0 0 0 0 0 X 0 0 0 0 X 0 X 0 0 0 X 0 0 0 0 X 0 X 0 0 0 X 0 0 0 X 0 0 0 0 X 0 0 0 X 0 0 0 0 0 0 0 X 0 0 0 0 0 0 X 0 0 0 0 0 X X X 0 0 0 0 X X 0 0 0 X 0 0 X 0 0 X 0 0 0 X 0 0 X 0 X 0 0 0 X 0 0 0 0 0 X 0 0 X X X 0 0 0 0 0 0 0 0 0 0 0 X 0 0 0 0 X 0 0 X 0 0 X 0 0 0 0 X 0 0 X 0 0 0 0 0 0 X 0 0 0 0 0 0 0 0 0 0 0 X 0 0 0 0 0 0 X 0 0 0 0 0 0 0 X 0 0 0 0 0 X 0 0 0 0 0 0 0 0 X 0 0 0 0 0 0 0 X 0 0 X 0 0 X 0 X X 0 0 X X 0 X 0 0 X 0 0 0 X X 0 0 X 0 X 0 0 0 0 0 0 0 X X 0 0 0 0 0 0 0 0 0 0 0 0 0 0 X 0 0 0 0 X 0 0 X 0 0 0 0 0 0 0 0 0 X
X X 0 0 0 X 0 0 0 0 0 X 0 0 0 X X 0 X 0 X 0 0 0 0 0 0 0 0 X X 0 0 0 0 0 0 X 0 0 0 0 0 0 0 0 X 0 0 0 0 0 0 X 0 0 X 0 0 0 0 0 0 0 0 X 0 0 0 X 0 X 0 0 0 0 0 0 0 0 0 X 0 0 0 0 0 0 0 0 0 0 X 0 0 0 0 0 0 0 0 0 X 0 0 X 0 0 X X 0 0 X 0 0 0 X 0 0 0 X X 0 0 0 0 0 0 0 0 0 0 0 0 0 0 0 0 0 X 0 0 0 X 0 0 X 0 0 0 0 X 0 0 0 0 0 0 0 0 X 0 0 0 X 0 0 X 0 0 0 0 0 X 0 0 X 0 X 0 0 0 X X X 0 0 0 0 0 0 0 0 0 0 0 0 0 0 0 X 0 0 0 0 0 0 0 0 X 0 0 0 0 X 0 0 0 X 0 0 X 0 0 X X 0 0 0 0 X 0 X X 0 0 0 0 0 0 0 0 0 0 0 0 0 0 0 0 0 0 0 0 0 0 0 0 0 0 0 0 0 0 0 X 0 0 0 0 0 X 0 X 0 0 0 0 0 0 0 0 0 X 0 X 0 0 0 0 X 0 0 0 0 0 X 0 0 0 0 0 0 X 0 0 0 0 0 0 X 0 0 X 0 0 0 0 0 X 0 0 0 0 0 0 0 0 X 0 X X 0 0 0 0 0 0 X 0 X 0 0 X 0 0 0 0 0 X 0 0 0 0 0 0 0 0 X 0 0 0 X X X 0 0 0 0 X 0 X X 0 0 0 0 0 X X 0 0 0 X 0 0 0 0 X X 0 0 0 X 0 0 X 0 X X
X X 0 0 0 0 0 0 0 0 0 X 0 0 0 0 0 0 0 0 0 0 0 0 0 0 X 0 0 0 X 0 X 0 0 0 0 0 0 0 0 0 0 0 0 0 0 X 0 0 0 0 0 0 X X X X 0 X 0 0 0 X 0 0 0 0 0 0 0 0 0 0 X 0 0 0 X 0 0 0 X 0 0 X 0 0 0 0 0 X 0 X 0 X X 0 0 0 0 X X X 0 0 0 0 X 0 0 X 0 0 X 0 0 0 0 0 X X 0 0 0 0 0 0 X X 0 0 0 0 0 0 X 0 0 0 0 0 0 X X 0 X 0 0 X 0 0 0 0 X 0 X 0 0 0 0 0 X 0 X 0 X 0 0 X 0 0 0 0 0 0 0 X 0 0 0 0 0 0 0 0 0 0 0 0 0 0 0 0 0 0 0 X 0 X 0 0 X 0 0 0 0 0 0 0 0 0 0 X X 0 0 0 X X 0 0 X 0 0 X 0 0 0 X 0 0 X 0 0 0 0 0 0 0 0 0 X 0 0 X X 0 X X 0 0 X 0 0 0 X 0 X 0 0 0 X 0 0 X 0 0 X 0 0 0 X 0 0 0 0 X X 0 0 0 0 0 0 X X X 0 X 0 0 X 0 0 0 0 0 0 0 0 0 X 0 0 0 X 0 X 0 X X X X 0 0 0 X 0 0 0 0 X 0 0 0 0 X 0 0 0 0 X 0 0 X X X 0 X 0 0 0 0 0 0 0 0 0 0 0 X 0 0 0 0 X X X 0 0 X 0 0 X 0 0 X 0 0 0 0 0 0 0 0 0 X 0 0 X X 0 0 0 0 0 X 0 X 0 0 0 0 X 0 0 0 0 X
X 0 0 0 0 0 0 0 0 0 0 X 0 0 0 0 0 0 0 0 0 X 0 0 0 0 X 0 0 0 X X X X 0 0 0 0 0 X 0 0 X 0 X 0 0 0 0 0 0 0 0 0 0 0 X 0 X 0 0 X 0 0 0 X 0 0 X X 0 0 X 0 0 X 0 0 0 0 0 0 0 0 0 0 0 0 0 0 0 0 0 0 0 0 0 0 0 X 0 X 0 0 0 X 0 0 0 0 0 0 0 0 0 X 0 0 0 0 X X 0 X 0 0 0 0 0 0 0 0 0 0 0 X 0 0 X 0 0 X 0 0 0 X 0 0 0 0 0 0 0 X 0 0 X X 0 0 X 0 0 X X 0 0 0 0 0 0 0 0 0 0 X 0 X 0 0 0 0 0 0 0 X X 0 0 X 0 X 0 0 X 0 0 X 0 0 0 0 0 0 0 0 X X 0 0 0 0 X 0 0 0 0 0 0 X 0 0 0 0 0 0 0 0 0 X 0 X 0 0 X 0 X 0 0 X 0 X X 0 X 0 X 0 0 X 0 0 0 0 0 0 0 0 X 0 X 0 0 X 0 0 0 X 0 0 0 X 0 0 0 0 0 0 0 0 X X 0 0 0 0 0 X 0 X 0 0 0 0 X 0 0 0 X 0 0 X 0 0 X 0 0 0 X X 0 0 0 0 0 0 0 X 0 0 0 0 X X X 0 0 0 0 0 0 0 0 0 X 0 0 0 0 0 0 0 0 0 0 0 0 0 X 0 0 0 0 0 0 0 0 0 0 0 X 0 0 0 0 0 0 0 0 X 0 0 0 0 0 0 0 X 0 0 0 0 0 0 X X X 0 0 0 X 0 0 0 0 0 0 X 0 X
X 0 0 0 0 0 0 0 0 0 0 X 0 0 0 0 0 0 X 0 X X 0 0 X X 0 0 0 0 0 0 X 0 0 0 0 X 0 0 0 0 0 0 X X 0 0 X 0 0 0 X 0 X 0 0 0 0 0 0 0 X 0 0 0 0 X X 0 0 0 0 0 X 0 0 0 0 0 0 0 0 0 0 X X X X 0 0 0 0 0 X 0 0 0 0 0 X 0 0 0 0 X 0 0 X 0 X 0 0 X 0 0 X 0 0 0 0 0 0 0 0 0 0 X X 0 0 0 0 X 0 0 0 0 0 0 0 0 0 0 0 0 0 0 0 0 0 0 0 0 X 0 X 0 X 0 0 0 X X 0 0 0 X 0 0 0 X 0 0 0 0 X 0 0 X 0 0 0 0 0 X 0 X X X 0 0 0 0 X 0 X X 0 0 0 0 0 0 0 0 0 0 0 X 0 0 0 0 0 X 0 0 0 X 0 0 0 0 0 0 X X 0 X 0 X 0 0 X 0 X X X 0 0 0 0 0 0 0 0 0 0 0 0 0 0 0 X 0 0 0 X 0 0 0 0 0 0 0 0 0 0 0 X X 0 0 0 X 0 0 0 0 0 0 0 0 0 0 0 0 0 0 0 0 X X 0 0 X 0 X 0 X 0 0 0 0 0 0 X X 0 0 0 X 0 X 0 0 0 0 0 0 X 0 0 0 0 0 0 0 0 0 0 X X X 0 0 0 0 0 0 X 0 0 0 X 0 0 0 0 0 X 0 0 0 0 0 0 X 0 0 0 X 0 0 0 0 0 0 0 0 0 0 0 0 0 0 0 0 X 0 0 0 X 0 X X 0 0 0 0 0 0 0 0 0 0 0 X X
X 0 0 0 X X X 0 0 X X 0 0 0 0 0 0 0 0 X X 0 X X 0 X 0 0 0 0 0 0 0 0 0 0 X 0 X 0 0 0 0 0 0 0 0 0 0 0 0 0 0 X 0 0 0 0 X 0 0 0 0 X 0 0 X 0 0 0 0 0 0 0 0 X 0 0 X 0 0 0 X 0 0 0 0 0 0 0 0 0 0 X 0 0 X 0 X 0 0 0 0 0 0 X 0 0 0 0 0 X X 0 0 0 0 X 0 0 X 0 0 X X X 0 0 0 0 0 0 0 0 0 0 0 0 X 0 0 0 X 0 0 0 0 0 0 0 X 0 0 0 0 0 0 0 0 X 0 0 0 0 0 0 X 0 X X 0 X X 0 0 0 0 X 0 0 0 0 0 0 0 0 0 0 0 0 X 0 0 0 0 0 0 0 0 0 0 0 0 0 0 X 0 X 0 0 X 0 0 0 0 0 0 X X 0 X 0 0 0 0 0 X 0 0 X 0 X 0 0 0 0 0 0 0 X 0 0 0 0 0 0 0 X 0 X 0 0 X X 0 0 0 0 0 0 0 0 0 0 X 0 0 0 0 0 0 0 0 0 X 0 X 0 0 0 0 X 0 X X 0 0 0 0 X 0 0 X 0 0 0 0 X 0 0 X 0 0 0 0 X X X 0 0 0 0 0 0 0 0 0 0 0 0 0 0 0 X X X 0 0 0 0 0 0 0 X X 0 0 X 0 0 0 0 X 0 X 0 0 0 0 X X 0 0 0 0 0 0 X 0 0 0 0 0 0 0 0 0 0 0 0 0 X 0 0 X 0 0 0 0 X 0 0 X 0 0 X 0 0 X X 0 0 0 X 0 0 X 0 0 X
X 0 0 0 X 0 0 0 0 0 0 0 0 X 0 0 0 0 X 0 0 0 0 0 0 X 0 0 X X 0 X X 0 0 0 0 0 X 0 0 X 0 0 0 0 0 X 0 0 0 0 0 0 0 X 0 0 X 0 0 0 X 0 0 0 0 X X 0 0 0 0 0 0 0 0 0 0 X 0 X 0 X 0 0 X 0 0 0 0 X 0 0 0 0 0 0 0 0 0 0 0 X X 0 0 X X 0 0 0 0 0 X X 0 X 0 0 X 0 0 X 0 0 0 0 0 0 X 0 0 X 0 0 0 0 0 X 0 0 0 0 X 0 0 0 X 0 0 0 0 0 0 0 0 0 0 0 0 0 0 0 0 X 0 0 0 0 0 0 0 0 0 0 0 0 0 0 X 0 0 X 0 0 X X X X 0 0 X 0 0 0 X X 0 0 0 X X 0 0 0 0 0 0 0 0 X X 0 X 0 0 X 0 0 0 0 0 0 0 0 0 0 0 0 X X 0 0 X 0 0 0 0 0 0 X 0 0 0 X X 0 X 0 0 0 0 0 0 X 0 0 0 X 0 0 0 X 0 0 0 0 X 0 X 0 X 0 0 0 0 0 0 0 0 0 0 X 0 0 0 0 0 0 0 0 0 0 0 X 0 0 0 0 0 0 0 0 0 0 0 0 0 X 0 0 0 X 0 0 X 0 0 0 0 X 0 0 0 0 0 0 0 0 0 0 0 X X 0 0 0 0 0 X 0 X 0 X 0 0 0 X 0 0 0 0 0 0 0 0 0 0 0 X 0 X X 0 0 0 0 0 0 0 0 0 0 X 0 0 X 0 0 0 0 0 X 0 0 0 0 0 0 X X 0 0 X 0 0 0 0 X
X 0 0 0 0 X X 0 0 0 0 X 0 0 0 X X 0 0 0 0 X 0 X 0 0 0 0 0 X 0 0 0 0 0 0 0 X 0 X X 0 0 X 0 0 0 0 0 X 0 0 0 0 0 0 X X 0 X 0 0 0 0 X 0 0 X 0 0 0 0 0 0 0 0 0 0 0 0 0 0 0 0 0 0 0 0 X 0 0 0 0 0 0 0 0 0 0 0 X X 0 0 X 0 0 X 0 0 0 0 0 0 0 0 0 0 0 X 0 0 0 0 X 0 0 0 0 0 0 0 0 0 0 0 0 0 0 0 0 0 0 0 0 0 0 0 0 0 0 0 0 0 0 0 0 0 0 0 X X 0 X 0 X 0 0 0 0 0 X 0 X 0 0 0 X X 0 0 0 0 0 X 0 0 0 X 0 0 X 0 0 0 0 0 X 0 0 0 0 0 X 0 X X 0 0 0 0 0 0 X 0 X 0 0 0 X 0 0 0 0 0 X 0 0 0 0 0 X 0 0 0 0 0 0 0 0 X 0 0 X 0 0 0 X X 0 X X 0 0 0 0 0 0 0 0 0 0 0 0 0 X X 0 0 0 0 X X X 0 0 0 X X 0 0 X 0 0 0 X 0 0 0 X 0 0 0 0 0 0 0 0 0 0 0 0 0 0 0 0 0 0 0 0 0 0 X 0 0 0 0 0 0 0 0 0 0 0 X X X 0 0 0 X X 0 0 0 0 0 0 0 X X X X X 0 0 0 X 0 0 0 0 0 0 0 0 X 0 X 0 0 0 0 X 0 0 0 0 0 0 0 0 0 X 0 0 0 0 0 0 0 0 0 X 0 0 0 0 0 0 X 0 X 0 0 0 0 0 0 X
X X 0 0 0 0 0 0 X X 0 0 X 0 X 0 0 0 X 0 0 0 0 0 0 0 0 0 X 0 0 0 0 0 X 0 0 0 0 0 X 0 0 0 0 0 0 0 0 X 0 0 0 0 0 0 0 X 0 0 0 X 0 0 X 0 0 0 X 0 0 0 0 0 0 0 X X 0 0 0 0 0 0 X 0 0 0 0 0 0 X 0 X 0 0 X X 0 X 0 X 0 0 0 0 0 X 0 0 X 0 0 0 0 0 0 0 0 X 0 0 0 0 0 0 X 0 X 0 0 0 0 X 0 X 0 X 0 0 0 0 0 0 0 0 X 0 0 0 0 0 0 0 0 X X X 0 0 0 0 0 0 0 0 0 0 X 0 0 0 X 0 0 X X 0 0 0 X 0 0 0 0 X X 0 0 X X 0 0 0 0 0 0 0 0 0 0 0 0 0 X 0 0 0 X 0 0 X 0 0 0 0 0 0 X 0 0 0 0 0 0 0 0 X 0 0 X 0 0 0 0 0 0 0 0 0 0 0 0 0 0 0 X 0 0 0 0 X 0 0 0 X 0 0 0 0 0 0 0 0 0 0 0 0 0 0 0 X 0 0 0 0 0 0 0 0 0 0 0 0 0 0 X X 0 X X 0 0 0 0 X X 0 0 X 0 0 X X X X X 0 X 0 0 0 0 0 0 0 0 X 0 0 0 0 0 0 X X X 0 0 X X 0 0 0 X X 0 0 0 0 0 X X X 0 0 0 0 0 0 0 0 0 0 0 0 0 X 0 X X 0 0 0 0 0 0 0 0 0 X 0 0 0 0 0 0 0 0 0 0 X 0 X 0 0 0 0 0 0 0 0 0 0 0 0 X 0 0 X
X 0 0 0 0 X 0 X 0 0 X 0 0 0 0 0 0 0 0 0 0 0 0 0 0 0 0 0 0 X X 0 0 0 0 X 0 X 0 0 0 0 0 0 0 0 X 0 0 0 0 0 0 X 0 0 0 0 X 0 0 0 X 0 X 0 0 0 0 0 0 0 0 0 0 0 0 0 0 0 0 0 0 0 0 0 0 X 0 0 0 0 0 0 0 0 0 0 0 0 0 0 0 0 0 0 0 0 0 0 0 0 0 X X 0 0 0 X 0 0 0 0 0 0 0 0 0 X 0 0 0 X 0 0 0 0 0 X X 0 0 0 0 0 X X 0 0 0 0 0 0 X X 0 0 X 0 0 0 0 0 X 0 X 0 0 0 0 0 0 0 0 0 0 X 0 0 0 0 0 0 0 0 0 0 0 X X X X 0 0 0 0 0 0 0 0 0 X 0 0 0 0 0 X X 0 X 0 0 0 X X 0 X 0 X X X 0 0 0 0 X 0 0 0 0 0 X X 0 0 0 0 X 0 0 0 0 0 0 0 0 0 0 0 0 X X 0 0 0 0 0 0 0 0 X 0 0 0 X 0 0 X 0 0 0 X 0 0 0 X 0 0 0 0 0 X 0 X X 0 0 0 X 0 X 0 0 X 0 0 0 0 0 0 0 0 X 0 0 X 0 0 0 0 0 0 0 X X 0 0 0 0 0 X 0 0 0 0 X 0 0 0 0 X 0 0 X 0 0 0 0 0 0 0 0 X 0 0 X 0 0 0 0 0 0 0 0 X 0 0 X 0 X 0 0 0 0 0 0 0 X X 0 0 0 0 0 X 0 0 0 0 0 X 0 0 0 X 0 0 0 0 0 0 0 X 0 0 0 0 0 X
X 0 0 X X 0 0 X 0 0 X 0 0 0 X 0 0 X 0 0 0 0 0 0 0 X X 0 X X 0 0 0 0 X 0 0 0 0 X 0 X X 0 0 0 0 0 0 0 X 0 0 0 0 0 0 0 0 0 X 0 0 0 0 0 0 0 0 0 X 0 0 0 0 0 0 0 0 X X 0 0 0 0 0 0 0 0 0 0 0 0 0 0 0 0 0 X 0 X 0 0 X 0 X X 0 0 0 X X 0 X X 0 0 0 X 0 0 0 0 0 0 0 0 X 0 0 0 X 0 0 0 0 0 0 0 0 0 0 X 0 0 0 0 0 0 0 0 0 X 0 0 X X 0 0 0 0 0 X 0 X 0 0 0 0 0 X 0 0 0 0 0 0 0 0 0 0 0 0 X 0 0 X X X 0 0 0 0 X 0 0 0 X 0 0 0 X 0 0 X 0 0 0 0 0 0 0 0 X X 0 0 0 0 X 0 0 X 0 0 0 X 0 0 0 X 0 X 0 0 0 X 0 0 X 0 0 0 0 0 0 X 0 0 0 X 0 X 0 0 0 X 0 X 0 0 0 0 0 X 0 0 0 0 X 0 0 0 0 0 0 0 0 X 0 0 0 0 0 0 0 0 0 0 0 0 0 0 0 0 X X 0 X 0 0 0 0 0 0 0 0 0 0 X 0 0 0 0 X X 0 0 X 0 0 0 X X X 0 0 0 0 0 0 0 0 X 0 0 X 0 X X 0 X X 0 0 0 0 0 X 0 0 0 0 0 0 0 0 0 X X 0 0 0 0 0 0 0 0 0 0 0 X X 0 0 X X 0 0 X 0 0 0 0 0 X 0 X 0 0 0 0 0 0 0 X X 0 0 X
X 0 0 0 0 X 0 0 X X X X 0 0 0 0 0 0 0 0 X 0 0 0 0 0 X 0 0 0 0 X 0 X X 0 X 0 0 0 0 X 0 X 0 X 0 X 0 X X 0 0 0 0 0 0 0 0 0 0 0 0 0 0 0 0 0 0 0 0 0 0 0 0 0 0 0 0 0 0 0 0 X 0 0 0 0 X 0 0 X 0 0 X 0 0 0 0 0 0 X 0 0 X X 0 0 X X 0 0 X 0 0 0 0 0 0 0 0 0 0 0 0 0 X 0 X 0 0 0 0 0 0 0 0 0 X X 0 0 0 0 X X X 0 0 0 0 0 0 0 0 0 0 0 X X 0 0 X 0 0 0 0 X 0 0 X 0 0 0 0 0 0 0 0 0 0 X X 0 0 0 0 0 0 0 0 0 0 0 0 X X X 0 0 0 0 0 0 0 X 0 0 X 0 0 0 X 0 0 X 0 0 0 0 0 X 0 0 X 0 0 X 0 0 0 0 0 0 0 0 X 0 0 0 0 0 X X 0 0 0 0 0 0 X X 0 0 X 0 0 0 0 0 X 0 X 0 0 0 X X 0 0 0 X 0 0 0 X 0 0 0 0 0 0 0 0 X 0 0 X 0 0 0 0 0 0 0 0 0 X 0 X 0 0 0 0 0 0 0 0 X 0 0 X 0 0 0 0 0 X 0 0 X 0 0 0 0 0 X 0 0 0 0 0 0 X 0 0 0 0 0 0 0 0 0 0 0 0 0 0 0 X 0 0 0 0 0 X 0 0 0 X 0 0 0 0 0 X 0 0 0 X X 0 0 0 0 0 0 0 0 0 0 0 0 0 X X X 0 0 X 0 0 0 0 X X X 0 0 X
X X 0 0 X 0 0 0 0 0 0 0 0 0 0 0 0 0 X 0 0 0 0 0 0 0 X 0 0 0 X 0 0 0 0 0 0 0 0 X 0 0 X 0 0 0 0 0 0 X 0 0 0 0 0 0 0 X 0 0 0 0 0 X 0 0 0 X 0 0 0 X 0 0 X 0 0 0 X 0 0 0 X X X 0 0 0 0 0 0 0 0 0 0 0 X X 0 0 0 X 0 0 0 X 0 0 0 0 0 0 0 X 0 0 0 0 0 0 0 0 X 0 X 0 0 X X 0 0 X 0 0 0 0 0 0 0 X 0 X 0 0 0 0 X 0 X 0 0 X 0 0 0 0 0 0 X 0 0 0 0 X 0 X X 0 0 0 0 0 0 0 X 0 0 X X X 0 0 X 0 X X 0 0 0 0 X 0 0 0 0 0 0 X 0 0 0 0 0 X X X 0 X 0 0 0 0 0 0 0 X 0 0 0 X 0 0 0 0 X X 0 0 0 0 0 X 0 X 0 0 0 0 0 0 0 0 0 0 0 0 0 0 0 0 0 0 0 0 0 0 0 0 0 0 0 0 0 0 0 0 0 0 X 0 0 0 0 0 0 0 X X 0 0 0 0 0 0 0 0 0 0 0 0 X 0 0 X 0 X 0 0 0 0 0 0 0 0 0 0 X 0 X 0 0 0 X 0 0 X 0 0 0 0 0 0 0 0 0 0 0 0 0 0 0 X 0 0 X 0 0 X 0 0 X 0 X X X 0 0 X X 0 0 0 0 X 0 0 0 X 0 0 0 X 0 0 0 0 0 0 0 0 0 0 0 0 0 0 X 0 0 0 X 0 0 X 0 0 0 0 0 0 0 0 0 0 0 X 0 0 0 X
X 0 0 0 0 0 0 0 0 0 0 0 0 0 0 0 0 0 X X 0 0 0 0 0 0 0 0 0 0 0 0 0 0 0 0 0 0 0 0 0 0 0 0 X 0 0 0 0 0 X 0 0 0 0 0 0 0 0 0 0 0 0 0 0 0 0 X 0 0 0 0 X 0 0 0 0 0 0 0 X 0 0 0 0 X 0 0 0 0 0 X 0 0 0 0 0 0 0 X 0 0 0 0 0 0 0 0 0 0 X 0 0 0 0 0 0 X 0 0 0 0 0 X 0 X 0 0 0 0 0 0 0 0 X 0 X 0 0 X 0 X 0 0 0 X 0 0 0 0 0 X 0 0 X 0 0 0 0 X 0 X 0 X 0 0 0 0 0 0 X 0 0 0 0 0 0 0 X X 0 0 0 0 0 0 0 0 0 0 0 X 0 0 X 0 0 0 0 0 0 X 0 0 0 X X 0 0 0 X 0 0 0 0 0 0 X X 0 0 0 0 0 0 0 X 0 0 X 0 0 0 0 0 0 0 X 0 X 0 0 0 0 0 0 0 0 0 0 0 0 0 0 0 0 0 X X X X 0 0 X 0 X 0 0 0 0 X 0 0 X X 0 0 0 0 0 X X 0 X 0 X 0 X 0 0 0 0 0 0 0 X 0 0 X 0 0 X 0 0 0 0 0 0 0 X 0 0 0 0 X 0 X 0 0 X 0 0 0 X 0 0 0 0 X 0 0 0 X X X 0 X 0 0 0 0 X 0 X 0 0 0 0 0 0 0 0 X 0 0 0 0 0 0 X X 0 0 0 0 0 0 0 0 X 0 0 0 0 X 0 0 X X 0 X 0 0 X 0 0 0 X 0 0 0 0 0 0 X 0 0 0 0 X
X 0 0 0 X 0 0 0 0 0 0 0 0 0 0 X X X 0 X 0 0 0 0 X 0 0 0 0 X X 0 X X X 0 0 0 0 0 X 0 0 0 0 X 0 X 0 0 0 0 0 0 0 0 0 0 0 0 0 0 0 0 0 0 0 0 0 0 0 0 0 0 X X 0 0 X 0 0 0 X 0 0 0 0 0 0 0 0 0 0 X 0 0 0 0 0 0 0 0 0 0 0 X 0 X 0 0 0 0 0 0 0 0 X 0 0 0 X 0 0 0 0 0 X X 0 0 X 0 0 0 0 0 0 X X 0 X 0 0 0 X 0 X 0 X 0 X 0 0 0 0 0 X 0 0 0 0 0 0 X 0 0 0 X X X 0 X X 0 0 X 0 0 0 0 X 0 X 0 X X 0 0 0 X 0 0 X 0 0 0 X X 0 0 X 0 X 0 0 0 0 0 0 0 0 X 0 0 0 0 0 0 0 0 0 0 0 0 0 X 0 0 0 0 0 0 0 0 0 0 0 0 0 0 X 0 0 X X 0 0 0 0 0 0 X 0 0 0 0 0 0 0 0 X 0 0 0 0 0 0 0 0 0 0 X 0 0 0 0 0 0 0 0 0 0 X 0 0 0 0 0 0 X 0 0 0 0 0 0 0 0 0 X 0 0 0 0 X X 0 0 0 0 0 0 X 0 0 0 0 0 X 0 0 0 0 0 0 0 0 0 0 X 0 X 0 0 0 X 0 0 0 0 0 0 0 0 0 0 0 0 0 X 0 0 X 0 0 X X 0 X 0 X X 0 0 0 0 0 0 0 0 0 X 0 0 X 0 X 0 0 0 0 X 0 X X 0 0 0 0 X X 0 0 0 0 0 0 0 0 X
X 0 0 0 0 0 0 0 0 0 0 X 0 0 0 0 0 X X 0 X 0 0 0 X 0 0 0 0 0 0 0 0 X X 0 0 0 0 0 0 0 0 X 0 0 X 0 0 0 X 0 0 0 0 0 0 0 0 0 0 0 0 0 0 0 0 0 0 0 0 0 0 0 0 0 0 X 0 0 0 0 0 0 0 0 0 0 0 X 0 0 0 0 X 0 0 0 0 0 X 0 X 0 0 0 0 X 0 X 0 0 0 0 X 0 0 0 0 0 0 0 0 0 0 0 X X 0 0 0 0 0 X 0 0 0 0 0 X 0 X 0 0 0 0 0 X 0 X 0 0 0 0 0 0 0 0 0 0 0 X 0 0 0 0 0 X 0 0 X 0 X 0 0 X 0 X 0 0 0 X 0 X 0 0 0 0 0 0 0 0 0 0 0 0 0 0 0 0 0 0 0 0 0 0 X 0 0 0 0 X 0 0 X 0 0 0 0 X X X 0 0 X 0 X 0 0 0 0 0 0 0 0 X 0 X 0 0 X 0 0 0 0 0 0 0 0 0 0 0 0 0 X 0 0 0 0 0 0 0 0 0 0 0 0 0 0 0 X 0 0 0 0 0 0 0 0 X 0 0 0 0 0 0 0 0 0 0 0 0 0 0 0 0 0 0 0 0 0 0 0 0 0 0 0 0 0 0 0 0 0 0 0 0 0 X 0 0 X 0 X X X 0 0 X X 0 0 0 0 0 0 0 0 0 0 0 X 0 0 0 0 0 0 0 0 0 0 0 0 0 0 0 0 X 0 0 0 0 0 0 0 X 0 X X 0 0 X 0 0 0 0 0 X 0 0 0 0 0 0 0 0 0 0 0 0 X 0 X 0 0 0 0 0 X X
X 0 0 X 0 0 X 0 0 0 0 0 0 0 0 0 0 0 0 0 0 0 0 0 0 0 0 0 X 0 X 0 0 0 0 0 X 0 0 X 0 0 0 0 0 0 X 0 X 0 0 0 0 X 0 0 0 X 0 0 0 0 0 0 0 0 0 0 0 0 0 X 0 X 0 0 0 0 0 0 0 0 0 0 0 X X 0 0 0 0 0 0 0 0 0 0 0 0 0 X X 0 0 X X X 0 0 0 0 0 0 X X 0 0 0 0 0 0 0 0 0 0 0 0 0 X 0 0 0 0 0 0 0 X 0 0 0 0 0 0 0 0 0 0 0 0 0 0 X 0 0 0 0 X 0 0 0 0 X 0 X X 0 0 0 0 0 X 0 0 0 X 0 0 0 0 0 0 X 0 X 0 0 0 X 0 X 0 0 0 X X 0 0 X 0 0 0 0 0 0 0 0 0 0 0 X 0 0 0 0 0 0 0 0 0 X X 0 0 0 X 0 0 0 0 0 X X 0 0 0 0 0 0 X 0 0 0 0 X X 0 X 0 X 0 0 0 0 0 0 0 0 0 0 0 0 0 0 X X 0 0 X 0 0 0 0 0 0 0 0 X 0 X 0 X 0 0 0 0 0 0 X 0 0 0 0 0 0 X 0 0 0 0 0 0 X 0 0 X X X 0 0 0 0 0 0 0 X 0 0 0 0 0 0 0 0 X 0 0 X 0 0 0 0 0 0 0 X X 0 X 0 0 0 0 X 0 0 0 0 0 0 0 X 0 0 X X X 0 0 0 0 0 0 0 0 X X 0 0 0 0 0 0 0 X 0 0 0 X 0 0 0 0 0 0 0 0 0 0 X 0 0 X 0 0 0 0 0 0 0 X
X 0 0 0 0 X X 0 0 X 0 0 0 0 0 X 0 X 0 0 X 0 0 0 0 0 0 0 0 0 X 0 0 0 0 0 0 X 0 X 0 X 0 0 0 0 X X 0 0 0 0 0 0 0 0 X 0 0 0 0 X X 0 0 X 0 0 0 0 0 0 0 X 0 0 0 0 X 0 X 0 0 X 0 0 0 0 0 0 X 0 0 0 0 0 0 0 0 0 0 0 X 0 0 0 0 0 0 0 0 X 0 X 0 X 0 0 0 0 0 0 0 0 0 0 0 0 0 0 X 0 0 0 0 0 0 0 0 0 0 0 0 0 0 X 0 0 0 0 0 0 0 0 0 0 0 0 0 X X 0 0 0 0 X 0 0 0 0 0 0 0 0 0 0 0 0 0 0 0 0 0 0 0 0 0 0 0 0 0 0 X 0 0 X 0 0 0 0 0 0 0 0 0 0 X 0 0 0 0 0 0 X 0 0 0 0 0 X 0 0 X 0 0 0 X 0 0 X X 0 0 X 0 0 0 0 0 0 0 X 0 0 0 0 0 0 0 X 0 0 0 0 0 0 0 0 0 X 0 X 0 X 0 0 X 0 0 0 0 0 X 0 0 0 0 0 0 0 0 0 0 X 0 0 0 0 0 0 0 X X 0 0 0 0 0 0 0 0 0 0 0 X 0 0 0 0 0 0 0 0 0 0 0 X 0 0 0 X 0 0 0 0 0 0 0 0 0 0 X X X 0 0 X 0 0 0 0 0 0 X 0 0 X 0 0 0 0 0 0 0 0 0 0 X 0 0 0 0 0 0 0 0 0 0 0 0 0 0 0 0 0 0 0 0 0 0 0 0 X 0 0 0 0 0 0 0 0 X 0 0 0 0 X X 0 X
X X 0 0 0 0 0 0 0 0 0 0 0 0 0 0 X 0 X X 0 X 0 0 X 0 0 0 0 0 0 X 0 0 0 0 0 0 0 X 0 0 X 0 0 X 0 0 0 0 0 0 0 X 0 0 0 0 X 0 X 0 0 0 X X 0 X 0 0 0 0 0 0 0 0 X 0 0 X 0 0 X 0 X 0 0 X 0 0 0 X 0 0 X 0 0 0 0 0 0 0 X 0 0 0 0 0 X 0 X 0 0 0 X 0 0 0 0 0 0 0 0 X 0 0 X X 0 0 0 0 0 0 0 0 0 0 X 0 0 X 0 X 0 X 0 0 0 0 0 0 0 X 0 X 0 0 X 0 0 0 0 0 X 0 0 0 0 0 0 0 0 0 0 X 0 0 0 0 0 0 0 0 0 0 0 0 0 X 0 0 0 X 0 0 0 X 0 0 0 0 X 0 X 0 0 0 X 0 0 0 0 0 0 0 X 0 X 0 0 0 0 0 0 0 X X 0 X 0 X 0 0 0 0 X X 0 0 0 X 0 X 0 0 0 0 X 0 0 X 0 0 0 0 0 0 X 0 0 0 X 0 0 0 0 0 X 0 0 0 0 0 0 0 0 0 0 X X X 0 0 0 0 0 0 0 0 0 X 0 0 0 0 0 0 0 X 0 0 0 0 0 0 0 0 0 0 X 0 X 0 0 0 0 0 0 0 0 0 0 0 0 0 0 0 0 0 X 0 0 X X 0 0 X 0 X 0 0 0 X 0 0 0 0 0 0 0 0 0 0 0 0 0 X 0 0 0 0 0 0 0 0 0 0 0 X 0 X 0 0 0 0 0 X X 0 0 0 0 0 0 0 X 0 0 0 0 0 0 0 0 0 X 0 0 X
X X 0 0 0 X 0 X 0 0 X 0 0 X 0 X 0 0 0 X X 0 0 0 0 X 0 0 0 0 0 0 0 0 0 0 X 0 0 0 0 0 0 0 0 0 X 0 X 0 0 0 0 0 0 0 0 0 X 0 0 0 0 X 0 X 0 X 0 0 0 0 0 0 0 0 X 0 0 0 0 0 X 0 0 0 X 0 0 0 0 0 0 X 0 0 0 0 X 0 X X 0 X 0 0 X 0 0 0 0 0 0 0 0 0 0 0 X X 0 0 X X 0 0 0 0 0 0 0 0 0 0 0 0 0 0 0 X 0 0 0 0 0 0 0 0 X 0 X 0 0 X 0 0 X 0 0 0 X 0 0 0 0 0 0 0 0 0 0 0 0 0 0 X 0 0 0 0 0 0 0 X 0 0 0 0 0 0 X 0 X 0 0 0 0 0 0 0 X 0 0 0 X 0 0 0 0 0 0 0 0 0 0 0 0 0 0 0 0 0 X 0 0 X 0 0 0 0 0 0 0 0 0 0 0 0 0 0 0 0 0 0 0 0 0 0 0 0 0 0 0 0 0 0 0 X 0 0 X 0 0 0 X 0 0 X 0 0 0 X 0 0 X 0 X 0 0 0 0 0 0 0 0 0 X 0 X X 0 0 0 X 0 X X 0 0 0 X 0 0 0 0 0 X 0 0 0 X 0 0 0 X 0 0 0 0 0 0 0 0 0 0 0 X 0 0 0 0 0 0 X 0 0 0 0 0 0 0 0 X 0 0 0 0 X 0 0 0 X 0 0 0 0 0 0 0 0 0 0 0 0 0 0 0 0 0 0 0 0 X 0 0 0 0 0 0 0 0 X 0 0 X 0 0 0 0 X 0 0 0 X X 0 0 X X X
X 0 0 0 0 0 0 0 X X 0 X 0 0 0 0 X 0 0 0 0 0 0 X 0 X X X 0 X 0 0 0 X 0 0 0 0 0 X 0 X 0 X 0 0 0 0 X 0 0 0 0 0 0 0 0 0 0 X X 0 0 0 0 0 0 0 0 0 0 0 X 0 0 0 0 0 0 0 0 0 0 0 X X 0 0 X 0 0 0 0 0 X 0 X 0 0 0 0 0 0 0 X X 0 0 X 0 0 X X 0 0 X 0 0 0 0 0 0 X 0 0 0 0 0 0 0 0 0 0 0 0 X 0 0 X 0 0 0 0 0 0 X 0 0 X 0 X 0 0 0 X 0 X 0 0 0 0 X X 0 0 0 0 0 0 0 0 X 0 0 0 0 0 0 0 X 0 0 0 0 0 0 0 0 X 0 0 0 X 0 X X 0 X X 0 0 X 0 0 X 0 0 0 0 0 0 0 0 0 0 X 0 0 0 0 0 X 0 0 0 0 X 0 0 0 0 0 0 X 0 0 X 0 0 0 0 0 X 0 0 0 0 0 0 0 0 0 0 0 X 0 X 0 0 X X X 0 0 0 0 0 0 0 X 0 0 0 0 X 0 X X 0 0 0 0 X 0 0 0 0 0 0 0 0 X 0 X 0 0 0 X X 0 0 0 X 0 0 X 0 X 0 0 0 0 0 X X X 0 0 X X 0 X 0 0 0 0 X X X 0 0 0 0 0 X 0 0 0 0 0 0 0 0 0 X 0 0 0 0 0 X X 0 0 X 0 X 0 0 0 0 X 0 0 0 0 0 0 0 0 0 X 0 0 0 0 0 X 0 0 0 0 0 0 0 X 0 X X 0 X X 0 X 0 X X 0 0 X
X 0 0 0 0 0 X 0 X 0 0 0 0 0 0 X X X 0 0 0 0 0 0 X 0 X X 0 0 0 X 0 X 0 0 0 0 0 0 0 0 0 0 0 X 0 0 0 0 0 0 0 0 X 0 0 0 0 0 0 0 0 0 0 0 0 0 0 0 X X 0 X 0 0 0 0 0 X 0 X 0 0 X 0 X 0 X 0 0 0 0 0 0 0 0 0 0 0 0 0 X 0 0 X 0 0 X 0 0 X 0 0 0 0 X 0 0 X X 0 0 0 0 0 0 X 0 0 0 0 0 0 0 0 0 0 0 0 0 0 0 0 0 X 0 X 0 0 X 0 X 0 0 0 0 0 0 0 0 0 0 0 0 0 X X 0 X 0 0 X 0 0 0 0 0 0 0 0 0 X 0 0 0 X 0 0 0 0 0 0 0 X 0 0 0 0 0 X 0 0 X 0 0 X 0 0 0 0 0 0 0 0 X 0 0 X 0 0 0 0 0 0 0 X 0 0 0 0 0 0 0 0 X 0 0 0 X 0 0 0 0 0 0 0 X 0 X 0 0 0 0 0 0 0 0 0 0 0 X 0 0 0 X 0 X 0 0 X 0 0 X 0 0 0 0 X 0 0 0 0 0 0 X 0 0 0 0 0 0 0 X 0 0 X X 0 X 0 0 0 X X X 0 0 0 X 0 0 X 0 0 0 0 0 0 0 X 0 X 0 0 X 0 X 0 0 0 0 0 0 0 0 0 0 0 0 0 0 0 0 0 0 X X 0 0 0 0 0 0 0 0 0 X 0 0 X 0 0 X 0 X 0 0 0 0 0 0 X 0 0 X 0 0 0 0 0 0 0 0 0 0 0 0 0 0 X 0 0 0 X 0 0 0 0 X
X 0 0 0 X 0 0 0 0 0 0 X X X 0 0 0 0 0 X 0 X 0 0 0 0 0 0 0 0 X 0 X 0 0 0 0 0 0 0 0 0 0 0 0 0 0 0 0 0 0 0 X 0 0 0 0 X 0 0 X 0 0 0 0 0 0 0 X 0 0 X 0 0 0 0 0 0 0 0 0 X 0 X 0 X X 0 0 0 0 0 X 0 X X 0 0 0 0 X 0 0 0 0 0 0 0 0 0 0 X 0 0 0 0 0 0 0 X 0 0 X 0 0 0 0 0 0 0 X 0 0 0 0 X X 0 X X 0 0 0 0 0 0 0 0 0 0 X 0 X 0 0 0 0 0 0 0 X 0 0 0 0 0 0 0 0 0 0 0 0 0 X 0 0 0 0 X 0 0 X 0 0 0 0 0 0 0 0 0 X 0 X 0 0 0 X 0 X 0 X 0 0 0 0 0 0 0 0 0 X 0 0 X 0 0 0 0 0 X 0 0 X 0 0 X 0 0 0 0 0 0 0 X 0 0 X 0 0 0 0 0 X 0 0 0 0 0 0 0 0 X X 0 0 0 0 0 0 0 0 0 0 0 0 X 0 X X X 0 0 0 0 X X 0 0 0 0 0 0 0 X X 0 0 0 0 0 0 0 0 0 X 0 0 0 0 0 X 0 X 0 0 X 0 0 X X 0 X 0 0 0 0 0 X 0 0 X 0 0 X 0 0 X 0 0 0 0 0 0 0 0 0 0 0 0 0 0 0 0 0 0 0 0 X 0 0 0 X 0 0 0 X 0 0 0 X 0 0 0 0 0 0 0 0 X 0 0 X 0 0 0 0 0 0 0 0 0 X 0 0 0 0 0 0 0 0 0 X X 0 0 0 X X
X X 0 X 0 0 0 X 0 0 0 0 0 0 X 0 0 X 0 0 X 0 0 0 0 0 0 0 0 0 0 0 0 0 0 0 0 X 0 0 0 0 0 0 0 X 0 X 0 0 0 X 0 0 0 X 0 X 0 0 0 0 0 0 0 X 0 X X 0 0 X 0 X 0 0 X 0 0 X X X X 0 0 0 0 0 0 0 0 X 0 0 0 0 0 0 0 0 0 0 0 0 0 0 0 0 0 0 0 0 X 0 0 0 X 0 0 0 0 0 0 0 0 0 0 0 0 X 0 0 X 0 0 0 X 0 0 0 0 0 0 0 0 0 0 0 0 0 X 0 0 0 0 0 0 X 0 0 0 0 0 0 X 0 0 0 0 0 0 0 0 0 0 0 0 X 0 0 0 0 X X 0 0 0 0 0 0 0 0 X X 0 0 0 X X 0 0 0 0 0 0 X 0 0 0 0 X 0 0 0 0 0 0 0 0 0 X 0 0 X 0 X 0 0 0 0 X 0 X 0 X 0 0 X 0 0 0 0 0 0 0 0 0 0 0 0 0 0 0 0 X 0 0 0 0 X 0 0 0 X 0 0 0 0 0 0 0 0 0 X 0 X 0 0 0 0 0 X 0 0 0 X 0 X 0 0 X 0 0 0 0 0 X 0 X 0 0 0 0 0 0 0 0 0 0 X 0 0 X 0 0 0 0 0 0 0 0 0 X 0 0 0 0 0 X X 0 0 0 0 0 0 0 0 0 0 X X 0 0 X 0 0 0 X X X 0 0 X X 0 0 0 0 0 0 0 X 0 0 X 0 0 X 0 X 0 0 X X 0 X 0 0 X 0 X 0 0 0 0 0 0 X 0 0 0 0 X 0 X 0 0 0 X
X 0 0 0 0 0 0 0 0 0 0 0 0 0 0 0 X 0 0 0 0 0 0 X 0 0 0 X 0 0 0 X X X 0 X 0 0 0 0 0 0 X 0 0 0 X X 0 0 0 X 0 0 0 0 0 0 X 0 0 0 0 0 0 0 0 X 0 0 0 0 0 0 X 0 0 0 0 X 0 0 0 X 0 0 X 0 0 X 0 0 0 X 0 0 0 0 0 0 0 0 0 X 0 0 0 X 0 0 0 0 0 0 0 0 0 0 0 0 0 0 0 0 0 0 X 0 X 0 0 0 0 X 0 0 0 0 X 0 X 0 X 0 X 0 0 0 0 0 X 0 0 0 0 X 0 0 0 X 0 0 0 0 0 X X 0 0 0 X 0 0 0 0 0 0 0 0 0 0 0 0 0 0 0 X X 0 0 0 0 0 0 0 X 0 0 0 X 0 0 0 0 0 X 0 0 0 0 X X 0 0 X 0 0 0 0 X 0 0 0 0 0 0 X 0 0 0 0 0 0 0 0 X 0 0 0 0 X 0 0 0 0 0 0 0 0 0 0 0 X 0 0 0 0 0 0 0 0 0 X X X 0 X 0 0 0 0 0 0 X 0 0 0 X 0 0 X 0 0 0 0 0 0 0 0 0 0 0 0 0 0 0 0 0 0 X 0 0 0 0 0 X 0 X X 0 0 0 0 0 0 0 0 0 X 0 0 0 0 X 0 0 0 0 0 0 0 0 0 0 X 0 0 0 X 0 X X 0 0 X 0 0 0 0 0 0 0 0 0 0 0 X 0 0 0 0 0 0 X 0 0 0 0 0 0 0 0 0 0 0 X 0 0 0 0 0 X 0 X 0 0 0 0 0 0 0 X 0 0 0 0 0 X X X
X 0 0 0 X 0 0 0 0 0 0 0 0 X 0 0 0 0 X 0 0 0 0 0 X 0 0 0 0 0 0 X 0 0 0 0 0 0 0 0 X 0 0 0 0 X 0 0 0 0 X X X 0 0 0 0 0 0 0 0 X 0 0 0 0 0 X 0 0 0 0 0 0 0 0 0 0 0 0 X 0 0 0 0 0 0 0 0 X X 0 0 X 0 0 X 0 0 0 0 0 0 X X X X X X 0 X 0 0 0 X 0 0 0 0 0 0 0 0 0 0 0 X 0 0 0 0 0 0 0 0 0 0 0 0 X 0 0 0 0 0 0 0 0 0 0 0 0 0 0 0 0 0 X 0 0 0 0 X 0 0 0 X 0 X 0 0 0 X 0 0 0 0 0 0 0 0 0 0 0 0 0 0 0 0 0 0 0 0 0 X 0 0 X 0 0 0 0 0 0 X 0 0 0 0 0 0 0 X X 0 X 0 0 0 X 0 0 0 0 0 0 0 0 0 X 0 0 0 0 0 0 0 0 0 0 X X X 0 X 0 0 0 0 0 0 0 0 X 0 X 0 0 0 0 0 X 0 0 0 0 0 0 0 0 X 0 0 0 0 0 0 X 0 0 0 X X X 0 0 0 0 0 0 0 0 X 0 0 0 X 0 0 0 0 0 0 0 X 0 0 0 X 0 0 X 0 0 0 0 X 0 0 0 0 0 0 0 0 0 0 0 0 0 0 0 0 X 0 0 0 0 0 0 0 0 0 0 0 0 0 0 0 0 0 0 0 X 0 0 X 0 0 0 0 X 0 X 0 0 0 0 0 0 0 0 0 X 0 X 0 0 0 0 0 X 0 0 X 0 0 X X 0 0 0 X 0 0 0 X 0 0 X
X X 0 0 0 0 0 X 0 0 0 0 0 0 X 0 0 0 0 0 0 0 0 0 0 0 0 0 0 X 0 X 0 X 0 X 0 0 X 0 0 0 0 0 0 0 0 0 0 0 0 0 0 0 0 0 0 0 0 X X 0 0 0 X X 0 0 0 0 X 0 0 0 0 X 0 0 0 0 0 0 0 X 0 0 0 X X 0 X 0 0 0 0 0 0 0 0 0 0 0 0 0 0 0 X 0 0 0 0 0 0 0 0 0 0 X 0 0 0 0 X 0 X 0 X 0 0 0 0 0 X 0 0 0 X 0 0 0 0 0 0 0 0 0 X X 0 0 X 0 0 0 0 0 0 0 0 0 0 0 0 0 0 0 0 0 0 X 0 0 0 0 X X 0 X 0 0 0 0 X 0 0 0 0 0 0 0 0 0 0 0 0 0 X X 0 0 0 X 0 X 0 0 0 0 0 0 0 0 0 0 X 0 0 0 0 0 0 X 0 0 X X 0 0 0 0 0 0 0 0 X X 0 0 0 0 0 X 0 X 0 0 0 0 0 0 X 0 0 0 X 0 0 0 0 0 0 0 0 0 0 0 0 0 0 0 0 0 X 0 0 0 X 0 0 X 0 0 0 X 0 0 0 0 0 0 0 0 0 0 X 0 0 0 0 X 0 0 0 X 0 0 0 0 0 X X 0 0 0 X X 0 0 X X 0 X X 0 0 0 0 0 X 0 0 X 0 0 0 0 X 0 0 X X 0 X 0 0 0 0 0 0 0 0 X 0 X 0 0 0 X 0 0 X 0 0 0 0 0 0 0 0 0 X 0 0 0 0 0 0 0 0 0 0 X 0 0 X X 0 0 0 0 X 0 0 0 0 0 0 0 0 X
X 0 0 0 0 0 0 0 0 0 0 0 0 0 0 0 0 0 0 0 X X 0 X 0 X 0 0 0 0 X 0 0 0 0 0 X X X 0 0 0 0 0 0 0 0 0 0 0 X 0 0 0 0 0 0 0 X 0 0 X 0 0 0 X X 0 0 0 0 0 0 0 0 0 0 0 0 0 X 0 0 0 X 0 0 0 0 0 0 X 0 X 0 0 0 X 0 X 0 0 0 0 0 0 0 0 0 0 0 0 0 0 0 0 0 0 0 0 0 0 X X X 0 X X 0 0 X 0 0 0 0 0 0 0 0 0 0 0 0 0 0 0 0 0 0 X 0 0 0 0 0 X 0 0 0 0 0 0 0 0 0 0 0 X 0 0 0 X X X 0 0 0 0 0 0 0 0 0 0 X X 0 0 0 X 0 0 0 0 0 0 0 0 0 X 0 0 0 0 0 0 0 0 0 X 0 0 0 0 X 0 0 0 0 X X 0 0 0 0 0 0 0 0 X 0 0 0 X 0 0 X 0 0 0 0 0 0 0 X 0 X 0 0 X 0 0 0 0 X 0 0 0 X 0 0 0 0 0 0 0 0 0 0 0 0 0 0 0 0 0 X 0 0 0 0 0 0 0 0 0 0 0 0 0 0 0 0 0 0 0 0 0 X 0 0 0 0 0 0 0 0 0 0 0 0 0 0 0 0 0 0 0 X 0 0 0 0 X 0 0 0 0 0 0 0 X X 0 X 0 X 0 X 0 0 0 0 0 0 0 0 0 0 0 0 0 0 0 X 0 0 0 0 0 0 X 0 0 0 0 0 0 0 0 X X 0 0 0 0 0 0 0 0 0 0 0 X X 0 0 0 X 0 0 0 0 0 0 0 0 0 X X
X 0 0 0 0 0 X 0 0 0 0 0 0 0 0 0 X 0 0 0 0 0 0 0 0 0 0 0 0 0 0 0 X X 0 0 0 X 0 0 0 0 0 0 X X X 0 0 0 0 0 X 0 0 0 X 0 0 0 0 0 0 0 0 0 0 X 0 0 0 0 0 0 0 X 0 0 0 0 0 0 0 0 0 0 0 0 0 0 0 0 0 0 0 0 X X 0 0 0 0 0 0 0 0 X X 0 0 0 0 0 0 0 0 X 0 0 0 0 0 0 0 0 0 0 0 X X 0 0 0 0 0 0 0 0 0 X 0 X 0 0 X 0 0 X X 0 0 0 0 0 X 0 0 X X X 0 0 0 0 0 0 0 X 0 X 0 X X 0 0 0 0 0 0 0 0 0 0 0 0 0 X 0 0 0 X 0 0 0 0 X 0 X 0 0 0 X 0 X X 0 X 0 0 0 0 0 0 X X 0 0 X 0 0 0 0 0 0 0 0 0 X 0 0 0 0 0 0 0 0 0 X 0 0 0 0 0 0 0 X 0 X 0 0 0 0 0 0 X 0 0 0 0 0 0 X 0 0 0 0 0 0 0 0 0 0 0 0 0 0 X 0 0 X 0 0 0 0 0 X X 0 0 0 0 0 0 X 0 0 0 0 0 0 0 0 0 0 0 0 0 X 0 0 0 0 0 0 0 0 0 X X X 0 0 0 0 0 0 0 0 0 0 0 0 X 0 0 0 0 0 0 0 0 0 X 0 0 X 0 0 0 0 0 X 0 0 X X 0 0 0 0 X X X 0 0 X X 0 0 0 X X X 0 X 0 0 0 X X 0 0 0 0 0 0 0 0 0 0 0 0 0 0 0 0 0 0 0 X
X 0 X 0 0 X 0 0 0 X 0 0 0 0 0 0 0 X 0 X 0 X X 0 0 0 X X 0 0 0 0 0 0 0 0 0 X 0 X 0 0 0 0 X 0 0 X 0 0 0 0 0 0 X 0 X 0 0 0 0 0 0 0 0 0 0 0 0 0 0 X 0 X 0 0 0 0 0 0 0 0 0 0 X X X 0 X X X X 0 0 0 0 0 0 X 0 0 0 0 0 0 0 0 0 0 0 0 X 0 0 0 X 0 0 0 X 0 X 0 0 0 0 0 0 0 0 X 0 0 0 0 0 0 X 0 0 0 0 0 0 X X 0 0 0 0 0 0 0 0 0 X 0 X 0 X 0 0 X 0 0 0 0 0 0 0 0 X 0 0 0 0 0 0 0 0 0 0 0 0 0 0 0 0 0 X 0 X 0 0 0 0 0 0 0 0 0 0 0 X 0 0 0 0 0 0 0 0 0 0 0 0 0 X X 0 0 X 0 0 0 0 0 0 0 0 0 0 0 X 0 0 X 0 0 0 0 0 0 0 0 0 0 0 0 X 0 0 0 0 X X 0 0 0 X 0 0 0 X 0 0 0 0 0 0 0 0 0 0 X 0 X 0 0 X 0 0 0 0 0 0 0 0 0 0 0 0 0 0 X X 0 X 0 X 0 0 X X 0 0 0 0 0 0 0 0 0 0 X 0 0 0 0 0 0 X 0 0 0 0 X 0 0 0 X 0 0 0 0 0 0 0 0 0 X X 0 0 0 0 X 0 X 0 0 0 0 0 0 0 0 X 0 X X 0 X 0 0 X 0 0 0 X 0 X X 0 X X X X 0 0 0 X 0 0 0 0 0 0 0 0 0 0 X 0 0 0 0 0 0 X
X 0 0 0 0 0 0 0 0 0 X 0 0 0 0 0 0 0 0 0 0 0 0 0 X 0 0 0 X 0 0 0 0 X 0 0 0 0 0 X X 0 X 0 0 0 0 0 0 0 0 0 0 0 0 0 0 0 0 0 0 X 0 0 0 0 0 0 0 X 0 0 0 0 0 0 0 0 0 0 0 0 X 0 0 0 0 0 X X 0 X 0 0 0 0 0 0 0 0 X 0 0 0 X X 0 0 0 0 0 0 0 0 X X 0 0 0 X X 0 0 0 0 X 0 0 0 0 0 0 0 0 X 0 0 0 X X 0 0 0 0 0 0 0 0 0 0 X 0 0 0 0 0 0 X 0 X 0 0 0 0 0 0 X 0 0 0 0 X X 0 X 0 0 X 0 0 0 X X 0 0 0 0 0 0 0 0 X 0 X 0 0 X X X 0 0 X 0 0 0 X 0 X 0 X X 0 X 0 X 0 0 0 0 0 0 0 X 0 0 0 X 0 0 0 0 0 0 0 0 0 0 0 0 0 0 0 X 0 X 0 0 0 0 0 0 0 0 0 X X X X X 0 X X 0 0 0 X 0 0 X 0 0 0 0 0 0 0 0 X X 0 0 0 X 0 0 0 0 0 0 0 0 0 0 0 X 0 0 0 0 0 0 0 0 0 0 0 0 X X X 0 0 0 0 X 0 0 0 0 0 X 0 0 0 0 0 0 0 0 0 0 0 0 0 0 0 0 0 0 X X 0 0 0 0 0 0 0 0 0 0 0 0 0 0 X 0 0 0 0 0 X 0 X 0 0 0 0 X 0 0 0 0 0 0 0 0 0 0 X 0 0 X 0 X 0 0 0 0 0 X 0 0 0 0 0 0 0 0 X
X 0 0 0 0 0 X 0 0 X 0 0 0 0 X 0 0 X 0 0 X 0 0 0 X 0 0 0 0 0 0 X 0 0 0 0 X X 0 X 0 0 0 X 0 0 0 0 0 X 0 0 0 0 0 X 0 0 0 0 0 0 0 0 0 0 0 0 0 0 0 0 0 0 0 0 0 0 0 0 0 0 0 0 X 0 0 0 0 0 0 0 0 0 0 X 0 0 0 X 0 0 0 0 0 0 0 0 0 0 0 X 0 0 0 0 X X 0 0 0 0 X 0 0 0 0 0 0 0 0 0 0 0 0 0 X 0 0 0 0 0 0 0 0 0 X 0 0 X 0 0 0 0 0 0 X X 0 0 0 0 X X 0 X 0 0 0 0 0 0 X 0 0 0 0 X X 0 0 0 0 X 0 0 0 0 0 0 X 0 0 0 0 0 0 0 0 0 0 0 0 0 0 X 0 X 0 0 0 0 0 0 0 0 X X 0 0 0 0 0 0 0 0 0 0 0 0 0 X 0 0 X 0 X 0 0 0 0 0 0 0 0 0 0 0 0 0 0 0 0 0 0 0 0 X 0 0 0 0 0 0 X 0 0 0 0 0 0 X 0 0 0 0 0 0 0 0 X 0 0 0 0 0 X 0 0 0 0 X 0 0 0 0 0 0 X 0 X 0 0 X 0 0 X 0 X 0 0 X 0 0 0 X 0 0 X 0 0 0 0 0 0 0 0 0 0 0 0 0 0 X X 0 0 X 0 0 X 0 0 X X 0 0 0 0 0 0 0 0 0 0 0 0 0 X 0 0 X 0 X X 0 0 X 0 0 0 X 0 0 X 0 0 0 X 0 0 0 0 X 0 0 0 0 0 0 X 0 X 0 X X 0 0 0 X
X X X 0 0 X X X 0 0 0 0 X 0 0 0 0 0 0 0 0 X X 0 0 0 0 0 0 0 0 X 0 0 0 0 0 0 0 X 0 0 0 0 0 0 0 0 0 0 0 X X 0 0 0 0 0 0 X 0 0 0 0 0 0 X 0 0 0 0 X 0 0 0 X X 0 0 0 0 0 0 0 0 0 0 X 0 0 0 0 0 0 0 X 0 0 0 0 X 0 0 0 0 X 0 X 0 0 0 0 0 0 0 0 0 0 0 0 0 X 0 X 0 0 X X 0 0 0 0 0 0 0 0 X X 0 0 0 0 X 0 0 0 0 0 0 X X 0 0 0 0 X 0 0 0 0 0 0 X 0 0 0 0 0 0 0 X 0 0 0 0 0 0 0 0 0 X X 0 0 0 0 X 0 0 0 0 0 0 0 0 0 X 0 0 0 0 X X 0 0 0 X 0 0 0 0 0 0 X X 0 0 0 0 0 0 0 0 0 X 0 0 0 0 0 0 X 0 0 0 X X X X 0 0 0 0 0 0 0 X 0 0 X 0 0 0 0 0 0 0 0 0 0 0 0 0 X 0 0 0 0 0 0 0 X 0 0 0 0 0 X X 0 0 X 0 X 0 0 X 0 0 0 0 X 0 X 0 0 0 0 0 0 X X 0 0 0 0 0 0 X 0 0 0 0 0 0 0 0 0 X X 0 0 0 0 0 0 0 0 0 0 0 X X X X 0 X X 0 X 0 0 0 0 X X X 0 0 0 0 X 0 0 0 0 0 0 0 0 0 0 X X 0 0 0 X X 0 0 0 0 0 0 0 0 0 0 0 X 0 X X 0 0 0 0 0 0 0 0 0 0 0 0 0 0 0 X
X 0 0 0 X 0 0 X 0 0 0 X 0 0 X 0 0 0 0 X 0 0 0 0 0 0 X 0 0 X 0 0 0 0 0 0 0 0 0 0 0 0 X X 0 X 0 X 0 0 X 0 0 0 X 0 X 0 X 0 0 0 0 0 0 0 0 0 0 X 0 X 0 0 0 X 0 0 0 0 0 X 0 0 0 0 0 0 0 0 X 0 X 0 0 X 0 0 0 X 0 0 0 X 0 0 0 0 0 X 0 X 0 0 0 X X 0 0 0 0 0 0 0 0 0 X 0 X 0 X 0 X 0 0 X 0 0 X 0 0 X X 0 0 0 0 0 0 0 0 0 0 X 0 0 0 0 0 0 0 0 X 0 0 0 0 X 0 0 0 0 X 0 0 0 0 0 0 0 0 0 0 0 0 X 0 X 0 0 0 X X 0 0 X 0 X X X X 0 0 X 0 0 0 0 0 X 0 X 0 0 0 0 X X X 0 0 0 0 0 0 0 0 0 0 X 0 0 0 0 0 0 0 0 0 X 0 0 0 X 0 X 0 0 0 X X 0 0 0 X 0 0 0 0 0 0 X 0 X 0 0 0 0 X X 0 0 0 0 0 0 0 0 0 0 0 0 0 0 0 0 0 0 0 X 0 0 0 0 0 X 0 0 X X X 0 0 X 0 0 X 0 0 0 0 0 0 0 0 X 0 0 0 0 0 0 X 0 X 0 0 0 0 0 0 0 0 0 X X 0 0 0 0 0 0 0 0 0 0 0 0 0 0 0 0 0 0 0 X X 0 0 X 0 0 0 0 0 0 0 0 0 0 0 X 0 X 0 0 0 0 X 0 0 0 0 0 0 0 X 0 0 0 X 0 0 0 X 0 0 0 0 X
X 0 0 0 0 0 X 0 0 X X X 0 0 0 X 0 0 X 0 X 0 0 0 0 0 0 0 0 0 0 0 0 X 0 0 0 0 0 X X 0 0 X 0 0 X 0 0 0 0 0 0 X 0 0 X 0 0 0 X 0 0 0 0 0 0 0 0 0 X 0 X 0 0 0 X 0 0 0 X X 0 0 0 X 0 0 0 0 0 0 0 0 0 0 0 0 0 X 0 0 X 0 X X 0 0 X 0 0 0 0 0 0 X 0 0 0 X X X 0 0 0 0 0 X 0 X 0 X X 0 0 0 0 0 0 0 0 0 0 0 X X 0 0 0 0 0 0 0 0 0 0 0 0 0 X 0 0 0 0 0 X 0 X 0 0 X X 0 0 0 0 0 X 0 0 0 0 0 0 0 0 X 0 0 0 0 0 0 0 0 0 0 0 0 0 0 0 0 0 0 X 0 0 0 X 0 0 0 0 0 X X 0 0 0 0 0 X X 0 0 0 0 0 X X X 0 X 0 0 0 0 0 X 0 0 0 0 0 0 X 0 0 0 0 0 0 0 0 0 0 0 X X X 0 X 0 0 0 0 0 0 0 X 0 0 0 0 X 0 X 0 0 0 X 0 0 0 0 X 0 0 0 0 0 X X 0 0 0 0 X 0 0 0 0 0 0 0 0 0 0 0 0 X 0 0 0 X X 0 0 0 X 0 0 X 0 0 0 0 0 0 0 0 X 0 0 0 0 0 0 0 0 0 0 0 0 0 0 0 0 0 0 0 0 0 X X 0 0 0 0 X 0 0 0 0 0 0 0 0 0 0 X 0 X 0 X X 0 0 X 0 0 X 0 0 0 X 0 X 0 0 0 X 0 0 X X 0 0 X
X X 0 0 0 0 X X 0 X 0 0 0 0 0 0 0 0 0 0 0 X 0 0 0 X 0 X 0 X 0 0 0 X X X 0 X X 0 0 0 X 0 0 0 X X 0 0 0 X 0 0 0 0 0 0 0 0 X 0 0 X 0 0 0 0 0 0 X 0 X 0 X X 0 X X 0 0 0 X 0 X 0 X 0 0 0 0 0 0 0 0 0 0 0 0 0 X 0 X 0 X 0 0 0 0 0 0 0 X 0 0 0 X 0 X 0 0 X 0 X 0 X 0 0 0 0 X 0 0 0 0 0 X X 0 0 0 0 0 0 X 0 0 0 X X 0 X 0 X 0 X 0 0 X 0 0 0 0 0 0 0 0 0 0 0 X 0 0 0 X 0 0 0 0 0 0 0 0 0 0 X 0 0 0 0 0 0 0 0 0 0 0 0 0 0 0 0 0 0 0 0 0 0 X X 0 X 0 0 0 0 0 0 0 X 0 0 0 0 0 0 0 0 0 0 0 0 0 0 0 0 0 0 0 X 0 X 0 0 0 0 0 0 X 0 0 0 0 0 0 0 0 0 0 X 0 0 0 0 0 0 0 X 0 0 X X 0 X 0 0 0 0 0 0 0 X 0 0 0 0 0 0 0 0 0 0 0 0 0 0 X X 0 0 0 0 0 0 0 0 0 0 0 0 0 0 0 0 X 0 0 X X X 0 0 0 0 0 0 0 0 0 0 0 0 0 0 0 0 0 0 X 0 0 0 0 0 0 0 0 0 0 0 0 0 0 0 X X 0 0 0 0 0 X X 0 0 X 0 0 0 0 0 0 0 0 0 0 0 0 0 0 0 X 0 0 0 X 0 0 X 0 0 0 0 0 X X 0 0 0 X
X 0 0 0 0 0 0 0 0 0 0 0 0 0 0 X X 0 0 0 X 0 0 0 0 0 0 0 0 0 0 0 0 0 X 0 0 0 X 0 0 X X 0 0 0 0 0 0 0 0 0 0 X 0 0 X 0 0 0 X X 0 0 0 0 0 X X 0 X 0 0 X 0 0 0 0 0 0 0 X 0 0 0 0 0 X 0 0 0 0 X 0 X 0 X X 0 0 0 0 0 0 0 0 0 0 0 X 0 0 X 0 X 0 0 0 0 0 0 0 0 0 0 0 0 0 0 X 0 0 0 0 0 0 0 0 0 0 X 0 0 X 0 0 0 X X 0 0 0 X 0 0 0 X 0 0 0 0 0 0 0 0 0 0 0 X 0 0 X 0 0 0 X 0 0 0 0 0 X 0 0 0 0 0 0 0 0 0 0 0 0 0 0 X X 0 X 0 0 0 0 0 0 0 0 0 0 0 0 X 0 0 0 X 0 0 0 0 0 0 0 0 0 0 0 X 0 0 0 X X 0 X 0 0 0 X 0 0 0 0 0 0 0 0 X 0 0 X 0 0 X 0 X X 0 0 0 0 0 0 0 0 X 0 0 0 X X X 0 0 0 X 0 X X 0 0 0 X 0 0 0 0 X 0 0 0 0 0 X 0 0 0 0 0 0 0 0 0 0 0 0 0 0 0 0 0 0 0 0 0 0 X 0 X 0 0 0 0 0 0 0 0 X 0 0 0 0 0 0 0 0 X X 0 X 0 0 0 0 X 0 0 0 0 X 0 0 0 0 0 0 0 X 0 X 0 X 0 0 0 0 0 0 0 0 0 X 0 0 0 0 0 0 X 0 0 0 0 0 X 0 0 0 0 0 X 0 0 0 0 0 0 X X
X 0 0 X 0 0 0 0 0 0 0 0 X 0 0 0 0 0 0 0 0 0 0 0 0 X 0 0 0 0 0 0 0 0 0 0 0 0 X 0 0 0 0 X 0 0 X 0 0 X 0 0 0 0 X 0 0 0 0 0 0 X 0 0 0 X 0 0 X 0 0 0 0 0 0 X 0 X X X X 0 0 X 0 0 0 0 0 X 0 0 0 0 X X 0 X X X 0 0 0 0 X 0 0 0 0 0 0 0 0 0 X 0 0 0 0 0 0 0 0 0 0 X 0 0 0 0 0 0 0 0 X 0 0 X 0 0 0 0 0 X X 0 0 0 0 0 0 0 0 X 0 X 0 0 0 0 0 X 0 X X 0 0 0 0 0 X 0 0 0 X X X 0 0 0 0 0 0 0 0 X 0 0 0 0 X 0 X X 0 0 X X 0 X 0 0 X 0 0 0 0 X X 0 0 0 X 0 0 0 0 X X 0 0 0 X X 0 0 0 0 X 0 X 0 0 0 0 0 0 0 0 0 X 0 0 0 X 0 0 0 0 0 0 X 0 0 0 0 0 0 0 0 0 0 0 0 0 0 0 0 0 0 0 0 0 0 0 0 X X 0 0 0 0 0 0 0 0 0 0 0 0 X 0 0 X X 0 X 0 0 0 0 0 X 0 0 0 0 0 0 0 0 0 0 0 X 0 0 X X 0 0 0 0 0 0 X 0 0 0 0 0 0 0 0 X 0 0 0 0 0 X X X 0 0 X X 0 0 X X 0 0 X 0 X 0 X 0 0 X X 0 0 0 X X 0 0 0 X 0 0 0 0 0 0 0 0 X 0 X X X 0 0 0 X 0 0 0 0 X X 0 0 0 0 0 X
X 0 0 0 0 0 0 0 X 0 X 0 0 0 0 0 X 0 0 0 0 X 0 X 0 0 0 0 0 0 X 0 0 0 0 X 0 0 0 0 0 0 X 0 0 0 X 0 0 0 X 0 X 0 0 0 0 0 0 X 0 0 0 0 0 0 0 0 0 X X X 0 X 0 0 0 0 0 X 0 0 0 X 0 X X 0 X X 0 0 X 0 0 0 X 0 0 0 0 0 X X X 0 0 0 0 0 0 0 0 0 X 0 0 0 0 0 0 0 X 0 X 0 0 0 0 0 0 0 0 0 X 0 0 0 0 X 0 X 0 X X 0 0 0 0 0 0 0 X X 0 0 0 0 0 0 X 0 0 0 X 0 X 0 0 X 0 0 0 X X 0 0 0 0 0 X 0 X 0 0 X 0 0 0 0 X X 0 0 0 0 0 0 0 0 0 0 0 X 0 0 0 X X X X X 0 0 0 0 X 0 0 X X 0 0 0 0 X 0 X 0 X 0 X 0 0 0 0 0 0 0 0 0 X 0 0 X 0 0 0 0 0 X X 0 X 0 0 0 0 0 0 0 0 0 0 0 0 0 0 0 0 0 0 0 0 0 0 0 0 0 0 0 0 X X 0 0 0 0 0 0 X 0 0 0 0 0 X 0 X 0 X 0 X 0 0 0 0 0 0 0 0 X 0 0 0 0 0 0 X 0 X X 0 0 0 0 0 0 X 0 0 X 0 0 0 0 0 X 0 0 0 0 0 0 0 X 0 0 0 0 0 0 0 0 0 X 0 0 0 0 0 0 0 X 0 0 0 0 X 0 0 0 0 0 0 0 0 X 0 X 0 0 0 0 0 0 0 0 0 0 0 0 0 0 0 0 0 X 0 X
X 0 0 0 0 X 0 0 0 0 0 0 0 0 0 0 0 X 0 0 0 0 0 0 0 0 X 0 0 X 0 0 0 X 0 X 0 X 0 0 0 X 0 0 X X X X 0 0 0 0 0 0 X 0 X 0 0 X X 0 0 0 0 0 0 0 0 0 0 0 0 0 0 0 0 0 0 0 X 0 0 0 0 X 0 0 0 0 X X 0 0 0 X 0 0 0 0 0 X X 0 0 0 0 0 0 0 0 0 X X 0 0 0 X 0 0 X X X 0 0 0 0 X 0 0 0 0 0 X 0 0 0 X 0 X 0 0 0 0 0 X 0 0 0 0 0 0 0 0 0 0 0 0 0 0 0 0 0 X 0 0 X 0 0 0 0 0 0 0 0 0 0 0 0 X 0 0 X X 0 0 0 X 0 0 0 0 X 0 0 X 0 0 0 0 0 0 0 0 0 0 X 0 X 0 0 0 0 0 X 0 0 0 0 0 0 0 0 X 0 X 0 0 0 X 0 0 0 0 0 X 0 0 X 0 0 0 0 0 X 0 0 0 X 0 0 0 0 0 0 0 X 0 0 X 0 0 X 0 0 0 0 0 0 X 0 0 0 0 0 0 X X 0 0 0 0 0 0 0 0 0 X X X 0 0 X 0 0 X 0 0 0 X X 0 0 0 0 0 X 0 X 0 0 X 0 X 0 0 0 0 0 0 0 X 0 0 0 0 0 0 X 0 X 0 0 0 X 0 0 0 0 0 0 0 0 X 0 0 X X 0 0 X 0 X 0 0 0 0 0 0 0 0 0 0 X X 0 0 0 0 0 0 0 X 0 0 X 0 0 0 0 0 0 0 0 0 0 0 X X 0 0 0 0 0 0 0 0 0 X X
X 0 0 0 0 0 0 0 0 0 X 0 0 0 0 0 0 0 0 0 0 0 0 0 0 0 0 0 X 0 0 0 0 0 X 0 0 0 0 0 0 0 0 0 0 0 0 0 X X 0 0 0 0 X 0 X 0 0 0 0 X X 0 0 0 0 0 0 0 0 0 0 0 0 X 0 X 0 X X 0 X 0 0 0 0 0 X 0 0 X X 0 0 0 0 0 0 0 0 0 X X 0 0 0 0 0 0 0 0 0 0 0 0 0 X 0 0 0 X X 0 X 0 0 0 X X 0 0 0 0 0 X X 0 0 0 0 0 0 0 X 0 X X 0 X 0 0 0 0 0 0 0 0 0 0 X 0 0 0 0 0 0 0 0 0 X X X 0 0 0 0 0 0 0 0 0 0 0 0 0 0 0 X 0 X X 0 0 0 X 0 0 0 0 0 0 X 0 0 0 0 X X X 0 0 X X 0 0 0 0 0 X X 0 X 0 0 0 0 0 X X X 0 0 0 0 X 0 0 0 0 0 0 X 0 0 X 0 0 0 0 0 X X 0 X 0 0 X 0 0 0 0 0 0 0 X X X 0 0 X 0 0 0 0 0 0 0 0 0 0 0 0 0 0 0 0 0 0 0 0 0 X 0 0 X X 0 X 0 0 0 0 0 0 0 X 0 X 0 X X 0 0 0 0 0 0 0 0 0 X 0 0 X 0 0 0 0 0 X 0 0 0 0 0 0 0 X X 0 0 0 0 0 X 0 0 0 X X 0 0 0 0 0 X 0 0 0 0 0 X 0 0 0 X 0 X 0 0 X 0 X 0 0 0 0 0 0 0 0 0 0 0 X 0 0 0 0 0 0 0 X 0 0 0 0 X X
X X 0 0 0 0 0 0 0 X X 0 0 X X 0 X 0 0 0 0 0 0 X 0 0 0 0 0 X 0 0 0 0 X 0 0 0 0 0 0 0 0 0 0 0 0 0 0 0 0 0 0 0 0 0 0 0 0 0 0 0 X 0 0 0 X 0 0 0 0 0 0 0 0 0 0 0 X X 0 0 0 0 0 0 0 X 0 0 0 0 0 0 0 0 X 0 X 0 0 0 0 X 0 0 X 0 0 0 0 0 0 0 0 0 0 0 0 0 0 0 0 0 0 0 0 0 0 0 0 0 0 0 X 0 0 X 0 0 0 X 0 0 0 0 X 0 X 0 0 0 0 0 0 0 0 X 0 0 0 0 0 X X 0 0 0 0 0 0 0 X 0 0 0 0 X 0 0 0 0 0 0 0 X 0 0 0 0 0 0 0 0 0 0 0 0 0 X 0 0 0 0 X 0 0 0 0 0 0 0 0 0 0 X X 0 X 0 0 0 X 0 0 0 X 0 X 0 0 0 0 0 X X 0 X 0 X 0 0 0 X X 0 0 0 0 X 0 0 0 X 0 0 0 0 X 0 X 0 0 0 X 0 0 0 X 0 0 X 0 0 0 0 0 0 X X 0 0 X 0 0 0 0 0 0 0 0 0 0 X 0 0 X 0 X 0 0 0 0 0 0 0 0 0 0 0 0 0 0 X 0 0 0 0 0 X X 0 0 X 0 0 X 0 0 0 0 0 0 0 X 0 0 0 0 0 0 0 0 X 0 0 X X 0 0 0 X X X X 0 0 0 0 0 0 0 0 X X 0 0 0 0 X 0 0 0 X X 0 0 0 X X X 0 X 0 0 0 0 0 0 0 0 0 0 0 X 0 X 0 0 X
X 0 0 0 0 0 X 0 X 0 0 0 0 0 0 0 0 X 0 0 0 0 0 0 0 X X 0 0 0 0 0 X 0 0 0 0 0 0 0 0 0 X 0 0 0 0 0 X 0 0 0 0 0 0 0 X 0 0 X 0 0 0 X 0 0 0 0 0 0 X X 0 0 0 0 0 0 0 X 0 0 0 X 0 0 0 X 0 0 X 0 0 0 X 0 0 0 X 0 X 0 0 0 0 0 0 0 0 0 0 X 0 X X 0 0 0 0 0 X X 0 0 0 0 0 0 X 0 0 X 0 0 X X 0 0 0 0 0 0 0 0 0 0 X 0 0 0 0 0 0 0 0 0 X 0 X 0 X 0 0 0 X 0 0 0 0 0 X 0 0 0 0 0 0 0 0 0 0 X 0 0 0 X 0 0 0 X 0 X 0 0 0 0 0 0 0 0 0 0 0 X 0 X 0 0 0 X X 0 0 X 0 0 0 0 X 0 0 0 0 0 0 0 0 0 0 0 0 X 0 X 0 0 0 0 0 X 0 0 0 0 0 X 0 0 0 X 0 0 0 0 0 0 X 0 0 0 0 0 0 X 0 0 X 0 X 0 0 0 0 0 X 0 X 0 X X 0 X 0 X 0 0 0 0 0 X 0 0 0 0 0 0 0 0 0 0 X 0 0 0 0 0 0 0 0 X 0 0 0 0 0 0 X 0 0 0 0 0 0 0 0 0 0 0 X 0 0 0 0 0 0 0 0 0 0 0 0 0 0 0 0 0 X X 0 0 0 0 0 0 0 0 0 0 0 0 X 0 0 0 X X X 0 0 0 X X X 0 X 0 0 0 0 X 0 X 0 0 0 0 X X 0 X 0 0 0 X X X 0 0 0 X
X 0 0 0 X 0 0 X 0 0 X X 0 0 0 0 0 X 0 0 0 0 X X 0 0 X X X 0 X 0 0 X 0 0 0 0 0 X 0 0 0 0 0 0 0 0 0 0 0 0 0 0 0 0 0 X X 0 0 0 0 0 0 0 0 0 0 0 X 0 X 0 0 0 0 X 0 X 0 0 0 0 0 X 0 0 X 0 0 0 X X 0 0 X 0 0 X 0 0 0 X 0 0 0 0 0 0 0 0 X 0 0 0 0 0 0 X 0 X 0 X 0 0 X 0 0 0 X 0 0 0 0 0 0 X X 0 0 0 X X 0 0 0 0 0 0 X 0 0 0 0 0 0 0 0 0 X 0 0 0 0 0 0 X 0 0 X 0 X 0 0 X 0 0 0 0 0 0 0 X 0 0 0 0 X 0 0 0 X 0 0 0 X X 0 X 0 X 0 0 0 0 0 0 0 0 0 X 0 0 0 0 0 0 0 0 0 0 X 0 X 0 0 0 0 0 0 0 0 0 0 0 X X 0 0 0 0 0 0 X X X 0 0 0 X 0 0 X 0 0 0 0 0 0 0 0 0 X 0 0 0 0 0 0 0 0 0 0 0 0 0 0 0 X 0 0 0 0 X 0 X 0 0 X 0 0 X X 0 0 0 0 0 0 X 0 0 0 X X 0 0 0 X 0 0 X 0 X 0 0 X 0 X 0 0 0 0 0 0 X 0 0 0 0 X 0 X 0 0 0 0 X 0 0 0 0 0 0 0 X 0 X X 0 0 0 X 0 0 0 0 0 0 0 0 0 X 0 0 0 0 X X 0 0 0 0 0 0 0 0 0 0 0 0 X 0 X 0 0 0 0 0 X 0 0 0 0 X X 0 0 X
X 0 0 0 0 0 X 0 0 0 0 0 0 0 0 0 0 0 X 0 0 X 0 0 0 0 0 0 0 0 0 0 0 0 0 0 X 0 X X X 0 0 X 0 0 X 0 0 0 X 0 X 0 0 X 0 0 0 0 0 0 0 0 0 0 0 0 0 0 X 0 0 0 0 X X 0 0 0 0 0 0 0 0 X 0 0 0 X X 0 0 0 0 X 0 0 0 0 0 X 0 0 0 0 X 0 X 0 0 0 0 0 0 0 X 0 0 0 X 0 X 0 0 0 0 0 0 0 0 0 0 X 0 0 0 0 0 0 0 X 0 X 0 X 0 0 0 X 0 0 0 0 0 0 0 0 X X X 0 0 0 0 0 0 X 0 0 X 0 0 0 0 0 0 0 0 0 0 0 0 X 0 0 0 0 0 0 0 0 0 0 0 0 X 0 0 0 0 0 0 0 0 0 0 X 0 0 0 0 0 0 0 0 0 X 0 0 0 0 0 0 0 0 0 0 0 0 X 0 0 0 0 0 0 0 0 X 0 0 X 0 0 0 0 0 0 0 0 0 X 0 X 0 X 0 0 X 0 0 0 X 0 0 X 0 0 0 0 0 0 0 0 0 0 X 0 0 0 0 0 0 X X 0 X X 0 X 0 0 0 0 X 0 0 0 X 0 X 0 0 X 0 0 0 0 0 X 0 0 0 0 X 0 0 X 0 0 X 0 0 0 0 0 0 0 0 X 0 0 X X 0 0 0 0 0 0 0 0 X 0 0 0 0 0 0 0 0 X 0 X 0 0 X 0 0 0 0 0 X 0 0 0 0 X 0 0 X 0 0 X 0 0 X 0 0 0 0 0 0 X X 0 0 X 0 X 0 0 0 0 0 0 0 0 X
X X 0 0 0 0 X X 0 X 0 0 0 X 0 0 0 0 0 0 0 0 0 0 0 0 0 0 0 0 0 0 X 0 0 0 0 0 0 0 0 0 0 0 0 0 X 0 X 0 X X 0 0 0 0 0 0 0 0 0 0 0 0 0 0 X 0 X 0 0 0 0 X 0 0 0 X X 0 0 0 0 0 0 0 0 X X X 0 0 0 0 0 0 0 X 0 0 0 X 0 0 0 0 0 0 X X X X 0 0 X 0 0 0 0 0 0 X 0 0 0 0 0 0 0 0 X 0 0 0 X 0 X 0 0 X 0 0 0 0 X 0 0 X 0 0 0 0 0 X 0 X 0 0 0 0 0 0 0 0 0 X 0 0 0 0 0 0 0 0 0 0 0 0 0 0 0 0 0 0 0 0 0 0 0 0 0 0 0 X 0 0 0 0 X X X 0 0 X X X 0 0 0 X 0 X 0 0 0 0 0 0 0 X 0 0 0 0 X X 0 0 0 0 X X X X 0 0 0 X 0 X 0 0 0 X 0 X 0 X 0 X 0 X X X 0 0 0 0 0 0 0 0 X 0 X 0 0 0 X 0 X 0 X 0 0 0 X 0 0 X 0 0 0 0 0 0 X X 0 0 0 0 0 0 0 X 0 0 0 0 0 0 0 0 X 0 0 0 X X 0 0 0 0 0 X 0 0 0 0 0 0 X 0 0 0 0 0 0 0 0 0 0 X X 0 0 0 0 0 0 X 0 0 X 0 0 0 0 0 0 0 X 0 0 0 0 0 0 0 0 0 0 0 0 0 X 0 0 0 X X X 0 0 0 0 0 0 0 0 0 0 0 0 0 0 0 0 0 0 0 X 0 0 0 0 0 0 X
X X 0 0 0 0 0 0 0 0 X 0 X X X 0 0 0 0 0 0 0 0 0 0 0 0 X 0 0 0 0 0 X 0 X X X 0 0 0 0 0 0 0 0 0 0 0 0 0 0 0 0 0 0 0 X 0 0 X 0 0 0 0 X 0 0 0 0 X X 0 X 0 0 0 0 0 0 X 0 0 0 X 0 0 0 0 0 X X 0 0 0 0 0 0 0 0 0 0 0 X X 0 0 0 0 0 0 X 0 0 0 0 0 0 0 X 0 0 0 0 0 0 0 0 0 0 X X 0 0 0 X 0 0 0 0 X X X 0 0 0 0 X 0 X X X 0 0 0 X 0 0 X 0 0 X 0 0 X 0 0 0 0 0 0 0 0 0 X 0 X X 0 X 0 X X 0 0 0 0 0 0 0 X 0 0 0 X 0 0 0 X X 0 X 0 0 X 0 0 0 0 0 0 0 0 0 0 X 0 X 0 X 0 0 X 0 0 0 0 0 0 0 0 0 0 X 0 0 0 0 X 0 0 X 0 X 0 0 0 0 X X 0 0 0 0 0 0 0 0 0 0 0 0 0 0 0 0 0 0 X 0 0 0 X 0 0 X X 0 0 0 0 0 0 X 0 0 0 X 0 0 0 0 X X 0 0 0 X 0 0 0 0 0 0 X 0 0 X X X X 0 X 0 X X 0 0 X 0 0 0 0 X 0 0 0 X 0 X 0 0 0 0 0 0 X 0 0 0 0 0 0 0 0 0 0 0 0 X 0 X 0 0 0 0 0 0 0 0 0 0 0 0 0 0 0 0 0 0 0 0 0 0 0 0 X 0 0 0 0 0 0 X 0 0 0 0 0 0 0 0 0 0 0 0 0 0 X X
X 0 X 0 0 0 0 0 0 0 0 0 0 0 0 0 0 0 0 X 0 0 0 0 X 0 X 0 0 0 0 X 0 0 X 0 0 0 0 0 X 0 0 0 0 0 0 X 0 0 0 0 X 0 0 0 0 X X 0 0 0 0 0 0 0 0 0 X 0 0 0 0 X 0 0 0 0 0 X 0 0 X 0 0 0 X 0 0 0 X X X 0 0 0 0 X X 0 0 0 0 0 0 0 0 0 X 0 0 0 0 0 0 0 0 0 0 0 X 0 0 0 X 0 0 0 0 0 0 0 X 0 0 0 0 0 X X 0 0 X 0 0 0 0 0 0 0 0 X 0 0 0 X 0 0 0 0 0 0 0 0 0 X 0 0 0 0 X 0 X 0 0 0 X X 0 0 0 0 0 0 0 0 0 0 0 0 0 X X 0 0 0 0 0 0 X 0 0 X 0 0 0 X 0 0 0 0 X 0 0 0 0 0 0 0 0 0 X 0 X 0 0 0 0 0 X 0 0 0 X 0 0 0 0 0 0 0 0 0 X X X 0 0 0 0 X X 0 X X 0 X 0 0 X X 0 0 0 0 0 0 X 0 X X 0 0 0 0 0 X X 0 0 0 X 0 0 0 0 0 0 0 X 0 0 X 0 X 0 0 0 0 0 0 0 0 0 X 0 X 0 0 0 0 0 X X X 0 0 0 0 0 0 0 0 0 0 0 0 X X 0 X 0 0 0 X 0 0 0 0 0 0 0 X X X 0 0 X 0 0 0 0 0 0 X 0 0 X X 0 X 0 0 X 0 X 0 0 0 X X X 0 0 0 0 0 0 0 0 X X 0 0 X X X X 0 X X X 0 X X 0 X 0 0 X
X 0 0 0 0 X X 0 0 0 0 0 0 X 0 0 0 X 0 0 X 0 X 0 0 0 0 0 X 0 0 0 0 X 0 0 0 0 0 0 0 0 0 0 0 0 0 0 0 0 0 0 0 0 0 X 0 0 0 0 0 0 X 0 0 0 0 0 0 0 0 0 0 0 X 0 0 0 X 0 0 0 0 0 0 0 0 X 0 0 0 0 0 0 0 0 0 X 0 0 0 0 0 0 0 0 X X 0 0 0 0 0 0 0 X 0 0 X 0 0 0 0 0 0 0 X 0 0 0 0 0 0 0 0 0 X X 0 0 0 0 0 0 0 0 0 0 0 0 0 0 0 0 0 0 0 X X 0 0 X 0 0 0 0 0 0 X 0 0 0 0 0 0 0 0 0 X X 0 0 0 0 0 0 0 0 0 0 0 0 0 0 0 0 X 0 0 0 0 X X X 0 0 0 0 0 0 0 0 0 0 0 X 0 0 X X X X 0 0 0 0 X 0 X X 0 0 0 0 0 0 0 0 0 0 0 0 0 X 0 0 0 0 0 0 X 0 X 0 0 0 0 0 X 0 0 0 0 0 0 0 0 0 0 X 0 X 0 0 0 0 0 X 0 0 0 0 0 0 0 0 0 0 0 0 0 X 0 X 0 0 X 0 0 0 0 0 0 0 0 0 0 X 0 0 0 X 0 0 X X 0 X 0 0 0 0 0 0 X 0 X 0 0 0 0 0 X 0 0 0 0 0 0 0 X 0 0 0 X X 0 0 0 0 0 0 X 0 0 0 0 0 0 0 X 0 X 0 0 0 0 0 X 0 X 0 X 0 0 0 X 0 0 0 0 0 0 0 0 X 0 0 0 0 0 0 0 0 X 0 0 0 X X
X 0 X X X X X X 0 0 X 0 X 0 0 0 0 0 X 0 X 0 0 0 X 0 0 0 X 0 0 0 0 0 0 X X 0 0 0 X X 0 0 0 X X 0 0 X X X 0 X 0 0 X 0 0 0 0 0 0 X 0 0 0 0 0 0 0 0 0 0 0 0 0 0 0 0 0 0 0 0 0 0 X X 0 X 0 X X 0 0 0 0 0 0 0 0 0 0 0 0 0 0 X X 0 0 0 0 0 0 0 0 0 X X 0 0 0 0 0 0 0 0 0 0 X 0 0 X 0 0 0 X 0 0 X 0 X 0 0 0 0 0 0 0 X 0 0 0 0 0 0 0 0 X X 0 X 0 0 0 0 0 0 0 0 0 0 0 0 0 X 0 0 X 0 X X 0 0 0 0 0 0 0 0 0 X 0 0 0 0 0 0 0 X X 0 0 0 X 0 0 0 0 0 0 0 0 0 0 0 0 0 X 0 X 0 0 0 0 0 0 X 0 0 X 0 0 X 0 0 0 0 0 0 X 0 0 X X 0 0 0 0 0 0 0 0 0 0 X X 0 0 0 0 0 0 0 0 0 0 X X 0 0 0 0 0 X 0 0 0 0 0 0 0 0 0 0 0 0 X 0 0 0 0 0 X 0 0 X 0 0 0 0 0 0 0 0 0 0 X 0 0 X 0 0 0 0 0 0 0 0 0 0 0 0 0 0 0 0 0 0 0 X 0 X X 0 0 0 0 0 0 0 X X 0 X 0 0 0 0 0 0 0 0 0 0 0 X X 0 0 0 0 0 0 0 0 0 0 0 0 0 0 0 0 0 0 0 X 0 0 0 0 0 0 0 0 X X 0 0 X 0 0 X 0 X 0 X X
X 0 0 X 0 0 0 0 0 0 X 0 0 0 0 0 0 X 0 0 0 0 X 0 0 0 X X 0 0 0 0 0 0 X 0 0 0 0 0 0 0 X 0 0 0 0 0 0 0 0 X 0 X 0 0 0 X X 0 0 0 X 0 0 0 0 0 X X 0 X 0 0 0 0 0 0 X 0 X X 0 X 0 0 X 0 0 X 0 0 0 0 0 0 X 0 0 0 X 0 0 0 0 X X 0 0 0 X 0 0 X X 0 0 0 X 0 0 0 0 0 0 0 0 0 0 0 0 X 0 0 0 0 0 0 X 0 0 0 0 0 0 X X 0 0 0 X 0 0 0 0 0 0 X X X X 0 0 0 0 0 X 0 0 0 0 0 0 0 0 0 0 X X 0 0 0 0 0 0 0 0 0 X 0 0 0 0 0 0 0 0 0 0 X 0 0 X X X 0 X X 0 0 0 0 0 0 0 0 0 0 X 0 0 0 0 0 0 0 X X 0 X X 0 0 0 0 0 X X 0 0 0 0 0 X 0 X 0 0 0 0 0 0 0 0 X 0 0 X 0 0 0 0 X 0 X 0 X 0 0 X 0 X 0 0 0 0 0 0 X X 0 0 0 0 0 0 0 0 0 X 0 X 0 0 X 0 0 X 0 X 0 X 0 0 0 0 0 0 0 0 0 0 0 0 0 0 0 0 0 0 0 0 X 0 0 0 0 0 0 0 0 0 0 0 0 X 0 0 0 X X X 0 0 X X 0 0 0 0 X 0 0 0 0 0 0 0 0 0 0 0 0 0 0 0 0 0 0 X 0 0 0 0 X 0 X 0 0 0 0 0 0 X 0 0 0 0 0 0 0 0 0 0 0 0 0 0 X X
X X X 0 X 0 0 0 0 X 0 0 0 0 0 0 0 0 X 0 0 0 0 0 X 0 0 0 0 0 0 0 0 0 0 0 0 0 0 0 0 0 0 0 0 0 0 0 0 0 0 0 0 X 0 0 0 0 0 0 0 0 0 0 0 X X 0 0 0 0 0 0 X X X 0 0 0 0 0 0 0 0 0 0 0 0 0 X 0 0 0 X 0 0 0 0 0 0 X 0 0 0 X 0 0 X X 0 X 0 X X 0 0 0 0 0 0 0 0 0 0 X X 0 X 0 0 X 0 X 0 0 0 0 X 0 0 0 0 X 0 0 0 0 0 0 0 0 0 X X X X 0 0 0 0 0 0 X 0 0 0 0 0 0 0 0 0 0 0 0 0 X 0 0 X 0 0 0 0 0 0 0 0 X 0 0 0 0 0 0 X 0 0 0 0 0 0 0 0 0 0 0 0 0 X 0 X 0 X 0 0 0 0 0 0 0 X 0 0 0 X X 0 0 0 0 X X 0 0 0 0 0 0 0 X 0 0 0 0 X 0 X 0 0 0 0 0 0 0 0 0 0 0 X 0 0 X 0 0 0 0 0 0 0 0 0 0 0 0 0 0 0 0 X 0 0 0 0 0 0 X 0 0 0 0 X 0 0 0 0 X 0 0 0 0 0 X X 0 0 0 0 0 0 0 0 X 0 X 0 0 X 0 0 0 0 X 0 0 0 X 0 0 0 X 0 0 X 0 0 0 X 0 0 X 0 X 0 0 0 X 0 0 0 0 X 0 0 0 X 0 0 0 0 0 X 0 0 0 X 0 0 0 0 0 X 0 0 0 0 0 0 0 0 0 X 0 0 X 0 0 0 X 0 0 0 0 0 0 0 0 0 X X
X 0 0 0 0 0 0 X 0 X 0 0 0 0 X 0 X 0 0 0 X 0 0 0 0 0 0 0 0 X 0 0 0 0 0 0 0 0 X 0 0 0 0 X 0 0 0 0 X 0 0 X 0 0 0 0 0 0 0 X X 0 0 X 0 0 0 0 0 0 0 0 0 X X 0 X 0 0 0 X 0 0 0 0 0 X 0 0 X X 0 0 X X 0 0 0 0 0 0 0 X X 0 0 0 X 0 X 0 0 X 0 0 0 0 0 0 0 0 0 0 0 X 0 0 X 0 0 0 0 0 0 0 0 X 0 0 0 X X 0 X 0 0 0 0 0 X 0 0 0 0 0 0 0 0 0 0 0 0 X 0 0 0 X X 0 0 X 0 0 0 0 0 0 0 0 0 0 X 0 0 0 0 X 0 0 0 0 0 0 0 X X X 0 X 0 X X 0 0 0 X 0 0 0 0 0 0 0 0 0 X 0 0 0 0 0 X X 0 0 0 0 0 0 0 0 X 0 0 X X 0 0 0 0 0 X 0 0 0 0 0 0 0 0 0 0 0 0 0 0 0 0 0 0 0 0 0 0 0 X 0 0 X 0 0 X 0 0 0 0 0 X X X X 0 0 0 0 0 0 X 0 0 X X 0 0 0 0 0 0 0 0 0 0 0 0 0 X X 0 0 0 0 0 0 X X 0 0 0 0 0 0 0 0 0 0 0 0 X X X X 0 0 0 X 0 X 0 0 X 0 X 0 0 0 X 0 0 0 X 0 X 0 0 0 0 0 0 0 0 0 0 0 0 0 X 0 0 0 0 0 0 X 0 0 0 0 0 0 0 0 X X 0 X X X 0 X 0 X 0 0 0 0 X X 0 0 X
X 0 0 0 0 X 0 0 X 0 0 X 0 0 0 0 0 0 X 0 0 X 0 0 0 X 0 0 0 0 0 X 0 X 0 0 0 0 X 0 0 0 0 X 0 0 X 0 0 0 0 0 0 0 0 0 X 0 0 X 0 0 0 0 0 0 X 0 0 0 0 X X 0 0 0 0 0 0 0 X X X 0 0 0 0 X 0 0 0 0 0 0 X 0 0 0 X 0 0 0 0 0 0 X 0 0 0 X 0 0 0 0 0 0 0 X 0 0 0 0 0 0 0 X 0 0 X X 0 0 0 0 0 0 X 0 X 0 0 0 X 0 0 0 X 0 X 0 0 X 0 0 0 0 0 0 0 0 X 0 0 0 0 X 0 0 0 0 0 0 X X 0 0 0 0 X 0 0 0 0 0 X X X 0 0 0 0 0 0 0 0 0 0 0 0 0 0 0 0 X X X 0 X 0 0 0 0 0 0 X 0 0 0 X X 0 0 0 0 0 0 0 X 0 0 0 0 0 0 0 0 0 0 0 0 0 0 0 0 0 0 0 0 0 0 0 0 0 0 0 0 0 0 0 0 X 0 0 0 X 0 0 0 0 0 0 0 0 0 0 0 0 X 0 0 0 X 0 0 X 0 0 X 0 0 0 0 X 0 0 0 X 0 X 0 X 0 X 0 X 0 X 0 0 0 0 0 0 0 0 0 0 0 0 0 0 0 0 0 0 0 0 0 0 0 0 0 0 0 0 X 0 0 0 0 X 0 X 0 0 0 0 0 X 0 X 0 0 0 X 0 X 0 X 0 X X 0 0 X 0 0 0 X 0 0 0 X 0 0 0 0 0 X X X 0 0 0 0 0 0 0 0 0 X 0 X X 0 0 0 X 0 X
X 0 X 0 0 0 0 0 0 0 0 0 X 0 0 0 0 0 X 0 X 0 0 0 0 X 0 0 0 0 0 0 0 0 0 0 0 X 0 0 0 0 0 0 0 0 0 0 X 0 0 X 0 0 X 0 X 0 0 0 0 X 0 0 0 0 0 0 0 X 0 0 0 0 0 0 0 X 0 0 X X X 0 X 0 0 0 0 X 0 0 0 0 0 0 0 0 0 0 0 0 0 0 X 0 0 0 0 0 0 0 0 0 X 0 0 0 X 0 0 X 0 0 0 0 0 0 0 X 0 X 0 0 0 0 0 0 0 X 0 0 0 0 0 X 0 0 0 0 0 0 0 0 0 0 0 0 X 0 0 0 0 X 0 X 0 0 0 0 0 0 0 0 X 0 0 0 0 0 0 X 0 X 0 X 0 X 0 0 0 0 0 X 0 X 0 0 0 0 0 0 0 0 X 0 0 0 X 0 0 X 0 0 X 0 0 0 0 X 0 0 0 0 0 0 0 X 0 0 0 0 0 0 0 X 0 0 X 0 0 0 0 0 0 0 0 0 X 0 0 X 0 X X 0 X 0 0 0 0 0 0 0 0 0 0 0 0 0 0 X X 0 0 0 0 X 0 0 0 0 0 0 X 0 X 0 0 X 0 X 0 0 0 X 0 0 0 0 X 0 0 0 X 0 0 0 0 0 0 0 X 0 X X 0 0 0 0 0 0 X X 0 0 0 0 X X 0 0 0 0 X 0 X 0 0 X 0 0 0 0 0 0 0 0 0 0 0 0 0 X 0 0 0 0 0 0 0 0 0 X X X 0 X 0 0 0 0 X 0 0 0 0 0 0 0 0 0 0 0 0 0 X 0 0 X 0 0 0 X X 0 0 0 X X
X 0 0 0 X 0 0 X 0 0 0 0 0 0 0 0 0 0 0 0 0 X 0 0 0 0 0 0 X 0 0 0 X 0 0 0 0 0 X 0 0 0 0 0 0 0 X 0 0 0 0 0 0 0 X X 0 0 0 0 0 0 X 0 0 X 0 X 0 X 0 0 0 0 X 0 0 0 0 0 0 X 0 X 0 0 0 X 0 0 0 X 0 0 X 0 0 0 0 0 0 0 0 0 X X 0 X 0 0 0 0 X X 0 X 0 0 0 0 0 0 0 0 0 X 0 0 0 0 0 0 0 0 0 0 0 0 0 0 X 0 0 0 0 0 X 0 0 0 0 0 0 0 0 0 0 0 0 0 0 0 0 0 0 0 0 0 0 0 X 0 0 0 0 0 0 0 0 0 0 0 X X 0 0 X 0 0 0 0 0 0 X 0 0 X X 0 0 X 0 0 0 0 0 0 X 0 0 0 0 0 0 0 0 0 X 0 0 0 0 0 X 0 0 0 X 0 X X 0 0 0 0 X 0 0 0 X 0 0 0 X 0 0 0 0 0 X 0 X 0 0 X 0 0 0 0 0 0 0 0 0 0 0 0 0 0 0 0 0 0 0 0 0 0 X 0 0 0 0 0 0 0 0 0 0 0 0 0 0 X 0 0 X 0 X 0 0 0 0 0 0 0 0 0 0 0 X X 0 0 0 X 0 0 0 0 0 0 0 0 0 X 0 0 X 0 0 0 0 0 0 0 0 0 0 0 0 0 0 0 0 0 0 0 0 X 0 0 X 0 0 0 0 0 0 0 0 X 0 0 X 0 X 0 X X 0 0 0 0 0 X 0 0 0 0 0 0 0 0 0 X 0 X 0 0 X 0 0 0 0 0 X 0 X X X
X 0 0 X X 0 0 0 0 0 0 X 0 0 0 0 X 0 0 0 0 0 0 0 X 0 0 X 0 X 0 0 0 0 0 X X 0 0 0 0 0 0 0 0 0 0 X 0 0 0 0 X 0 0 0 0 0 0 0 X 0 0 0 0 0 X 0 0 0 0 0 0 0 0 0 0 0 0 X 0 0 0 0 0 0 X 0 0 0 X 0 0 0 0 0 0 0 0 0 0 0 0 0 X 0 0 0 0 0 0 X 0 0 0 0 0 0 0 0 0 0 0 0 0 0 X 0 0 0 X 0 0 0 0 0 0 0 X 0 0 0 0 0 0 0 0 0 0 0 0 0 0 X 0 0 0 0 0 0 0 0 0 0 0 0 0 0 0 0 0 0 0 0 X 0 0 0 0 0 0 0 X 0 0 X 0 0 0 0 0 0 0 0 0 X 0 0 0 0 0 0 0 0 0 0 0 0 0 0 X X 0 0 0 X 0 0 X 0 X X 0 0 0 0 0 0 0 0 0 0 X 0 0 X 0 X 0 0 0 0 0 0 0 X 0 X 0 X X 0 0 0 0 0 0 0 0 0 0 0 0 X 0 0 0 0 0 0 X 0 0 0 X 0 0 0 0 0 0 X 0 0 X X 0 0 X 0 0 0 0 0 0 X 0 X 0 0 0 0 0 0 X X 0 X X X X X 0 0 X 0 0 0 0 0 0 0 0 0 0 X 0 0 0 0 0 0 0 0 0 0 X 0 0 0 X 0 X 0 0 0 X 0 0 X 0 0 0 0 0 X 0 0 0 0 0 X 0 0 0 0 0 X 0 0 0 0 0 0 0 0 0 0 0 0 0 X 0 0 X 0 0 0 0 0 0 0 0 0 0 0 0 X 0 X
X 0 0 X 0 0 0 0 0 0 0 0 X 0 X 0 X 0 0 0 0 0 0 0 0 0 0 0 X 0 X 0 X X 0 X 0 0 0 0 0 0 X 0 0 0 0 0 0 0 X 0 X X 0 0 0 0 0 0 0 0 0 0 0 X 0 0 X 0 0 0 0 0 0 X X 0 0 0 0 0 0 0 0 0 X 0 0 0 X 0 0 0 0 X 0 0 0 X 0 0 X X 0 0 0 0 0 0 X 0 X 0 0 0 0 0 0 0 0 X X X 0 X 0 0 0 0 0 0 0 0 0 X 0 0 0 0 X X X 0 0 0 0 0 0 0 0 X X 0 0 0 0 X 0 X 0 0 0 0 0 0 0 0 0 0 X 0 X 0 0 0 0 0 X X X 0 X 0 0 0 X 0 X 0 X 0 0 0 0 0 0 0 X 0 0 0 0 0 0 0 0 0 X 0 0 X 0 0 0 0 0 0 0 X 0 0 0 0 0 0 0 0 0 0 0 0 X 0 X X 0 0 0 0 0 0 0 X 0 0 0 0 0 0 0 0 X 0 X 0 0 0 0 0 0 0 0 0 X 0 0 0 0 0 0 X 0 X 0 0 0 0 0 0 X 0 0 X 0 0 0 0 0 X X X 0 0 X 0 0 0 0 0 0 0 0 0 X 0 0 0 0 0 0 0 0 0 X 0 0 0 0 0 0 X 0 0 0 0 0 0 0 0 0 0 0 0 0 0 0 0 0 0 X 0 0 0 X 0 0 0 0 X 0 0 0 X 0 0 0 X 0 0 0 0 0 X X X 0 0 0 0 0 0 0 0 0 X 0 0 X 0 0 0 0 X 0 X 0 0 X 0 0 0 0 0 0 0 0 X X X
X X 0 0 0 0 0 0 0 0 0 0 0 0 X 0 0 0 0 X 0 0 0 0 0 X 0 0 X 0 0 X 0 0 0 0 0 0 0 0 0 0 0 X X 0 X X 0 0 0 0 0 0 0 X 0 0 0 X 0 0 0 0 X 0 0 X 0 0 0 0 0 X 0 0 0 X 0 0 0 0 0 0 0 0 0 X 0 0 0 0 0 0 0 X 0 X X 0 0 0 0 X X 0 0 X 0 0 0 0 0 0 0 0 0 0 0 0 0 0 0 0 0 0 0 0 0 0 0 0 0 0 0 0 0 0 0 0 0 X X 0 0 0 0 X 0 X 0 0 0 0 X 0 0 0 0 0 0 0 0 X 0 0 0 0 0 0 0 0 0 0 0 0 0 0 0 X 0 X X 0 0 0 0 0 0 0 0 0 0 0 0 0 0 0 X 0 X 0 0 0 0 0 0 0 0 0 0 0 0 X 0 X 0 X 0 X 0 0 0 0 0 0 0 0 0 0 0 0 0 0 0 0 0 0 0 0 0 0 X 0 X 0 0 0 0 0 0 0 0 0 0 0 0 X X 0 X 0 X 0 0 0 0 0 0 0 0 0 X X 0 0 X X 0 X 0 X X X X 0 0 0 0 0 0 0 X X 0 0 0 X 0 0 0 X X 0 0 0 X 0 0 0 0 X X 0 0 X 0 0 0 0 X X 0 0 0 X X 0 0 0 X 0 0 0 0 0 0 0 0 X 0 0 0 0 X X 0 0 X 0 X 0 X 0 0 0 0 0 0 X 0 0 0 0 X 0 0 0 0 0 0 0 0 X 0 0 X 0 0 0 0 0 0 0 X X 0 X 0 0 0 0 0 X 0 0 0 0 0 X
X 0 X X 0 0 0 X 0 0 0 X X 0 0 0 X 0 0 0 0 0 0 0 0 0 0 0 0 0 0 0 0 0 0 0 0 0 0 0 0 0 0 0 0 0 0 0 X 0 X X 0 X 0 0 0 X 0 0 0 0 0 X 0 0 0 0 X 0 0 0 X 0 0 0 0 X 0 0 0 0 0 X 0 0 X 0 X 0 0 X 0 0 0 0 0 0 0 0 X 0 X X 0 0 0 0 0 0 0 0 0 0 0 0 0 X 0 X 0 X 0 X 0 0 0 X 0 0 0 0 0 0 X 0 0 0 0 0 0 0 0 X 0 0 X 0 0 0 0 0 0 0 0 0 0 0 0 0 X 0 0 0 0 0 0 X 0 X 0 0 X 0 0 0 0 X 0 0 0 X 0 0 0 0 0 0 0 0 0 0 0 0 0 X 0 0 0 0 X 0 X X 0 0 0 X 0 0 0 X 0 0 0 0 X 0 0 X 0 X 0 0 0 0 0 X 0 0 0 0 0 X 0 0 0 0 0 0 0 0 0 0 0 0 0 0 0 X 0 X 0 0 0 0 0 0 X 0 0 0 0 X X 0 0 X 0 0 0 0 0 0 0 0 X 0 0 0 0 X 0 0 X 0 0 0 0 0 X X 0 0 0 0 0 X X X 0 0 0 0 0 X 0 0 0 0 0 0 0 0 0 0 0 0 0 0 0 0 0 0 0 X 0 X 0 X 0 0 0 0 0 0 0 0 0 0 0 X X 0 0 0 0 X 0 0 0 0 0 0 0 X 0 X 0 0 0 X 0 0 0 0 0 0 0 0 0 0 X 0 0 0 0 0 0 0 0 0 0 0 0 0 0 0 0 0 0 X 0 0 0 0 0 0 X X
X 0 0 0 0 0 0 0 0 0 0 0 X 0 0 0 X 0 X 0 0 0 X 0 0 X X 0 0 0 0 X 0 0 X 0 0 0 X 0 0 X 0 0 0 0 0 0 X 0 0 0 X X 0 0 0 0 0 X 0 0 X 0 0 0 0 0 0 0 0 0 0 0 0 0 0 0 0 0 X 0 0 0 0 X 0 0 X X 0 0 0 0 0 0 0 0 0 0 X 0 0 0 0 0 0 0 0 0 0 X 0 0 0 X 0 0 0 X 0 0 0 X 0 X 0 0 0 0 0 0 X X 0 0 0 X 0 0 0 0 0 0 0 0 0 0 0 0 0 0 X 0 0 0 0 0 X 0 0 0 0 0 0 X 0 0 0 0 X X 0 0 0 0 0 0 X 0 X 0 0 0 X 0 0 0 0 0 0 0 X X 0 0 0 X 0 X 0 0 0 0 0 0 0 X 0 X 0 0 0 0 0 0 0 0 0 X 0 0 0 0 0 0 X 0 0 0 0 0 0 0 0 0 0 0 0 X 0 0 X 0 X 0 0 X 0 0 0 0 0 0 0 0 0 X 0 0 0 0 0 0 0 0 0 0 X 0 0 X 0 0 0 0 X 0 0 0 0 0 0 0 0 X 0 X 0 0 0 0 0 0 0 0 0 0 0 0 0 0 0 X 0 0 0 X 0 0 0 X 0 0 X 0 0 0 0 0 0 0 0 0 0 0 0 0 0 X 0 0 0 0 0 0 X 0 0 0 0 0 0 0 0 0 0 0 0 0 0 0 0 0 X 0 0 0 0 0 0 0 X 0 0 0 0 0 0 0 0 0 0 X 0 0 0 0 X 0 0 0 0 0 X X 0 X 0 0 0 X X 0 0 0 0 0 0 X
X 0 X 0 0 0 0 0 0 0 0 0 0 0 X 0 0 X X 0 0 0 0 0 0 0 0 X 0 0 0 X 0 0 0 0 0 X X X X 0 0 0 0 0 0 0 X 0 0 0 0 0 X 0 0 0 0 0 0 0 0 0 0 0 0 0 0 0 X 0 0 0 0 0 0 0 0 X 0 0 0 0 0 0 X 0 0 0 0 X X 0 X 0 0 0 X 0 0 0 0 X 0 0 0 0 X 0 X 0 0 0 X 0 0 0 0 X 0 0 0 0 0 0 X 0 X 0 0 X 0 0 0 X 0 0 0 0 0 0 0 0 0 0 0 0 0 0 0 0 0 0 0 0 0 X 0 X 0 0 0 0 0 X 0 X X 0 0 0 0 0 0 0 0 0 0 0 0 0 0 0 0 0 0 X 0 X X X 0 X 0 0 0 X 0 0 0 X X 0 0 0 0 0 0 0 X 0 0 X 0 0 0 0 X 0 X 0 0 0 0 0 0 0 X 0 0 0 0 0 X 0 0 0 0 0 0 0 0 0 0 0 0 0 X X X 0 0 0 0 0 X 0 0 X 0 X 0 0 0 0 0 0 0 X 0 0 0 0 0 X X 0 0 0 0 0 0 0 X X 0 0 0 0 X 0 0 X 0 0 0 0 0 0 X X 0 X 0 0 X 0 0 0 0 X X 0 0 0 X X 0 0 0 0 0 X 0 0 0 0 0 0 X 0 0 0 0 X 0 0 0 0 0 0 0 0 0 0 0 0 0 0 X 0 X 0 0 0 0 0 0 0 0 0 0 0 X 0 0 0 0 0 0 0 0 0 0 0 0 0 0 0 0 X 0 0 0 X X 0 0 X 0 X 0 0 0 0 0 0 0 X
X 0 X X X X 0 0 0 0 0 0 X 0 0 0 0 0 X X X 0 0 0 0 0 0 X 0 0 X X 0 X 0 0 0 0 0 0 0 0 0 X 0 0 0 0 0 X 0 0 0 0 0 0 0 X 0 0 0 0 0 0 X X 0 X 0 0 X X 0 0 0 X 0 X 0 X 0 0 0 X 0 0 X 0 0 X 0 0 0 0 0 0 0 0 0 0 0 0 0 X 0 X 0 0 X 0 0 0 0 0 X 0 0 X 0 0 X X X 0 0 X 0 0 0 0 X 0 0 0 X 0 0 0 0 X X 0 0 0 0 0 0 0 0 X 0 X X 0 0 0 0 0 0 0 X 0 0 0 0 0 0 0 0 0 0 0 X 0 0 0 0 0 0 0 X 0 0 0 0 0 X X 0 0 0 X 0 0 X 0 0 0 X 0 X 0 0 0 0 0 0 X 0 X 0 0 X 0 0 0 0 0 0 0 0 X 0 0 0 0 0 0 0 0 0 0 X 0 X 0 0 0 0 0 0 0 X 0 0 0 0 X 0 X 0 0 0 0 X 0 0 0 0 0 0 0 0 0 X 0 0 0 0 X X 0 0 0 0 X 0 0 0 0 0 0 0 X 0 0 0 0 0 0 0 X 0 X 0 0 X 0 0 0 X 0 0 X 0 0 X 0 0 0 0 0 0 0 X X X 0 0 0 0 0 X 0 X X 0 0 0 0 X X X 0 0 0 X 0 0 0 0 0 X 0 0 0 0 X X X 0 0 0 0 0 0 X 0 0 0 0 X 0 0 0 X 0 X 0 X X 0 0 0 0 0 X 0 0 0 0 0 0 0 0 0 0 0 0 0 0 0 0 0 X X 0 0 0 X
X 0 0 0 0 0 0 0 0 X X 0 0 X 0 0 0 0 0 0 0 0 0 0 0 0 X 0 0 0 0 0 0 X 0 0 X X 0 0 0 0 0 X 0 X 0 X 0 0 0 0 0 0 0 0 0 0 X 0 X 0 0 X 0 X 0 X X X 0 0 0 X 0 0 X 0 0 0 0 0 X 0 X 0 0 0 0 0 X 0 0 0 0 0 0 0 0 X 0 0 0 0 0 0 0 0 0 0 0 0 0 0 0 X 0 0 0 0 X 0 0 0 0 0 0 X 0 X 0 X 0 X 0 0 X X 0 0 0 X 0 0 X 0 0 0 0 0 X 0 0 0 X 0 0 0 0 0 0 0 0 0 0 0 0 0 0 0 0 X X 0 0 0 0 0 0 0 0 0 0 0 0 0 0 0 0 0 0 X 0 0 0 0 0 X 0 0 0 0 0 0 0 X 0 0 X 0 0 0 0 0 0 X 0 X X X X X 0 X 0 X X 0 0 0 0 0 0 0 0 0 0 0 0 0 0 X 0 0 0 0 0 0 0 0 0 0 0 0 0 0 X 0 0 0 0 0 0 0 0 0 0 X 0 0 0 0 0 0 0 0 X 0 X 0 0 0 0 X X 0 0 0 0 0 0 0 0 0 0 0 X 0 0 X 0 0 X 0 0 0 0 0 X X X 0 0 0 0 0 0 0 0 0 0 X 0 0 0 0 0 X 0 0 0 0 0 0 0 0 0 0 0 0 0 0 0 0 0 0 0 0 0 0 0 0 0 0 0 X 0 0 0 0 0 0 0 0 0 0 0 0 X 0 0 0 0 0 X X X 0 0 0 0 0 0 0 0 0 X 0 0 0 0 X 0 0 0 0 X 0 0 X
X 0 0 0 0 0 0 0 0 0 0 0 0 0 0 0 0 0 0 0 0 X 0 0 0 0 X 0 0 0 0 0 0 X 0 0 0 0 X X X 0 0 0 0 0 0 0 0 0 X 0 0 0 0 0 0 0 0 X 0 0 X 0 X 0 0 0 0 0 X 0 0 0 0 0 X 0 0 0 0 X X 0 0 0 0 0 X 0 0 0 X 0 X 0 X 0 X 0 0 X 0 0 X 0 X 0 X 0 0 0 X 0 X 0 X 0 X X 0 0 0 0 X 0 X 0 0 0 0 0 0 0 0 X X 0 0 X 0 0 0 0 X X 0 0 0 0 0 0 X 0 X X 0 0 0 0 0 0 0 0 X 0 0 X 0 0 0 0 X 0 0 0 0 X 0 X 0 0 0 X X 0 X 0 X 0 0 0 0 X 0 0 0 0 0 0 X 0 0 0 X 0 0 0 0 0 0 X 0 0 0 0 0 0 0 X 0 0 0 0 0 0 0 0 0 0 0 X 0 0 X 0 0 0 0 X 0 0 0 0 0 X 0 0 X 0 0 0 X 0 0 X 0 0 X 0 0 X 0 X 0 X 0 0 0 0 0 X 0 0 0 0 0 X X 0 0 0 0 0 0 0 X X 0 0 0 0 0 0 0 0 0 0 0 0 0 0 0 X X 0 0 X 0 0 0 X 0 0 0 0 0 0 0 0 0 X 0 0 0 X 0 0 0 X 0 0 0 X 0 0 0 0 0 0 0 0 X 0 0 0 0 X 0 0 0 0 0 X 0 0 X 0 0 X X 0 X X 0 0 0 0 0 0 0 0 X X 0 0 X X X 0 0 0 0 X 0 0 0 0 0 X X 0 0 0 0 0 0 X 0 X
X X 0 0 X 0 0 0 0 X X 0 0 X X 0 X 0 0 0 0 0 0 0 0 0 0 0 0 0 0 0 X 0 0 0 0 0 0 0 X 0 0 0 0 0 X 0 0 X 0 0 0 X X 0 0 0 0 0 0 0 0 0 0 0 0 0 0 0 0 X 0 0 0 0 0 0 X X 0 X 0 0 0 0 0 0 0 X 0 0 0 X X 0 0 0 0 0 0 X 0 X 0 0 0 X 0 0 0 0 0 0 0 0 0 0 0 X 0 0 0 0 0 0 X 0 0 0 0 X 0 0 X 0 0 0 0 0 0 0 0 X 0 0 0 0 0 0 0 X X X 0 0 0 0 0 0 0 0 X 0 0 0 0 0 0 0 0 X 0 0 0 0 0 0 0 0 0 0 0 0 0 X 0 0 0 0 0 0 0 0 0 0 0 0 0 0 0 0 0 0 0 X 0 0 0 0 0 0 0 0 0 0 0 X X 0 X 0 0 0 0 0 X 0 0 0 0 0 0 0 X 0 0 0 X 0 0 0 0 0 0 X 0 0 0 0 X X 0 0 0 X 0 0 0 0 0 0 0 X X 0 0 0 0 0 X 0 0 0 0 0 0 0 0 X 0 0 0 0 0 X 0 0 0 0 0 X 0 0 0 0 0 0 0 0 0 X 0 0 0 0 0 0 0 X 0 0 0 0 X X 0 0 0 0 0 X 0 0 X 0 0 0 0 X 0 X X 0 0 0 0 X 0 X 0 X 0 0 X 0 0 0 0 0 0 0 0 0 X 0 0 X 0 X 0 0 0 X 0 0 0 0 0 0 0 0 0 0 0 0 0 X 0 X 0 X 0 X 0 X 0 0 0 0 0 X 0 X 0 X 0 X 0 X
X 0 0 0 X 0 0 0 0 0 0 0 X 0 X 0 0 0 0 0 0 0 X 0 0 X 0 0 0 0 0 X X 0 0 0 0 0 0 0 0 0 0 X 0 X 0 X 0 0 0 X X 0 0 0 0 0 0 0 0 0 0 X 0 0 X X 0 X 0 0 0 0 0 0 0 0 X 0 0 0 0 0 X 0 X 0 0 0 0 0 0 0 0 X 0 0 0 X 0 0 0 0 X 0 X 0 0 0 0 X 0 0 0 0 0 X 0 0 0 X X 0 0 0 0 0 0 0 0 0 0 0 0 0 0 0 0 0 0 0 0 0 0 0 0 X 0 X 0 0 0 0 0 X X X X 0 0 X X 0 0 0 X X 0 0 0 0 0 0 X 0 0 0 X X 0 0 0 0 0 X 0 0 X 0 0 0 0 0 0 0 0 0 0 X 0 X 0 0 0 0 0 0 0 0 0 0 X 0 0 0 0 0 0 0 0 0 0 0 X 0 0 0 0 0 0 X 0 0 0 X 0 0 0 0 0 0 0 0 0 0 0 0 0 X 0 0 0 0 0 0 X 0 X 0 X 0 0 0 0 0 X 0 0 X 0 0 0 0 0 0 0 0 0 X 0 0 0 0 X 0 0 X X 0 0 X 0 0 0 0 0 X 0 0 0 0 0 0 0 X 0 0 0 0 0 X 0 0 0 0 0 0 0 0 X X 0 0 X X 0 X 0 0 0 0 0 0 X 0 0 X 0 X 0 0 0 0 0 X 0 0 0 0 X 0 0 0 X 0 0 X X X X X 0 0 0 0 X 0 X 0 0 0 0 0 X X 0 0 0 X 0 0 0 0 0 0 0 X X 0 X 0 0 0 0 0 0 0 0 X
X 0 0 0 0 0 0 X 0 0 0 0 0 0 0 X 0 0 0 X 0 X X 0 0 0 0 0 0 0 X 0 0 0 0 0 0 X 0 0 X X 0 0 X 0 0 X 0 0 0 0 0 X 0 0 0 0 0 0 X X 0 0 X X 0 0 0 0 0 0 0 X 0 0 X 0 0 X X 0 0 0 0 0 0 0 0 0 0 0 0 0 0 0 0 X 0 0 X 0 0 0 X 0 0 0 0 0 0 0 0 0 X X 0 0 0 X 0 0 0 0 X X X 0 0 0 X 0 0 X 0 X 0 X 0 0 0 0 0 X 0 0 0 0 X 0 0 0 0 X 0 0 X 0 X 0 0 X 0 X 0 0 X 0 0 X X X 0 0 0 0 0 0 X 0 0 0 0 0 0 0 X X 0 0 0 0 0 0 0 0 X 0 0 0 0 X 0 0 0 0 X 0 0 0 X 0 0 X 0 0 0 0 X 0 X 0 X 0 X 0 0 0 0 0 0 0 0 X 0 X 0 0 0 X 0 0 0 0 0 0 0 0 0 0 0 0 0 0 0 0 0 X X 0 X 0 X 0 0 0 X 0 0 0 0 0 0 0 X X 0 0 X 0 0 0 0 X 0 0 0 X 0 0 0 0 0 0 0 0 0 X 0 0 0 0 0 0 0 X 0 0 0 0 0 X 0 X 0 0 X 0 X 0 0 0 0 0 X 0 0 X X 0 0 X 0 0 0 0 X X 0 X 0 0 0 X 0 0 0 0 0 0 0 0 0 0 0 X 0 0 0 X 0 0 0 0 0 0 0 0 X X 0 0 X 0 X 0 0 0 0 0 X 0 0 0 X 0 0 0 0 X 0 0 0 0 0 0 0 0 0 X
X 0 X 0 0 X X X 0 X X 0 0 0 0 X 0 0 X 0 0 0 0 0 0 0 0 0 0 X 0 X 0 0 0 X 0 0 0 0 X X 0 0 0 X 0 0 0 0 0 0 0 0 0 0 0 0 X 0 0 0 0 0 0 0 0 0 0 0 0 0 0 X 0 0 0 X 0 X 0 0 0 X 0 0 0 X 0 0 0 X X 0 0 X 0 X 0 0 0 0 0 0 X 0 0 0 X X 0 0 0 0 0 0 X 0 0 X 0 0 0 0 0 X X 0 0 X 0 0 0 0 0 0 0 0 0 0 0 0 0 X 0 X 0 0 0 0 0 0 0 0 0 0 0 0 0 X 0 0 0 X 0 0 0 0 X X 0 0 0 X 0 X 0 0 X 0 0 0 X 0 0 0 0 0 0 0 0 0 0 0 0 0 0 0 0 0 0 0 X X 0 0 0 0 0 0 X 0 X 0 X X 0 X 0 0 0 0 0 0 0 X 0 0 0 0 0 0 0 0 X 0 0 X 0 0 0 0 X 0 0 0 X 0 0 0 0 0 0 0 0 0 0 0 0 0 0 0 0 0 0 0 0 0 0 0 0 0 0 0 0 0 0 0 X 0 0 0 X X 0 0 0 0 0 0 0 0 0 0 X 0 X 0 0 0 0 X 0 0 0 0 0 0 0 X X 0 X 0 0 X 0 0 0 X X 0 0 0 0 X 0 0 0 0 0 0 0 0 0 X 0 0 0 0 0 X 0 0 0 X 0 0 0 0 0 X 0 X 0 0 0 0 0 0 0 0 0 0 X X 0 0 0 X 0 X 0 0 0 0 0 0 0 0 0 0 X 0 0 X 0 X X 0 X 0 X 0 0 0 0 0 X X
X X 0 0 0 0 0 0 0 0 0 X 0 0 0 0 0 0 0 0 0 0 0 0 0 0 0 0 0 0 0 0 0 0 0 0 0 0 0 0 0 0 0 0 0 0 0 0 0 0 0 0 X X X X 0 0 X 0 0 0 0 0 0 X 0 0 0 0 X 0 0 X X 0 X 0 0 0 X 0 X 0 X 0 0 0 0 0 0 0 X X 0 0 0 0 0 0 X 0 0 0 0 0 0 0 0 X 0 X 0 0 0 0 0 0 0 0 X X X 0 0 X X X X 0 0 X X 0 0 0 0 0 0 0 0 0 0 X 0 X 0 0 0 0 X 0 0 0 0 X X 0 X 0 0 0 0 0 0 0 X 0 0 0 0 0 0 X 0 0 0 0 0 0 0 0 0 0 0 0 0 0 0 X 0 0 0 0 0 0 0 0 0 0 0 0 X 0 0 0 0 0 0 X 0 0 0 0 X 0 X 0 0 0 0 0 0 0 0 X 0 0 0 0 0 0 0 0 0 0 0 X X 0 0 0 X X 0 X X 0 0 0 0 0 X 0 X 0 0 0 0 0 0 0 0 X X 0 X X X X 0 0 0 0 0 0 0 0 0 0 0 0 0 X 0 0 X X 0 0 0 0 0 X 0 X X 0 0 0 0 0 X 0 0 0 0 0 0 0 0 X 0 0 0 0 0 0 0 0 0 X X 0 0 0 0 0 0 X 0 0 0 0 0 0 0 X X X 0 0 0 0 0 X X 0 X 0 0 0 X 0 X 0 0 0 0 0 X X X 0 0 X 0 0 0 0 X 0 X 0 0 0 X 0 0 0 X 0 0 0 0 0 0 0 0 0 X 0 0 0 0 0 X 0 0 X
X 0 0 0 X 0 X 0 0 0 0 X 0 X 0 0 0 0 X 0 X 0 0 0 0 0 0 X 0 0 0 0 0 X 0 0 0 0 0 X 0 0 0 0 0 0 0 0 0 0 X 0 0 0 0 0 0 0 0 0 0 0 0 0 X 0 0 0 X 0 0 0 0 X X 0 0 X 0 0 X 0 0 0 0 X 0 0 0 X 0 0 X 0 X 0 0 0 X 0 0 0 X 0 0 X 0 0 0 X 0 X 0 X 0 0 0 0 0 0 0 0 0 X 0 0 0 0 X 0 0 0 0 0 0 0 X 0 0 0 0 0 X 0 0 0 0 0 0 0 X X 0 0 0 0 0 X 0 0 X 0 X X 0 0 0 0 0 X 0 0 0 0 0 0 0 X 0 0 0 X X 0 0 0 X X 0 0 0 0 0 0 0 X 0 0 0 0 0 0 0 X 0 0 0 0 0 0 0 0 X X X 0 X 0 0 X 0 0 0 0 X 0 0 X X 0 0 0 0 X 0 0 0 0 0 0 0 0 X X 0 0 0 0 0 0 0 0 0 X X 0 0 0 X X 0 0 X 0 0 0 0 X 0 0 0 0 0 0 0 0 0 X 0 0 0 0 0 X 0 0 X 0 0 0 X 0 0 X 0 0 0 0 0 0 0 0 0 0 X 0 0 0 0 0 0 X 0 0 0 0 X 0 X 0 0 0 X 0 0 X 0 0 0 0 0 0 0 X 0 0 0 0 0 0 0 X 0 0 X 0 X 0 0 0 X X 0 0 0 0 0 0 0 0 X 0 0 0 X X 0 0 0 X X 0 X X 0 0 0 0 0 X X 0 X 0 0 X 0 0 0 0 0 X X 0 0 0 0 0 0 X
X 0 0 0 0 X 0 0 0 0 X X 0 0 0 X X X 0 0 0 0 0 0 0 0 0 0 X 0 X 0 0 0 0 0 0 0 0 0 0 X 0 0 0 0 0 0 0 0 0 X 0 0 X 0 X 0 0 0 0 X 0 X 0 X 0 X X 0 0 X 0 0 0 X 0 0 0 0 0 0 0 0 X X X 0 X X X 0 0 X 0 0 0 0 X 0 X 0 0 X X 0 0 0 0 0 X 0 0 X X 0 X 0 0 0 0 X 0 0 0 0 0 0 X 0 0 0 0 0 X 0 0 0 0 0 0 0 0 0 0 0 0 X 0 0 X 0 0 X 0 0 0 0 X 0 0 0 X 0 0 0 0 0 0 0 0 0 0 0 0 0 0 0 X 0 X X 0 0 X 0 0 0 0 0 0 0 0 0 0 0 0 0 0 0 X 0 0 0 X 0 0 0 0 0 0 0 0 0 0 0 0 0 X 0 0 0 0 0 0 0 0 0 0 0 0 0 X 0 0 0 0 0 0 0 0 0 0 0 X 0 0 0 0 0 X 0 X 0 X X 0 X 0 0 0 0 0 0 0 0 0 0 0 0 0 0 0 0 0 0 0 0 0 X 0 X 0 0 0 0 0 X 0 0 0 0 X 0 X 0 0 0 0 0 0 0 0 X 0 0 X 0 0 X X 0 0 0 0 0 0 0 X 0 0 0 0 0 0 0 X X 0 0 0 0 0 0 0 0 0 0 0 X X X 0 0 0 0 0 0 X X 0 X 0 0 0 0 X 0 0 X 0 0 0 0 0 0 0 0 0 0 0 0 0 0 X 0 X X 0 X 0 0 0 X 0 0 0 0 X 0 0 X X 0 0 0 0 0 X X
X 0 0 0 0 0 0 X 0 0 0 0 0 0 0 0 X 0 0 0 0 0 0 0 X 0 0 0 0 0 0 X 0 0 0 0 0 0 X 0 0 X 0 0 0 0 0 0 0 X 0 0 0 0 0 0 0 0 X 0 0 X X 0 0 0 0 0 0 0 0 0 0 0 0 X 0 0 0 0 0 0 0 0 0 0 0 X 0 0 X X 0 0 0 0 0 0 0 0 0 0 0 0 0 0 0 0 0 0 0 0 0 0 0 0 0 0 X 0 X 0 0 0 0 0 0 X 0 0 0 0 X 0 0 0 0 0 0 0 0 0 X X 0 0 0 X 0 0 0 0 0 X 0 0 0 X 0 0 0 0 0 0 X X X 0 X 0 0 X 0 0 0 0 0 X 0 0 X 0 0 0 0 0 0 X 0 0 0 0 0 0 0 0 0 0 0 0 0 X X 0 0 X 0 0 0 X X X X 0 0 X 0 0 0 0 0 0 0 0 0 0 0 0 0 0 0 X 0 0 X 0 0 0 0 0 X 0 0 0 0 0 0 0 0 X 0 0 0 0 0 0 0 0 X 0 0 0 X 0 0 0 0 0 0 0 0 0 0 X X 0 0 0 0 0 0 0 X 0 X 0 X 0 0 0 X 0 0 X 0 X 0 0 0 0 0 0 X 0 X 0 0 0 0 0 X 0 0 0 0 0 0 0 X 0 0 0 0 X 0 0 0 0 0 X 0 X 0 0 0 0 0 0 0 0 X X X 0 0 0 0 X 0 0 0 0 X 0 0 0 0 0 X 0 0 0 0 0 0 0 0 0 0 0 0 X 0 X 0 0 0 0 0 0 0 X 0 0 0 0 0 0 0 0 0 0 0 0 0 0 0 X 0 X
X 0 0 0 0 0 0 0 0 0 0 0 0 0 0 0 0 0 0 0 0 X 0 0 0 0 0 0 X X 0 X 0 0 0 0 0 0 0 0 0 0 0 0 0 0 0 0 0 0 0 0 0 X 0 0 0 0 0 0 0 0 X 0 0 0 X 0 0 X 0 X 0 X 0 0 X 0 0 0 0 0 0 0 0 0 0 0 0 0 0 0 0 X 0 0 0 0 0 X X X 0 0 0 X 0 0 0 X 0 0 0 0 0 0 0 0 X 0 0 0 0 0 X 0 0 0 X 0 X X 0 X 0 0 0 0 X 0 X 0 0 0 0 0 0 0 0 X 0 0 X 0 X 0 X 0 0 0 0 0 0 X 0 0 X 0 X 0 0 X 0 0 0 0 X 0 0 0 X 0 X 0 X X 0 0 0 0 0 0 0 0 X X 0 X X X 0 0 0 0 X X 0 X X 0 0 0 X 0 0 0 0 0 0 0 0 X 0 X 0 0 X 0 0 X 0 0 0 0 X 0 0 0 X 0 0 0 0 X 0 0 0 X 0 0 0 X 0 X X 0 0 0 0 0 0 0 0 0 X X X 0 0 0 0 X 0 0 0 X 0 0 X 0 0 X 0 0 0 X 0 0 0 X 0 0 0 0 0 0 0 0 0 0 0 X X 0 0 0 0 0 0 X 0 0 0 0 0 0 0 X 0 0 X 0 0 X X X X 0 X 0 0 0 0 0 0 X X 0 0 0 X 0 0 0 0 0 0 0 0 X 0 0 0 0 X X X 0 0 0 0 0 0 X 0 0 0 X X 0 0 0 X X 0 0 0 0 0 0 0 0 0 X 0 0 X 0 X 0 0 0 0 0 0 0 0 0 X X
X 0 0 0 0 X 0 0 0 X 0 X 0 0 0 0 X 0 0 0 0 X 0 0 0 0 0 X 0 0 0 0 0 0 0 0 0 0 0 0 0 0 0 0 0 0 X X 0 0 0 X 0 0 X 0 0 0 X 0 0 0 0 0 0 0 0 0 0 X 0 0 0 X 0 0 0 X 0 0 X X 0 0 0 0 0 0 0 0 0 X 0 X 0 0 0 0 0 0 0 0 0 0 0 0 0 0 0 0 0 X 0 0 0 0 0 0 0 0 0 0 0 0 0 0 0 0 0 0 0 0 0 0 0 0 0 X X 0 0 0 0 0 0 0 X 0 0 0 0 0 0 0 0 0 0 0 0 0 0 0 X 0 X 0 0 0 0 0 X 0 0 X X 0 0 X X 0 X 0 0 0 0 0 0 0 0 X 0 0 0 0 0 0 X 0 0 X 0 0 0 X 0 0 X X X 0 X 0 X X 0 0 0 0 0 0 0 X 0 0 0 0 0 0 X 0 X 0 0 0 0 X X X 0 0 0 0 0 0 0 0 0 0 0 X X 0 0 X X X 0 0 0 X 0 0 0 0 X 0 X 0 0 0 0 0 0 0 0 0 0 0 0 0 X 0 0 0 0 0 0 0 X X 0 0 X 0 X 0 X X 0 0 X 0 0 X 0 0 0 X 0 0 0 0 0 0 X 0 0 0 0 X 0 0 0 X 0 X 0 X 0 X 0 0 0 0 0 X 0 0 0 0 0 0 0 0 0 0 0 0 X 0 0 X 0 0 0 0 X 0 0 0 0 0 0 X 0 X X 0 0 0 0 0 0 X 0 X 0 0 0 0 0 X 0 X 0 X X 0 0 0 0 0 0 0 0 0 0 0 0 X
X 0 X X 0 0 0 0 X 0 0 X X 0 0 0 0 0 0 0 0 0 0 X X 0 0 X 0 0 0 0 0 0 X X 0 0 0 X 0 0 0 0 0 0 0 0 0 0 0 0 0 0 0 0 X 0 0 0 0 0 X 0 0 0 0 0 0 0 0 X 0 0 0 0 0 0 0 X 0 X 0 0 0 0 0 0 0 0 0 0 0 0 0 X 0 X X 0 0 0 0 0 0 0 0 X 0 X 0 0 0 X 0 0 0 0 0 0 0 X 0 0 0 X X X 0 X 0 0 0 0 X 0 0 0 0 0 0 0 X 0 0 X X 0 0 X X 0 0 0 0 0 0 0 0 0 0 0 0 X 0 0 0 0 0 0 0 0 0 0 0 X 0 0 0 0 0 0 0 0 0 0 0 0 0 0 0 0 0 0 0 X 0 X 0 0 0 0 0 0 0 X 0 X 0 0 0 X X X X 0 0 X 0 0 0 X 0 0 X 0 0 0 X X 0 0 0 0 0 0 0 0 0 0 0 0 0 0 0 0 0 X 0 0 0 X 0 0 0 0 0 0 0 0 0 X 0 0 X 0 0 0 X 0 X 0 X X 0 0 X 0 0 0 0 0 0 0 0 X 0 0 0 0 0 X 0 0 0 0 X 0 0 0 0 X 0 0 0 0 0 0 0 0 0 0 0 X 0 X 0 X 0 0 0 0 0 0 0 0 0 0 0 0 0 X 0 0 X 0 0 X 0 X 0 0 X 0 0 X 0 0 X 0 0 0 X 0 X 0 0 X 0 0 0 0 0 0 X 0 X X 0 0 0 0 X 0 0 X 0 0 0 X 0 0 0 0 0 0 0 X X 0 0 0 0 X 0 0 X 0 0 X
X 0 0 X 0 0 X 0 0 0 0 0 0 X X 0 0 0 0 0 0 0 0 0 0 0 0 0 0 0 0 0 X 0 0 0 0 0 X 0 0 0 0 0 0 0 0 X 0 0 0 0 X X X 0 0 0 0 0 0 0 0 0 0 0 0 0 0 0 0 0 0 0 0 0 0 0 0 X 0 X 0 0 0 0 0 X 0 0 X X 0 0 0 0 0 0 0 0 0 0 X 0 0 X 0 0 0 0 0 0 0 X 0 0 0 0 0 0 X 0 X 0 X 0 0 0 0 0 0 0 0 0 0 0 0 0 0 0 0 0 0 X X X X 0 0 X 0 0 0 0 X 0 0 X X 0 0 0 0 0 X X X 0 0 0 0 0 0 0 0 X 0 0 0 0 0 X 0 0 0 X 0 X X 0 0 0 0 0 0 0 0 X 0 0 0 0 0 0 0 0 0 0 0 0 X 0 0 0 0 0 0 0 0 0 0 0 0 0 0 0 0 0 0 0 0 X 0 0 0 X 0 X X 0 0 X X 0 X 0 0 0 0 X X 0 0 X 0 0 X 0 0 0 0 X 0 0 0 0 0 0 0 0 0 0 0 0 0 X 0 X 0 0 0 0 0 0 X 0 0 0 0 0 0 0 0 0 0 X X 0 X X 0 X 0 0 0 0 0 X 0 0 0 0 0 0 0 0 0 0 0 0 0 0 X 0 0 0 0 0 0 0 X 0 0 0 X X X 0 X 0 0 0 0 X 0 X X 0 X X X 0 0 0 X 0 0 X X 0 X 0 0 0 0 X X X X X X 0 0 0 0 0 0 X 0 X 0 0 0 0 0 0 0 0 0 X 0 0 0 0 0 X 0 0 0 X
X 0 0 0 0 0 X 0 0 0 0 0 0 0 0 0 0 0 0 0 X 0 X 0 X 0 0 0 0 0 0 0 0 X X 0 0 0 0 0 X 0 0 0 0 0 0 0 X X 0 0 0 0 X 0 0 X 0 X 0 0 0 0 0 0 0 X X X 0 0 0 0 0 0 0 0 0 X 0 0 0 0 X 0 0 0 0 0 0 X 0 X X 0 X 0 0 0 0 0 0 X X 0 0 0 0 X 0 0 0 X 0 0 X 0 X X X 0 X 0 X 0 0 0 0 0 0 X 0 0 X 0 0 0 0 0 0 0 0 0 X X 0 0 0 0 0 0 0 0 0 0 0 0 0 0 0 0 0 X X 0 0 0 0 0 0 0 0 0 X X 0 0 0 0 0 0 0 0 0 0 X 0 0 0 X 0 X X 0 0 0 0 X 0 0 0 X 0 0 0 X 0 0 0 X 0 0 X X 0 X 0 0 0 0 0 0 0 0 0 0 0 0 X X 0 0 0 X 0 0 0 X 0 X X X 0 0 0 X 0 0 0 0 0 0 0 0 0 X 0 0 0 0 X 0 0 0 0 0 0 X X 0 X 0 0 X X 0 0 X X 0 0 0 0 0 X 0 X 0 0 0 0 0 X 0 0 0 0 X 0 0 0 0 X 0 0 X 0 0 0 X 0 X 0 0 0 0 0 0 0 0 0 0 0 0 0 0 0 0 0 0 0 0 0 0 0 X 0 X 0 0 X X 0 0 0 X X 0 X 0 0 0 0 0 0 X 0 0 X 0 0 0 0 0 0 0 0 0 0 0 0 X 0 0 0 0 0 0 0 X 0 0 0 0 0 0 X 0 0 0 X 0 0 0 0 0 0 0 X
X 0 X X X 0 0 X 0 0 0 0 X 0 X 0 X 0 0 0 0 0 0 X 0 0 0 0 0 0 0 0 0 X 0 0 X 0 0 0 0 0 0 0 0 0 0 0 X 0 0 0 0 0 0 0 0 X 0 0 0 0 0 0 0 0 0 0 0 0 0 0 X 0 0 X 0 0 0 0 0 0 0 X 0 0 X 0 0 0 X 0 0 X 0 0 X 0 X 0 0 0 0 0 0 0 0 0 X 0 0 0 0 0 0 0 X 0 X 0 X 0 0 0 0 X 0 0 0 0 0 0 X 0 0 0 0 0 0 0 0 0 0 0 0 0 0 0 0 X 0 0 0 0 0 0 0 0 0 0 0 X 0 0 0 0 0 X 0 0 0 X 0 0 0 0 0 X 0 0 0 X 0 X 0 0 0 0 0 0 0 X 0 0 0 0 X X X 0 0 0 0 0 0 0 0 0 X X 0 0 0 0 0 0 X X X 0 0 0 X 0 0 0 0 X 0 0 0 0 0 X 0 0 X 0 0 X 0 0 0 0 0 X X 0 0 0 0 0 0 0 0 0 0 0 0 0 X 0 0 0 0 0 0 0 0 0 0 0 0 X 0 0 0 0 0 0 0 0 0 0 X 0 X 0 X 0 0 0 X 0 0 0 0 0 0 0 0 0 0 0 0 0 0 0 0 0 0 X 0 0 0 0 0 0 0 0 0 0 0 0 0 0 0 0 0 0 0 0 0 0 X 0 0 X 0 0 X X X 0 0 X X 0 0 0 0 0 X 0 0 0 X 0 0 X 0 0 0 X X 0 0 0 0 0 0 X 0 0 0 0 0 0 0 0 X X 0 X 0 0 X 0 0 0 0 0 0 0 0 X 0 X 0 X
X 0 0 0 0 0 0 0 X 0 X 0 0 0 0 X 0 0 X 0 0 0 0 0 0 0 0 0 0 0 0 0 0 X 0 0 0 0 0 0 0 X 0 X 0 0 0 0 0 0 0 0 0 X X X 0 0 0 0 X 0 0 0 X 0 0 0 0 0 0 0 X 0 X 0 X 0 0 X 0 X X 0 0 0 X 0 0 0 X X 0 X 0 0 X 0 0 0 0 X 0 0 0 0 0 X 0 0 0 0 0 0 0 0 0 0 0 0 X 0 0 0 0 X 0 0 0 X 0 0 0 0 0 0 X X 0 0 X 0 X X X 0 0 0 0 0 0 X 0 0 0 0 X 0 0 0 X 0 0 0 0 0 0 0 0 X 0 0 0 0 0 X 0 0 X 0 0 0 0 X X 0 X 0 0 0 0 0 0 X 0 0 0 0 0 X 0 X 0 X 0 0 0 0 0 0 0 0 X 0 0 0 0 0 0 X 0 0 0 0 0 0 0 0 0 0 0 X 0 X 0 0 X 0 X 0 X 0 0 X 0 0 0 0 0 0 0 0 0 X 0 0 0 0 0 0 0 0 X 0 0 0 0 0 X 0 0 X 0 0 0 0 0 0 0 X 0 0 0 0 0 X 0 0 0 0 0 X 0 0 0 X 0 0 0 0 0 0 0 0 0 0 0 0 0 X 0 X 0 0 0 0 0 0 X 0 0 0 0 0 0 0 0 0 0 0 0 0 0 X X X X 0 0 0 X 0 0 X 0 0 0 0 0 0 X 0 X 0 0 0 X X 0 X 0 0 0 0 0 0 0 0 0 0 0 X X 0 0 0 0 X 0 0 0 X X 0 0 X 0 0 0 0 0 0 X 0 0 0 0 X 0 X
X X X 0 X 0 X X 0 0 0 0 0 0 0 0 0 0 0 0 X 0 0 X 0 0 X X 0 X X 0 0 0 X 0 0 0 0 0 0 0 0 0 X 0 0 0 0 0 0 0 0 X 0 0 0 0 0 0 0 0 0 0 X X 0 0 0 0 0 0 0 0 0 0 0 0 0 X X X 0 0 0 X 0 0 0 0 0 X X X X 0 0 0 X X 0 0 X 0 X X 0 0 0 0 0 0 0 0 0 0 0 0 0 0 0 0 0 0 0 0 0 0 0 0 0 0 0 0 0 0 0 0 0 0 0 X 0 X 0 0 0 X X 0 0 0 X 0 X 0 X 0 0 0 X 0 0 0 0 0 X X X 0 0 0 0 0 X 0 0 X 0 X 0 0 0 0 0 0 0 0 X 0 0 0 0 X 0 0 0 0 0 0 0 X 0 X 0 0 0 0 0 0 0 0 X 0 0 X 0 0 X 0 0 0 X X 0 X X 0 X 0 0 0 X 0 X 0 0 0 0 0 0 0 0 X X X 0 0 0 0 0 0 X 0 0 0 X 0 0 X 0 0 0 0 0 0 0 0 0 X X 0 0 0 X 0 0 0 X 0 0 X 0 0 0 0 X 0 0 0 0 0 0 0 0 X 0 0 0 0 0 0 0 0 0 0 X X 0 X 0 0 X 0 0 0 X 0 0 0 0 X 0 0 0 0 0 0 X 0 0 0 0 0 0 0 0 0 0 0 0 0 0 0 0 0 0 0 0 0 0 0 0 0 0 0 0 X 0 0 X 0 0 0 0 0 0 0 0 0 0 0 0 X 0 0 X 0 0 0 0 X X 0 0 X 0 0 0 0 0 0 0 0 0 0 X 0 0 X
X 0 0 0 0 X 0 X X 0 0 0 0 0 0 X 0 0 0 X 0 0 0 0 0 0 0 X 0 X 0 X 0 0 0 0 0 0 0 0 0 0 0 0 0 0 0 0 0 0 0 0 X X 0 0 X X 0 0 0 0 0 0 0 X 0 0 X 0 0 0 0 X 0 0 0 0 0 0 0 0 0 0 0 0 0 0 0 0 X 0 0 0 X 0 X 0 0 0 0 0 0 0 0 0 X 0 X 0 0 0 0 0 0 0 0 0 0 0 0 0 0 X X X 0 0 0 0 0 0 0 0 0 X 0 0 0 X X 0 X 0 0 0 0 0 0 0 0 0 X 0 0 X 0 0 0 0 0 0 0 X X X 0 0 X X 0 0 0 0 0 X 0 X X 0 X 0 0 0 0 0 X 0 0 0 0 0 0 X X X 0 X 0 X 0 0 0 0 0 0 0 X 0 0 0 0 0 0 0 0 0 X 0 X 0 X X 0 0 0 0 0 0 0 0 X X X 0 0 0 X 0 X 0 0 X 0 0 X 0 0 0 0 0 0 0 0 X X X X 0 0 0 0 0 0 0 X 0 0 0 0 0 0 0 0 0 0 X 0 X 0 X 0 0 0 0 X 0 0 0 0 0 X 0 0 0 0 0 0 X 0 0 0 0 0 0 0 0 0 0 0 0 X 0 0 0 0 0 X 0 0 0 X 0 0 0 0 X 0 0 0 0 0 0 0 0 0 0 0 0 X 0 0 0 0 0 0 0 0 0 0 0 0 0 X 0 0 0 0 0 0 0 0 X X 0 0 0 X 0 0 X 0 0 0 0 0 0 0 0 0 0 X X X X 0 0 0 0 0 0 0 0 0 X 0 X 0 0 X
X 0 X 0 0 0 X 0 0 0 X 0 0 X X 0 0 0 0 0 0 X 0 0 0 X 0 0 0 X 0 X 0 0 X 0 X 0 0 X 0 X X 0 0 0 0 0 0 0 0 0 X 0 0 0 0 0 X X 0 0 X 0 0 0 0 0 0 0 0 0 0 0 0 X 0 0 0 0 0 X 0 0 0 0 0 0 0 0 0 0 0 0 0 0 0 0 0 0 X 0 0 0 0 X 0 0 0 0 X 0 X 0 0 0 0 0 0 X 0 0 0 0 X 0 0 0 0 0 X X X 0 0 0 0 0 0 X X 0 0 0 0 0 0 0 0 0 0 X 0 X 0 X 0 0 0 0 0 0 0 0 X 0 0 0 0 X 0 0 0 0 X 0 0 0 0 0 0 0 0 0 0 0 0 0 0 X 0 0 0 0 0 0 0 0 X 0 0 0 X 0 0 X X X 0 0 0 0 0 0 0 X X X X 0 0 X 0 0 X X X X 0 0 X X 0 X 0 0 0 0 0 X 0 X 0 0 0 X X 0 0 0 X 0 X 0 0 X 0 X 0 0 0 0 0 0 X X 0 0 0 0 0 0 0 0 0 0 0 0 X X X 0 X 0 0 0 0 0 0 0 0 0 0 0 X X 0 0 0 X X X 0 0 0 0 0 0 0 X X 0 0 0 X 0 0 0 0 X 0 0 0 0 0 0 0 0 0 0 0 0 0 0 0 0 X 0 0 X 0 0 0 0 0 0 0 0 X 0 0 0 0 0 0 0 X 0 X 0 X X X 0 0 0 X 0 0 0 0 X 0 0 0 X X X 0 X 0 0 0 0 0 X 0 0 X 0 0 0 X 0 0 0 0 0 0 X
X X 0 0 0 0 0 X X 0 0 X 0 0 0 0 0 0 0 0 0 X 0 X 0 X 0 0 0 0 0 0 0 0 0 0 0 0 0 0 0 0 0 X 0 0 0 X 0 0 0 0 0 0 0 0 X 0 X 0 0 0 0 X X X 0 0 0 X X 0 0 0 0 0 0 0 0 0 0 0 X 0 0 0 0 0 0 0 0 0 0 0 0 0 0 0 X 0 X 0 0 0 0 0 0 0 0 0 0 0 X 0 0 0 0 0 0 0 0 0 X 0 X 0 0 X 0 0 0 X 0 X 0 0 0 0 0 0 X X 0 X X 0 X 0 0 0 0 0 0 0 0 0 0 0 0 X 0 X 0 0 0 0 X 0 X 0 0 0 0 X X 0 X 0 X 0 0 0 0 0 0 X 0 0 0 0 X 0 0 0 X X 0 0 0 0 0 X 0 0 0 X 0 0 0 0 0 0 X 0 0 0 0 0 0 0 0 0 0 X 0 X 0 0 0 0 0 0 0 0 0 0 0 0 0 0 0 0 0 0 X X X 0 X 0 X 0 0 0 0 X 0 0 X 0 0 0 0 X 0 0 0 0 0 0 0 X 0 0 0 0 0 0 0 0 X 0 X 0 0 X 0 0 X 0 0 0 0 0 0 X X 0 0 X 0 0 0 X 0 X 0 0 0 0 0 0 0 0 0 0 0 X 0 X 0 0 0 0 0 0 0 0 0 0 0 0 X 0 X 0 X 0 0 0 X 0 0 0 0 0 0 0 0 X 0 0 0 X X X 0 0 X 0 0 0 0 X 0 0 0 X X 0 X 0 0 0 0 0 X X 0 0 X 0 0 0 0 0 0 0 X 0 0 0 X X X X 0 0 0 X
X X 0 X 0 0 X 0 0 X 0 0 0 0 0 0 0 0 0 0 0 0 0 0 0 X 0 0 0 0 0 0 0 0 0 0 X 0 0 0 0 X X 0 X 0 0 0 0 0 0 0 0 0 0 0 0 0 0 0 0 0 0 0 0 0 0 0 0 X 0 0 0 X 0 0 0 0 0 0 X 0 0 X X 0 0 X X 0 X 0 0 0 0 X 0 0 0 0 0 0 0 X 0 0 X X 0 X 0 0 0 0 0 0 0 0 0 0 X X 0 0 0 0 0 0 0 X X 0 X 0 0 X X 0 X X 0 0 X 0 0 0 X 0 0 0 0 X X 0 X 0 0 0 0 X X 0 0 0 0 0 0 0 0 0 0 0 0 0 0 0 0 0 0 0 X 0 X 0 0 X 0 0 0 0 X X 0 0 X 0 X 0 X 0 0 0 0 0 0 X 0 X X X X 0 X 0 X X X 0 0 X 0 0 0 X X X 0 0 0 0 0 0 0 X 0 0 0 0 0 X 0 0 0 0 0 X 0 X 0 0 0 0 0 0 0 0 X 0 0 0 0 0 0 X 0 0 X 0 X 0 0 0 0 0 X X 0 X X X 0 0 0 0 0 X 0 0 0 0 0 0 0 0 0 0 0 X X 0 0 0 0 0 0 0 0 0 X 0 X 0 0 0 0 0 0 X 0 0 0 X 0 X 0 0 0 0 0 0 0 0 0 0 0 0 0 0 0 0 0 0 0 0 0 0 0 0 0 0 X X 0 0 0 X 0 X 0 0 0 0 0 0 0 X 0 0 X 0 0 0 X X 0 0 0 0 0 0 X 0 0 0 X 0 0 0 0 X 0 X 0 X 0 0 0 0 0 X
X X 0 0 X X 0 0 0 0 0 X X X 0 0 0 0 0 0 0 0 0 0 0 X 0 X 0 0 0 0 0 0 X 0 0 X X 0 0 0 0 0 0 0 0 0 0 0 0 X 0 0 0 0 X 0 0 0 0 0 0 0 0 X 0 0 X 0 0 0 0 0 X 0 X 0 X 0 0 0 0 0 0 X 0 0 X 0 0 0 0 0 0 X 0 0 X 0 0 0 0 0 0 0 0 X 0 X 0 0 0 0 0 0 0 0 0 0 0 X 0 0 X 0 0 0 0 0 0 0 0 X 0 X 0 0 0 0 0 0 0 X 0 0 0 0 X 0 0 0 0 0 X X X 0 0 0 0 0 0 X 0 0 0 0 0 0 0 0 0 0 0 X X 0 X 0 0 0 0 0 0 0 0 0 0 X 0 0 0 0 0 0 0 X 0 0 0 0 0 0 X 0 X 0 0 0 0 X 0 0 0 0 X 0 0 0 0 0 0 X 0 X 0 0 0 0 0 0 0 0 0 X 0 0 0 0 0 0 0 0 0 0 0 X 0 0 0 0 0 0 0 X 0 0 0 0 0 X 0 0 X X 0 X 0 X 0 0 0 0 X 0 0 0 X 0 0 0 0 0 X 0 0 0 X 0 X 0 X 0 0 0 0 0 X 0 0 0 0 0 0 0 X X 0 0 0 0 0 0 X X X 0 0 0 0 0 0 0 0 0 0 0 0 0 0 X X 0 X 0 0 0 0 0 X 0 0 0 0 X 0 X 0 0 0 0 0 0 0 0 0 X 0 0 0 0 X 0 X 0 0 0 0 0 0 0 0 X 0 X 0 0 0 0 X 0 0 X 0 0 X 0 0 0 0 0 X X 0 X X 0 0 X
X 0 X 0 X 0 0 X 0 0 0 X 0 0 X 0 0 0 0 0 0 0 0 X X 0 0 0 0 0 0 0 0 0 0 0 X 0 X X 0 0 0 X 0 X 0 X 0 0 0 X 0 0 0 X 0 0 0 0 X 0 0 0 0 X 0 0 0 0 0 0 0 0 0 0 0 X 0 X X 0 0 X 0 0 0 0 0 0 0 0 0 0 0 0 0 0 0 X 0 0 X 0 X 0 X 0 0 0 X 0 0 0 0 0 0 0 0 0 0 X 0 0 0 X X 0 0 0 0 0 0 X 0 0 X X 0 0 X 0 0 0 0 0 0 X 0 0 0 0 0 0 0 0 X X 0 0 0 0 X 0 0 X 0 0 0 X 0 X 0 0 0 X 0 0 0 0 0 0 0 X 0 0 0 0 0 0 0 0 0 0 0 0 0 0 0 0 0 0 0 X 0 X 0 X 0 0 0 0 0 X 0 0 0 0 0 0 0 0 0 0 0 0 0 0 0 0 0 0 0 0 0 0 0 0 X 0 0 0 X X 0 X 0 0 0 0 0 0 0 0 0 X X 0 X 0 0 0 0 0 0 0 0 0 0 0 X 0 0 0 0 X X 0 X 0 0 0 X X 0 0 0 0 0 0 0 X 0 0 0 0 0 X 0 X 0 0 0 X X 0 0 0 0 0 0 0 X 0 X 0 X 0 X 0 0 0 0 0 X 0 0 0 0 0 0 0 X X 0 0 0 0 0 0 X 0 0 0 0 0 0 0 0 0 0 X 0 0 0 X 0 X 0 X 0 0 0 0 X X 0 X 0 0 0 0 0 X X 0 X 0 0 0 0 0 0 0 0 X X 0 0 0 X 0 0 0 X 0 0 0 0 X
X 0 0 0 0 0 X 0 X 0 0 0 0 X X 0 0 0 0 0 0 0 0 X X 0 0 0 0 0 X 0 0 X 0 0 0 0 X X 0 0 X X X 0 0 0 0 0 0 0 0 0 X 0 0 0 X 0 0 0 0 0 0 0 0 0 X X 0 0 0 0 0 0 0 0 0 0 X 0 0 0 X 0 0 0 0 0 0 0 0 0 X X 0 0 0 0 0 0 0 0 0 0 X 0 X 0 0 0 0 0 0 X 0 0 X 0 X 0 0 X X 0 0 X 0 0 0 0 0 0 X 0 0 0 0 0 0 0 0 0 0 0 X 0 0 X 0 0 0 0 0 0 0 0 0 X 0 X 0 0 0 0 0 0 0 X X X X 0 0 0 0 0 0 0 0 0 0 X 0 0 0 0 0 X 0 X 0 X 0 0 0 0 0 0 0 X 0 0 0 0 0 0 0 0 0 X 0 0 0 X 0 0 0 0 0 0 X 0 0 0 0 0 X 0 0 0 X 0 0 0 0 0 0 0 0 0 0 0 X 0 0 0 0 0 0 X X X 0 0 0 X 0 0 X 0 0 0 0 0 0 0 0 X X 0 X X 0 0 0 0 0 0 0 0 X 0 0 0 0 0 X 0 X 0 0 X 0 0 0 0 0 0 0 0 0 0 0 0 0 0 0 0 0 0 0 0 X 0 0 0 0 0 0 0 0 0 X 0 0 X 0 X 0 0 X 0 0 0 0 0 0 0 X X 0 X X 0 0 0 0 0 X 0 0 0 0 X 0 0 0 0 X 0 0 0 0 X 0 0 0 0 0 X 0 X 0 0 0 0 0 X 0 0 0 0 0 0 X 0 0 0 0 0 X 0 0 0 0 0 X X
X 0 0 0 0 0 0 0 0 0 X 0 0 0 X X 0 0 0 0 0 0 0 0 0 0 0 X X 0 0 0 0 X 0 0 0 0 0 X 0 0 0 X 0 X 0 0 0 0 X 0 0 0 0 0 X 0 X 0 0 0 0 0 0 0 0 0 0 X 0 0 X 0 0 0 0 X 0 0 X 0 0 X X 0 0 0 0 X 0 0 0 0 0 0 0 0 0 X 0 X X 0 X 0 0 0 0 0 0 0 X 0 0 0 0 0 0 0 0 0 0 0 0 X 0 0 0 0 0 X 0 0 0 0 0 0 0 0 X X 0 0 0 0 0 0 0 0 0 0 0 X 0 0 0 0 X 0 0 X 0 0 X 0 0 0 0 0 0 X 0 0 0 0 X 0 0 0 0 X 0 0 0 0 0 X 0 0 X 0 X 0 X 0 0 0 X 0 0 X 0 0 0 0 X 0 0 0 0 0 0 X 0 0 0 0 0 0 X 0 0 0 X 0 X 0 0 0 0 0 X 0 X 0 0 0 0 0 0 X 0 0 0 X X X 0 X 0 0 0 X 0 0 X X X X X 0 0 0 0 X X 0 0 0 X 0 0 X 0 0 0 0 0 0 X X X 0 0 0 X X 0 0 0 0 0 0 0 0 0 0 0 0 0 0 0 0 0 0 0 0 0 X 0 0 0 0 0 0 0 0 0 X 0 0 X 0 0 0 0 0 X 0 0 0 0 X 0 0 0 0 0 0 0 0 0 0 0 X 0 0 0 X 0 0 0 0 0 0 0 0 0 0 0 0 0 0 0 0 0 0 0 X 0 0 X 0 0 0 0 0 X 0 0 0 0 0 0 X 0 0 0 0 X 0 X X 0 0 0 X 0 X
X X 0 0 X X 0 0 0 0 0 0 X X 0 0 X 0 0 X 0 X 0 0 X 0 0 0 0 0 0 0 0 0 X 0 0 0 0 0 0 X 0 0 0 0 0 0 0 0 0 0 0 0 0 0 0 0 0 X 0 0 0 X 0 0 0 0 0 0 0 0 0 X X 0 0 0 0 0 0 0 0 0 X 0 0 0 0 0 0 0 0 0 0 0 0 X 0 0 X 0 X 0 0 0 0 0 0 0 0 0 0 0 0 0 0 0 0 0 0 0 0 0 0 X 0 0 0 0 0 0 X 0 0 0 0 0 X X 0 0 0 0 0 0 0 0 X 0 0 0 0 0 0 0 0 0 0 0 0 X 0 X 0 X X 0 0 X 0 0 0 0 X 0 0 0 0 0 0 0 X 0 0 0 0 0 0 0 X 0 0 0 0 0 0 X X 0 0 X 0 X 0 0 0 0 X 0 0 X 0 0 0 0 X 0 0 0 0 0 0 0 0 0 X 0 0 0 X X 0 0 0 0 0 0 X X 0 0 0 0 0 0 0 0 0 0 0 0 0 0 0 0 0 0 X X 0 0 0 0 X X 0 0 0 0 0 0 0 0 X 0 0 0 X 0 0 0 0 0 X X X X 0 X X 0 0 0 0 0 0 X 0 0 X 0 0 0 0 0 0 0 0 0 0 X 0 0 0 X X 0 0 0 0 0 0 X 0 0 0 0 0 0 0 0 0 0 0 0 X 0 0 0 0 X 0 X 0 X 0 0 0 0 0 0 0 0 0 X 0 0 X 0 0 X 0 X 0 0 0 0 0 0 0 0 0 0 0 0 0 0 X X 0 0 0 0 0 0 0 0 0 0 0 0 0 X 0 X 0 0 X X
X X 0 0 X X 0 0 0 0 0 0 X 0 0 0 0 0 0 X 0 0 0 0 X 0 0 0 0 X 0 0 0 0 0 0 0 X 0 0 0 0 0 0 X 0 0 0 0 0 0 0 0 0 0 X 0 0 0 0 X 0 0 0 0 0 0 0 0 X 0 0 X 0 0 0 0 0 0 0 0 0 0 X 0 X 0 0 0 0 0 0 0 0 0 0 0 X 0 0 0 X 0 0 0 0 0 X X 0 0 X 0 0 0 0 0 0 0 0 0 0 0 0 X X X 0 0 0 0 X X X 0 0 0 X 0 0 0 X 0 0 0 X 0 0 X 0 X 0 0 0 X 0 0 0 0 0 X 0 0 X X 0 0 X 0 0 X 0 0 0 0 0 0 X 0 X X 0 0 0 0 0 0 X 0 0 0 0 0 0 0 X 0 0 0 X 0 0 0 0 0 0 0 0 0 0 X X 0 0 0 0 0 0 0 0 0 X 0 0 X X 0 0 0 0 X 0 0 0 0 X X 0 X 0 0 0 X 0 0 0 0 0 0 X 0 0 0 0 0 0 0 0 0 X 0 0 0 X 0 0 X 0 0 0 0 0 0 X 0 X 0 0 0 0 X 0 0 0 0 0 0 0 0 0 0 X 0 0 0 0 0 X 0 0 0 0 0 0 X 0 0 0 0 X 0 X 0 X 0 0 0 0 0 X X 0 0 0 0 X 0 0 0 0 0 0 0 0 0 0 0 0 0 0 X X 0 X 0 0 0 0 X X 0 0 0 0 0 0 0 0 0 X 0 0 X 0 X 0 0 0 X 0 0 0 X 0 X X 0 0 0 0 0 0 0 0 0 0 0 0 0 0 X 0 0 X 0 0 0 0 0 X
X 0 0 0 X X 0 0 0 0 X 0 X 0 0 0 0 0 0 0 0 0 0 0 0 0 0 0 0 0 0 0 0 0 0 X 0 0 0 0 0 0 0 0 X 0 0 0 0 0 X X X 0 0 0 0 0 0 0 0 0 X X 0 X 0 0 0 0 0 0 X X 0 0 0 0 X 0 0 0 0 0 X 0 X X 0 0 0 0 0 0 0 0 0 0 0 0 0 X 0 0 0 0 0 0 0 0 0 X 0 0 0 X 0 0 0 0 X 0 0 0 0 0 0 X X 0 0 0 0 0 0 0 0 0 0 0 0 0 0 0 0 0 0 X 0 0 0 X X 0 0 0 0 0 0 0 X 0 0 X 0 0 0 0 0 0 0 X 0 0 X 0 X 0 0 0 0 0 0 0 0 0 0 0 0 0 0 0 0 0 0 0 0 0 0 0 X X X X 0 0 0 0 0 0 0 0 0 0 0 0 0 0 0 0 0 0 X 0 0 0 0 0 0 0 X 0 X X 0 X 0 X 0 0 0 0 0 X 0 0 0 X 0 0 X 0 0 0 0 0 0 0 X 0 0 X X 0 0 0 0 0 0 X 0 0 0 0 0 0 0 0 0 0 X 0 X 0 0 X 0 0 X 0 0 X 0 0 0 0 0 0 0 X 0 0 0 0 0 X 0 0 0 0 0 X 0 0 0 0 X 0 0 0 0 0 X 0 0 X 0 0 0 0 0 0 X X 0 0 X 0 X 0 0 X 0 0 0 0 X 0 0 X 0 0 0 0 0 0 0 X X 0 0 0 0 0 0 0 0 X X 0 0 X X X 0 0 X 0 0 0 0 0 0 0 0 0 0 0 0 0 X X 0 0 0 X 0 0 X X
X X 0 X 0 0 0 0 0 0 X 0 X 0 0 0 0 X 0 0 0 0 0 0 0 0 0 0 X 0 0 0 0 0 0 0 X X 0 0 0 0 0 0 0 0 0 0 0 0 X X 0 0 0 0 X X 0 X 0 0 0 0 X 0 0 0 0 0 X 0 0 0 0 0 0 0 0 0 X 0 0 0 0 0 0 0 0 X 0 X X 0 0 0 0 0 0 0 0 0 X X 0 X 0 0 0 X 0 0 0 0 0 0 0 0 0 0 X 0 X 0 0 0 0 0 0 0 0 0 0 0 0 0 0 0 0 0 0 X X 0 0 0 X 0 0 0 0 0 X 0 0 X 0 X 0 0 0 0 0 X 0 0 X 0 0 0 0 0 0 0 0 X 0 0 0 0 0 0 0 X X 0 X 0 0 0 0 0 0 0 X 0 0 0 0 X 0 0 0 0 0 X 0 0 0 X 0 0 0 0 0 0 0 X 0 0 0 0 0 0 0 0 0 X 0 0 0 0 0 0 0 X X 0 0 X 0 0 X 0 0 0 0 0 0 X X 0 0 0 0 0 0 0 0 0 X 0 0 0 X X 0 0 0 0 0 0 0 0 0 0 X 0 0 X 0 0 0 0 0 0 0 X 0 0 X 0 X 0 0 0 0 0 X 0 0 0 0 0 0 0 0 0 0 0 0 0 0 0 0 0 X X 0 0 0 0 X 0 X 0 0 X X 0 0 X 0 X 0 0 0 0 X X 0 0 0 0 X 0 0 X 0 0 0 0 0 0 0 0 0 0 0 0 0 X 0 0 X 0 0 0 0 0 0 X X 0 0 0 0 0 0 0 0 0 0 0 0 0 X X 0 0 0 0 0 0 0 0 X 0 0 X
X 0 0 0 0 0 X 0 0 0 0 0 0 0 0 0 0 0 0 X 0 0 0 0 0 X 0 X 0 0 0 0 0 X 0 0 0 0 0 0 0 0 X 0 0 0 X 0 0 X 0 0 X 0 0 0 X 0 0 X 0 X 0 0 X 0 0 X 0 X 0 0 0 0 0 0 0 0 0 X X 0 0 0 X 0 0 0 0 0 0 0 0 0 X 0 X X X X 0 0 0 0 0 0 X 0 0 0 0 0 X 0 X X 0 0 X 0 0 X 0 0 0 0 X 0 0 0 0 0 0 X 0 X 0 0 0 X X 0 0 X 0 0 0 0 0 X X 0 0 0 0 0 0 0 X 0 0 0 0 0 0 0 0 0 0 X X 0 0 0 0 0 0 X 0 0 0 0 0 0 0 0 X X 0 X 0 0 X X X 0 0 X 0 X 0 0 0 0 0 0 X 0 0 0 0 0 0 0 0 0 0 0 0 0 0 0 0 0 0 0 0 X 0 0 0 0 0 0 0 X X X 0 X 0 0 0 X 0 0 0 0 0 0 X 0 0 0 0 0 0 0 X 0 0 0 X 0 0 0 0 0 0 0 0 0 0 0 0 0 0 0 0 0 0 X 0 0 0 0 0 X 0 0 0 X 0 0 0 0 0 0 X 0 0 0 0 X 0 0 0 0 0 0 0 X 0 0 0 0 X 0 0 0 X X 0 0 0 0 0 X X 0 0 0 0 X 0 0 X 0 0 0 0 0 0 0 0 0 0 0 X 0 0 X 0 0 0 0 0 0 X 0 0 0 X 0 0 0 0 0 0 0 X X 0 0 0 0 0 0 0 0 0 X 0 0 0 0 0 X 0 0 0 0 0 0 0 X 0 0 0 X
X 0 0 0 X 0 0 0 0 X X 0 0 0 0 0 X 0 0 0 0 0 0 0 X 0 0 0 0 0 0 0 0 X X 0 X 0 0 0 0 0 0 0 0 0 0 0 0 0 0 0 0 X 0 0 0 0 X 0 0 0 X 0 X 0 0 X 0 0 0 0 0 0 X X 0 0 X 0 0 0 0 0 X 0 X X 0 0 0 0 0 0 0 0 X X 0 0 0 0 0 0 0 0 0 0 0 0 0 0 0 0 0 0 0 0 0 0 0 0 X 0 0 0 X 0 0 X X 0 X 0 0 0 0 0 X X 0 0 0 X 0 0 X 0 0 0 0 0 0 X 0 X X 0 0 X X 0 0 0 0 0 X 0 0 X 0 0 0 0 X 0 0 0 0 0 0 0 0 0 X 0 0 X X 0 0 0 0 0 0 0 X 0 0 0 0 0 0 X 0 0 0 0 0 0 0 X 0 0 0 0 0 X 0 0 X 0 X 0 X 0 0 X 0 0 0 X 0 0 0 0 0 0 0 0 0 0 0 0 0 0 0 0 0 0 0 X 0 X 0 0 0 0 0 0 0 0 0 X 0 0 0 X 0 0 X 0 0 0 0 X 0 0 0 0 0 0 0 X 0 0 0 X 0 X 0 X 0 0 X 0 0 0 0 0 0 X 0 X 0 0 X 0 0 0 0 0 0 0 0 X 0 X 0 0 0 0 0 0 X 0 0 0 0 0 0 0 0 0 0 0 0 X 0 0 0 0 0 0 0 0 0 0 0 X 0 X 0 X 0 X 0 X X X 0 X 0 0 0 X X 0 0 0 0 0 0 0 0 0 0 0 0 0 0 0 0 0 0 0 X 0 0 0 0 0 0 0 0 X 0 0 0 X
X 0 0 X 0 0 X 0 X 0 0 0 0 0 0 0 0 0 0 0 0 0 0 0 0 0 X 0 0 0 0 0 X 0 0 0 0 0 X 0 0 0 X 0 0 0 0 0 0 X 0 0 0 0 0 X X X X 0 X X 0 0 0 X 0 0 0 X 0 0 0 0 0 0 X 0 X 0 X 0 0 0 0 0 0 0 0 0 0 0 0 X X X 0 0 0 0 0 0 0 0 0 0 X 0 X 0 0 0 0 0 0 0 X 0 0 0 0 0 0 X 0 X 0 0 X 0 0 0 0 0 0 0 0 0 0 X 0 0 0 X 0 0 0 0 0 0 0 0 0 0 0 0 0 0 0 0 0 X 0 X 0 0 0 0 0 0 0 0 0 0 0 0 X 0 0 X 0 0 0 0 X 0 0 X 0 0 0 0 0 0 0 0 0 0 X 0 0 0 0 0 0 0 0 0 0 0 0 X 0 0 0 0 0 0 X 0 0 X 0 0 0 0 0 0 X 0 0 X 0 0 0 0 X X 0 0 X 0 0 0 X 0 0 0 0 0 0 0 0 0 X 0 X 0 0 0 0 0 0 X 0 0 0 0 0 0 X 0 0 0 0 0 X 0 0 X 0 X 0 0 X 0 0 0 0 0 0 0 0 0 0 0 0 0 X 0 0 0 X 0 0 0 0 0 X X 0 X 0 0 0 0 0 0 0 X 0 X 0 X 0 X 0 0 0 X X X 0 X 0 X 0 0 0 0 X 0 0 0 0 0 0 0 0 0 X 0 0 0 0 0 0 X 0 0 0 0 0 0 X 0 0 0 X 0 0 X X 0 0 0 0 0 0 0 0 0 0 X 0 0 X 0 0 0 X 0 0 0 0 0 0 X 0 X
X 0 X X 0 0 0 0 0 0 X 0 0 0 0 0 0 0 X X X 0 X X 0 0 0 0 0 X X 0 0 0 0 0 0 0 0 0 X 0 0 0 X 0 X X 0 0 0 X 0 X X 0 X 0 0 0 X X 0 X 0 X 0 0 0 X 0 0 0 0 0 0 0 0 0 X 0 0 0 X 0 0 0 0 0 0 0 X X 0 0 0 0 0 0 0 0 0 0 0 X X 0 0 X 0 X 0 0 0 0 0 X 0 0 0 0 X X 0 0 X 0 0 0 0 0 X 0 0 0 0 X 0 X 0 0 X 0 0 X 0 0 0 X 0 X 0 0 X 0 0 0 0 0 0 X X 0 0 X X 0 0 0 0 0 X 0 0 0 0 0 0 X 0 0 0 0 X 0 0 0 0 0 X 0 0 0 0 0 0 X X X 0 0 0 0 0 0 0 0 0 0 0 0 0 0 0 0 0 0 X 0 0 X 0 0 X 0 X 0 0 0 0 0 X X 0 0 0 0 0 0 0 0 0 0 0 0 0 X X 0 X 0 X 0 0 0 0 0 0 X 0 0 0 X 0 X X 0 0 0 0 0 0 0 0 0 0 0 0 X X X X 0 0 X 0 0 0 0 X 0 0 0 0 0 0 0 X X 0 X 0 0 0 X 0 0 0 0 X 0 0 0 0 X 0 X 0 0 0 X 0 0 0 0 0 0 0 0 0 X X X X 0 0 0 0 0 0 0 0 0 0 X 0 0 0 0 0 X X 0 X 0 0 0 0 0 0 0 X 0 0 X 0 0 0 X 0 0 X 0 0 0 0 0 0 0 0 0 0 0 0 0 0 0 0 0 0 0 X 0 0 0 X 0 0 0 X
X 0 0 0 0 X X 0 0 0 0 X 0 X 0 0 X 0 0 0 X 0 0 0 0 0 0 0 X X 0 0 0 0 X 0 0 X 0 X 0 0 X 0 0 0 0 0 0 X 0 0 0 0 0 0 0 0 0 X 0 0 0 0 0 X 0 0 0 0 0 0 0 0 0 0 X 0 0 0 X X 0 0 0 0 X 0 0 X 0 0 X 0 0 X 0 0 0 0 0 0 0 0 0 0 X 0 0 X X 0 0 0 0 0 0 0 0 X 0 X 0 0 0 X 0 0 X X 0 0 0 0 0 0 0 0 X X 0 0 0 0 0 0 0 X 0 0 0 0 0 X X 0 0 0 0 0 0 0 0 X 0 0 0 0 0 0 0 X 0 0 0 0 0 0 X 0 0 X 0 0 X X 0 X 0 0 X X 0 X X 0 0 X 0 0 0 0 X 0 0 0 0 0 0 0 0 0 0 0 0 0 0 0 0 X 0 X 0 0 0 X 0 0 0 0 0 0 0 0 0 0 0 0 0 0 0 0 0 0 X 0 0 0 0 X 0 0 0 0 0 0 0 0 0 0 0 X 0 X 0 0 X 0 X 0 0 0 0 0 0 0 X 0 0 0 0 0 X X 0 0 0 0 0 X 0 0 0 0 0 0 X 0 0 0 X 0 0 0 0 0 0 0 0 X 0 0 0 0 X 0 0 0 0 X 0 0 X 0 0 0 0 X 0 0 X 0 0 0 X X X 0 0 0 0 0 0 X 0 0 X 0 0 0 0 0 0 0 0 0 0 0 0 0 0 X X 0 0 0 0 0 0 0 0 0 0 0 0 0 0 0 X 0 X 0 0 0 0 0 0 X 0 X 0 X 0 0 0 0 0 0 X X
X 0 0 0 0 0 0 0 0 0 0 0 0 X X 0 0 0 0 0 0 0 X 0 0 0 0 0 0 0 X 0 0 0 X X X 0 0 0 0 0 0 0 X 0 0 0 0 0 X 0 0 0 X 0 0 0 0 0 0 0 0 0 0 0 0 0 X 0 0 X 0 0 0 0 0 0 0 0 0 0 0 0 0 0 0 0 0 0 0 X 0 0 0 0 0 0 0 0 0 0 0 0 0 X X 0 0 0 0 0 0 X 0 0 0 X 0 0 0 0 0 0 0 0 0 0 0 0 0 0 X X 0 0 0 0 0 0 0 0 0 0 0 0 0 X X 0 0 X X 0 0 0 0 X 0 0 0 0 0 0 X 0 0 X 0 0 0 X 0 0 0 0 X 0 0 0 0 0 0 0 0 X 0 0 0 0 0 0 0 X 0 0 0 0 0 0 X 0 0 0 0 0 0 0 0 0 0 0 0 0 0 0 X 0 0 0 0 X X 0 0 0 0 0 0 0 X 0 0 X 0 0 0 0 0 0 X X 0 0 0 X X 0 0 X 0 0 0 0 X X 0 0 0 0 0 0 0 X 0 0 0 0 X 0 0 0 X 0 X 0 X 0 X 0 0 0 0 0 X X 0 0 X 0 X 0 X 0 0 0 0 X 0 X 0 0 0 0 0 0 0 0 0 X 0 X 0 0 0 0 0 0 0 0 X 0 0 0 0 0 0 0 X 0 0 0 0 0 0 0 0 0 0 0 0 0 0 0 0 0 0 0 0 0 0 0 0 0 0 0 0 0 X 0 0 0 0 0 0 0 0 X 0 X 0 0 0 X 0 0 0 0 X 0 0 0 0 0 0 0 0 X 0 0 0 0 0 0 0 X 0 0 X X
X 0 0 0 X X X 0 0 0 0 X 0 X X X 0 X 0 0 0 0 0 0 X X 0 0 0 0 0 0 0 X 0 0 0 0 X 0 0 0 0 0 0 0 0 0 0 0 0 0 0 0 X X 0 0 0 0 0 X 0 X X 0 0 X 0 0 0 0 0 X 0 0 0 0 0 0 0 0 0 0 0 0 0 0 0 0 0 0 X 0 0 0 0 0 0 X 0 0 0 0 0 0 X X 0 0 0 0 0 0 0 0 0 0 0 0 0 0 0 0 0 0 0 0 0 0 0 X 0 X X 0 0 0 X 0 0 0 0 0 X 0 0 0 0 0 0 0 0 0 0 0 0 0 0 X 0 0 0 0 0 0 0 0 0 X X 0 0 0 X 0 X 0 0 0 X 0 0 X 0 X 0 X X 0 0 0 0 X 0 0 0 X 0 0 0 0 X 0 X 0 0 0 0 0 0 0 0 0 0 0 0 0 X 0 0 0 0 0 0 X X 0 0 0 0 0 0 0 0 0 0 X X 0 0 0 0 0 0 0 0 X 0 0 0 0 X X 0 0 0 0 0 0 0 0 0 0 0 0 0 X 0 0 0 X X 0 0 0 X 0 0 0 X X 0 0 0 0 0 0 0 X X X 0 0 X 0 0 0 0 0 X X X 0 0 0 0 0 X 0 0 0 0 X 0 0 0 0 X X 0 X 0 0 X 0 0 0 X 0 0 0 0 0 0 0 X 0 X 0 0 0 0 0 0 0 0 0 X 0 X 0 X 0 X 0 0 X X 0 0 0 0 0 X 0 0 0 0 0 X 0 0 0 X 0 0 0 0 0 0 0 0 0 X 0 X 0 0 0 X X 0 0 X 0 0 0 0 X
X 0 0 X X 0 0 X 0 0 0 0 0 0 0 0 0 0 0 0 0 X 0 0 0 0 0 X 0 X 0 0 X 0 X X 0 0 0 0 0 X 0 0 0 0 0 0 X 0 0 0 X 0 X X 0 0 X X 0 0 0 0 X 0 X X 0 X 0 X 0 X X X X X 0 0 0 0 X 0 X 0 0 0 0 0 0 X 0 0 0 X 0 0 0 0 0 0 0 0 0 0 X X X 0 0 0 X 0 0 0 0 0 X 0 0 0 0 0 0 0 0 0 0 0 0 0 0 0 0 0 0 0 X 0 0 0 0 0 0 X 0 0 X 0 0 0 0 0 0 0 0 0 0 X 0 X 0 0 0 0 X 0 X 0 0 X 0 0 0 0 0 X 0 0 0 0 0 0 0 0 0 0 0 X X 0 0 0 0 0 0 0 0 0 X X 0 X X 0 X 0 0 X X 0 X X X 0 0 X 0 0 0 0 0 0 0 0 0 X 0 0 0 X X 0 0 0 0 0 0 0 0 X 0 0 0 0 0 0 0 X 0 0 0 X 0 0 0 0 0 X 0 0 0 X 0 0 0 0 0 X 0 X X X 0 0 0 0 0 0 0 0 X X 0 X 0 0 0 0 0 X 0 0 0 0 0 X 0 0 0 X 0 0 0 0 0 0 X 0 0 0 0 0 0 0 X 0 0 X 0 0 0 0 0 0 0 0 0 0 X 0 0 0 0 0 X 0 0 0 0 X 0 X 0 0 X 0 0 0 0 0 0 0 0 0 0 0 X 0 0 0 0 0 X 0 0 0 0 0 0 0 0 0 0 0 0 0 0 0 0 0 X 0 X 0 0 0 0 0 0 0 X 0 0 X 0 0 0 X
X 0 0 0 0 0 0 X 0 0 0 0 X 0 0 X 0 0 0 0 0 0 0 0 0 0 0 X 0 0 0 0 0 0 0 0 0 0 0 X 0 0 0 0 0 X 0 0 0 0 0 0 0 0 0 0 0 0 X 0 0 0 0 0 0 0 X 0 0 0 X 0 0 X 0 0 0 0 0 X 0 0 0 0 0 0 0 0 0 0 0 0 X 0 X 0 0 0 0 X X X X 0 0 0 0 0 X X 0 0 0 0 0 0 0 0 0 0 0 0 0 0 0 0 0 X 0 0 X X 0 0 0 0 X 0 0 0 0 0 X 0 X X 0 X 0 0 X 0 X 0 0 0 0 0 X X 0 0 0 0 X 0 0 X 0 0 0 0 X X 0 0 0 0 0 0 0 0 0 0 0 0 0 0 0 0 X X 0 0 0 0 0 0 0 0 X 0 0 0 X 0 0 0 0 X 0 0 0 0 0 0 0 0 0 X X X 0 X 0 X 0 0 0 0 0 0 0 0 0 X 0 0 0 X 0 X 0 0 0 X 0 0 0 X X 0 0 0 X 0 X X 0 0 X 0 0 0 0 X 0 X 0 0 0 0 0 0 0 0 0 X 0 0 0 X 0 X 0 0 X 0 0 0 0 0 0 0 0 X X 0 0 0 0 0 0 0 X 0 0 0 0 0 0 0 X X 0 0 X 0 X 0 0 0 0 0 0 0 0 0 X 0 0 X 0 X 0 0 0 0 X 0 0 0 0 0 0 X 0 0 0 0 0 0 0 0 0 0 0 0 0 X 0 0 0 X 0 0 0 0 0 X 0 0 0 0 0 0 X 0 X 0 0 0 X X 0 0 0 0 0 0 0 0 0 X 0 X 0 0 0 X
X 0 0 0 0 0 0 0 0 0 0 0 X X X 0 0 0 0 0 0 0 0 X 0 0 0 0 0 0 0 0 0 0 0 X 0 0 0 X X 0 X 0 0 X 0 0 0 X X 0 X X 0 0 0 0 0 0 0 0 0 X 0 X 0 0 0 0 0 0 0 0 0 0 0 0 0 0 0 X X 0 0 0 0 0 0 0 0 0 0 0 0 0 0 0 0 X X 0 0 0 0 0 0 0 X 0 0 0 0 0 0 0 0 0 0 0 0 X 0 0 X 0 X 0 0 0 0 0 0 X 0 0 0 0 X 0 X 0 0 X 0 0 0 X 0 0 0 0 X 0 0 X X 0 0 0 0 0 0 0 0 0 0 0 X 0 0 0 0 X 0 X 0 0 0 X 0 X 0 0 0 0 0 0 0 0 0 0 0 X X 0 0 X X 0 0 0 X 0 0 0 X X 0 0 0 0 X 0 X 0 0 X 0 X 0 0 X 0 0 0 0 0 X 0 0 X 0 0 0 0 0 0 0 0 0 0 0 0 0 X 0 0 0 X 0 0 0 0 X 0 0 X X 0 0 0 0 0 0 0 0 X 0 0 0 0 0 0 0 0 0 0 0 0 0 0 0 0 X 0 X 0 X 0 0 0 0 0 0 X 0 0 0 0 X 0 0 X X X 0 X 0 0 0 0 0 X 0 X 0 0 X 0 0 0 0 0 0 0 0 0 0 0 X 0 0 0 0 0 0 0 0 0 0 0 0 0 X X X 0 0 0 0 0 0 0 0 0 0 X 0 0 0 0 X 0 0 0 0 0 0 0 0 0 0 0 0 X 0 0 0 0 0 0 0 0 0 0 0 0 0 0 0 0 0 0 0 X 0 0 0 X
X 0 0 0 0 0 0 0 0 0 X 0 0 0 X 0 0 0 0 0 0 0 0 X 0 X 0 0 0 0 0 0 0 X 0 0 0 0 0 0 0 0 0 0 0 0 0 0 0 0 0 0 0 0 0 0 0 X X X 0 0 0 0 0 0 0 0 X 0 0 0 0 0 0 X 0 0 0 0 0 0 0 0 0 0 X 0 0 X 0 0 0 0 0 0 X 0 X 0 0 0 0 0 X 0 0 0 0 0 X 0 X 0 0 0 0 0 0 0 X 0 0 X 0 X 0 0 X 0 0 0 X 0 0 X 0 0 0 0 0 0 0 0 0 0 0 X X 0 0 0 0 X 0 0 X X X 0 X 0 0 0 0 0 X 0 0 0 X 0 X 0 0 X 0 X X 0 0 0 0 0 0 0 X 0 X X 0 0 X 0 0 X 0 0 0 X 0 0 0 0 0 0 0 0 0 0 0 X 0 X 0 X 0 0 0 0 0 0 0 X 0 0 0 0 0 X 0 0 0 0 0 0 X 0 0 0 0 0 0 0 0 0 0 0 X X X 0 0 0 0 X 0 X 0 0 0 0 X X 0 0 0 0 0 0 0 0 0 X 0 0 0 X 0 0 0 0 0 0 0 0 0 0 0 0 0 0 X 0 0 X 0 0 0 0 0 X X X 0 0 0 0 X 0 0 0 X 0 X 0 0 0 0 0 0 0 0 0 0 0 0 X 0 0 X 0 0 0 0 0 0 0 0 0 X 0 0 0 X 0 X 0 0 0 0 0 0 X 0 0 0 0 0 0 0 0 0 0 0 0 X 0 0 0 0 X 0 X X 0 0 0 0 0 0 0 X 0 0 0 X X 0 0 X X 0 X X 0 0 0 0 X
X 0 0 0 X 0 0 X X 0 0 0 0 X X 0 X X X 0 0 0 0 0 0 X 0 X 0 0 X 0 0 0 0 0 0 0 0 0 X 0 0 0 X 0 X X 0 0 0 X 0 0 0 0 0 0 0 0 X X 0 X 0 0 0 0 0 0 0 0 0 0 0 0 0 0 0 0 0 0 X 0 0 0 0 0 X 0 0 0 0 0 0 0 0 0 0 0 0 0 0 0 0 X X 0 0 0 0 X 0 0 0 0 0 0 0 0 0 X 0 X X 0 0 0 0 0 0 X 0 0 0 X 0 0 0 0 0 X X 0 0 0 0 0 0 0 0 X 0 X X 0 0 0 0 0 0 0 0 0 0 0 X 0 0 0 0 0 X 0 0 0 0 0 0 0 0 0 0 0 X X 0 0 0 0 0 0 X 0 X 0 0 X 0 0 0 0 0 0 0 0 0 0 0 X X 0 X 0 X 0 0 0 X 0 X 0 0 0 X 0 0 0 0 X 0 X 0 0 0 0 0 X 0 0 0 0 0 0 0 0 0 0 X 0 0 0 0 0 0 0 0 0 0 0 0 0 0 X 0 0 0 0 0 0 0 0 0 X 0 X 0 0 X 0 0 0 0 0 0 0 0 0 0 0 X 0 0 0 0 X 0 0 0 X X 0 0 0 0 X 0 X 0 0 0 0 0 X 0 0 0 0 0 0 X 0 0 0 X 0 0 0 0 0 X X 0 X 0 0 0 0 0 X X 0 X 0 0 X 0 0 0 0 0 0 0 0 0 0 X X 0 0 0 X 0 0 0 X 0 0 0 X X 0 0 0 0 0 0 0 0 0 0 0 0 X 0 0 X 0 0 0 0 0 X X 0 0 0 0 0 X
X 0 0 0 0 0 0 0 0 0 0 X X 0 0 0 0 0 0 0 0 X 0 0 X 0 0 0 0 0 0 0 X 0 0 0 X 0 X X X 0 0 0 0 0 0 0 0 0 0 0 0 0 X X 0 0 0 0 0 0 X X 0 0 X 0 0 0 0 0 0 0 0 0 0 0 0 0 0 0 X 0 0 X 0 X 0 0 0 X X 0 0 0 0 0 0 0 X 0 0 X 0 0 0 X 0 X 0 0 0 0 0 0 0 0 0 0 0 0 0 0 0 X 0 0 0 0 0 0 X 0 0 X 0 0 0 0 X 0 X 0 0 0 0 0 0 0 0 0 0 0 0 X 0 0 0 0 0 0 0 0 0 X X 0 0 X 0 0 X X X 0 0 0 X 0 0 0 0 0 0 0 X 0 0 0 0 X 0 0 0 0 0 0 0 X X X X 0 0 0 0 X 0 X 0 0 0 X X X 0 0 0 0 0 0 0 X 0 0 0 0 0 0 0 X 0 0 0 0 X 0 X X 0 0 X 0 0 0 0 X 0 0 0 0 0 0 0 0 X 0 0 0 0 0 X 0 X 0 X X 0 X X X 0 0 X 0 0 0 0 0 0 0 0 0 0 X 0 X 0 0 X 0 0 0 X 0 0 X 0 0 X 0 0 X 0 0 0 0 0 0 0 0 0 X 0 0 0 0 0 0 X 0 X 0 0 0 0 0 0 0 X 0 0 0 0 0 0 X 0 0 0 0 0 0 0 0 0 X 0 0 0 0 0 0 0 0 X 0 X X 0 0 X X X X 0 0 0 0 0 0 X 0 X 0 X 0 0 0 X 0 X 0 0 0 0 0 0 0 0 X X 0 0 0 0 0 0 X
X 0 0 0 X 0 0 0 X 0 0 0 X 0 0 X X X 0 X X 0 0 X 0 0 X 0 0 0 X X 0 0 0 0 0 0 0 0 0 0 X X 0 0 X 0 0 X 0 0 0 0 0 X X 0 0 X 0 X 0 X X 0 0 0 0 0 0 0 0 0 0 0 X 0 0 0 X X 0 0 0 0 X X 0 0 0 X 0 0 0 0 0 0 0 0 0 0 X 0 0 0 0 X 0 X X 0 0 X 0 0 X 0 0 0 0 0 0 0 0 0 0 X 0 0 0 0 0 0 0 X 0 0 0 0 X 0 0 0 0 0 0 X 0 0 X 0 0 0 0 0 0 0 0 X 0 0 0 X 0 X X 0 X X 0 X 0 0 0 0 X 0 0 0 0 0 0 X 0 X X 0 X X X 0 X 0 0 0 X 0 X 0 0 0 0 0 0 0 0 0 0 0 0 X 0 X X 0 0 0 0 0 0 0 X X 0 0 0 0 X 0 X 0 0 0 X 0 0 0 X 0 0 0 0 0 0 0 0 0 0 0 0 0 X 0 0 X 0 0 0 X 0 0 0 0 0 0 0 0 0 0 0 0 X 0 0 X 0 X 0 X X X 0 0 0 0 0 0 0 0 X 0 0 0 0 0 0 0 0 0 X 0 0 0 0 X 0 X 0 0 X 0 0 0 0 X X 0 0 X 0 0 0 0 0 0 0 0 0 X 0 0 0 0 X X 0 0 0 0 0 0 0 X 0 0 0 X 0 X X 0 0 0 0 0 0 0 X 0 0 X 0 0 0 0 0 X 0 0 0 0 0 0 0 0 0 0 X 0 X 0 0 0 0 0 0 0 0 0 0 0 X 0 0 0 0 X X X
X X X X 0 0 0 0 0 0 X X 0 0 0 0 0 0 X 0 0 0 0 0 X 0 X 0 0 0 0 X 0 X X 0 0 0 X 0 0 0 0 0 0 0 0 0 X X 0 0 0 X 0 0 X 0 0 0 0 0 0 0 0 X 0 X 0 0 X 0 0 X X X 0 X 0 X 0 0 X X 0 0 0 0 0 0 0 0 0 0 0 0 0 0 X X X 0 0 0 0 0 0 0 0 0 0 0 0 0 0 0 0 0 0 0 0 X 0 0 0 0 0 0 0 X 0 X 0 0 0 0 0 X 0 0 0 0 X 0 0 0 0 0 0 X X 0 0 0 X 0 X X 0 0 0 0 0 0 X 0 0 0 0 0 X 0 0 0 X 0 0 0 0 0 0 0 X X 0 X X 0 0 0 0 0 X 0 0 0 0 0 0 0 0 0 0 0 0 0 X 0 0 0 0 X 0 0 0 0 0 0 0 0 0 0 0 0 0 0 0 0 0 0 0 0 X 0 0 0 0 X X 0 X 0 0 0 0 0 X 0 0 0 0 X 0 0 0 0 0 X X X 0 0 0 0 0 0 0 0 0 0 0 X 0 X 0 0 0 0 0 0 0 0 0 0 0 0 0 0 0 0 X 0 0 X 0 0 0 0 0 X 0 0 0 0 0 0 0 0 X 0 0 0 0 0 0 X X X X 0 0 0 0 0 0 0 X 0 0 0 0 0 0 0 0 0 0 0 0 X 0 0 0 0 0 X X 0 0 0 0 0 0 0 0 0 0 0 0 0 0 0 X 0 0 X 0 X X X X X 0 X 0 0 X 0 0 X 0 0 0 X X 0 0 0 X 0 0 X 0 0 0 X 0 X X X
X 0 0 X 0 0 0 0 0 0 X 0 0 0 0 X 0 X 0 0 0 X 0 0 X 0 0 0 X 0 0 0 0 0 0 0 X 0 X 0 0 X 0 0 0 0 0 0 X 0 0 0 0 0 0 0 0 0 0 0 0 X 0 X X 0 0 0 0 0 X 0 0 0 X 0 X 0 X 0 0 0 0 0 0 0 X 0 0 0 0 X 0 0 X 0 0 0 0 0 0 0 X 0 0 0 0 0 X 0 0 0 0 0 0 0 0 0 0 0 0 X 0 0 X 0 0 0 X 0 X 0 0 X 0 X 0 0 X 0 0 0 0 X X 0 0 0 0 X 0 0 0 0 0 X 0 0 0 0 0 0 0 0 X 0 0 0 0 0 0 X 0 0 0 0 X 0 X 0 0 0 0 0 0 0 0 0 0 0 0 0 0 0 0 0 0 0 0 0 0 0 0 0 0 0 0 0 X 0 0 0 0 0 X 0 0 X 0 X 0 0 0 X X 0 0 0 0 0 0 0 0 0 0 0 0 X X 0 X 0 X 0 0 0 0 0 0 0 0 0 0 0 0 0 X 0 X 0 0 X X X 0 X 0 X X 0 0 0 0 0 X 0 0 X X X 0 0 0 0 0 0 0 0 0 0 0 0 0 0 0 0 0 X X X 0 0 0 0 X 0 X 0 X 0 X 0 0 0 0 0 X X 0 X 0 0 0 0 0 0 0 X X 0 X 0 0 0 0 0 0 0 X 0 0 X X X X 0 0 0 X X 0 X 0 0 0 0 0 0 0 0 0 0 0 0 X 0 0 0 0 0 0 0 X 0 0 X 0 0 0 0 0 0 X 0 0 0 0 X 0 0 0 0 0 0 0 0 0 0 0 X
X X X 0 0 0 0 0 0 0 X 0 0 0 0 0 0 0 0 0 X X 0 0 0 0 0 0 0 0 0 0 0 0 0 X 0 0 0 0 0 0 X 0 X 0 0 0 X 0 X 0 0 0 0 0 0 0 0 0 0 0 0 0 0 0 0 0 0 0 0 0 0 0 0 0 X 0 X 0 X X X 0 0 0 X 0 X X 0 0 0 X X 0 X 0 X X X X 0 0 0 X 0 0 0 0 0 0 0 0 0 X 0 0 0 X X 0 0 0 0 0 0 0 0 0 0 0 0 0 0 X 0 X 0 0 0 0 0 0 X 0 X X 0 0 X X 0 0 0 0 0 0 0 X X 0 0 0 X X 0 0 0 0 0 0 0 0 0 0 0 0 0 X 0 0 0 X 0 0 0 0 0 0 X 0 X 0 0 0 0 0 0 X X 0 0 0 X 0 0 0 0 0 0 X 0 0 0 0 0 0 X 0 0 0 X X 0 0 0 0 X 0 0 0 0 0 0 0 X 0 0 0 0 0 0 0 X 0 0 0 X 0 0 0 0 0 0 0 X X 0 0 0 0 0 0 0 X 0 0 X 0 X 0 0 0 0 0 0 X 0 0 0 X 0 0 0 0 0 0 0 X 0 0 0 X X X X 0 0 0 X 0 X X 0 X 0 X 0 0 0 X X 0 0 0 0 X 0 0 0 0 0 0 0 0 0 0 0 0 X 0 0 0 0 0 0 X 0 0 0 0 0 0 0 0 0 0 0 0 0 0 0 0 0 0 0 X 0 0 0 0 X 0 0 0 0 X 0 0 0 X 0 0 0 X 0 0 0 0 0 0 0 0 X 0 0 0 X 0 0 0 0 0 0 0 0 0 0 X
X 0 0 0 X 0 0 0 X 0 0 0 0 0 X 0 0 X 0 0 0 X X 0 0 0 0 0 0 0 0 X 0 0 X 0 X 0 0 0 0 0 0 0 0 0 0 0 0 0 0 0 0 0 X 0 X X 0 0 0 0 X 0 0 0 0 0 0 0 0 X 0 0 0 0 0 X 0 0 X 0 0 X 0 0 0 0 0 0 0 0 X 0 0 0 0 0 X 0 0 X 0 0 0 0 0 0 0 0 0 0 0 0 0 0 0 0 X 0 X 0 0 X 0 0 0 X 0 X 0 0 0 0 0 0 0 X 0 0 0 0 0 X X 0 0 0 0 0 0 0 0 0 0 0 0 0 0 0 0 X 0 0 0 0 0 0 0 0 X 0 0 0 0 0 0 X 0 0 0 0 X 0 X 0 0 0 0 0 0 0 0 0 0 X 0 0 0 0 X 0 0 0 0 0 0 0 0 0 X 0 0 0 0 0 0 0 0 X 0 0 0 X X 0 0 0 0 0 0 0 X 0 0 0 X 0 0 0 X 0 0 0 X X 0 0 X 0 X 0 X 0 X 0 0 X 0 X 0 0 0 0 X 0 0 0 0 0 0 0 X 0 X X 0 0 0 0 X 0 X 0 X 0 X 0 0 0 0 X 0 0 X 0 0 X 0 X 0 0 0 0 0 0 0 0 0 0 X 0 0 0 0 0 X X 0 0 0 0 X 0 0 0 X 0 0 X 0 0 0 0 0 0 X 0 0 X X 0 0 0 0 X 0 0 0 0 0 0 0 0 0 0 0 0 0 0 0 0 X 0 X 0 X 0 X 0 0 0 0 0 0 X 0 0 0 0 0 0 0 0 0 0 X 0 X X X 0 0 0 X 0 0 0 0 X
X 0 X 0 0 0 0 X 0 X 0 0 0 0 0 0 0 0 0 X 0 0 0 0 0 0 0 0 0 0 0 0 0 X 0 0 0 0 0 0 0 0 0 0 X 0 X X 0 0 X 0 X 0 0 0 0 0 0 0 0 0 X X 0 0 0 X 0 X X 0 0 0 0 0 0 0 0 0 0 0 0 X 0 0 0 X 0 0 0 0 0 0 0 0 X 0 0 0 0 0 X 0 0 X 0 X 0 0 0 0 0 0 0 0 0 X 0 0 0 0 0 0 0 X 0 0 0 0 X 0 0 0 0 0 0 X X X 0 0 0 0 0 X 0 0 0 0 0 0 0 0 X 0 0 0 0 0 0 0 0 0 0 0 0 0 0 0 0 0 0 0 0 0 0 X 0 0 0 0 0 0 0 0 0 0 X X X 0 X 0 0 X 0 0 0 0 X X 0 0 0 0 0 0 0 0 0 0 0 X 0 0 0 0 0 0 0 0 0 0 0 0 0 X 0 0 X 0 0 0 0 0 0 0 0 0 0 0 0 X X 0 0 0 X 0 X 0 0 0 X 0 0 0 0 0 0 X 0 0 0 X 0 0 X 0 X 0 0 X 0 0 0 0 0 0 0 0 0 0 X 0 0 X 0 0 0 0 0 0 0 X 0 0 0 0 0 0 0 0 X 0 0 0 0 0 0 X 0 X 0 0 X X 0 0 0 0 0 0 0 X 0 0 X 0 X 0 X 0 0 0 0 0 0 X X 0 0 0 0 0 0 0 0 0 0 0 0 0 0 0 0 0 0 0 0 0 0 X X 0 X 0 0 0 0 0 X 0 0 X X 0 0 0 0 0 0 X 0 0 0 X 0 0 0 0 0 0 0 0 0 X 0 X
X 0 0 0 X 0 0 0 0 0 0 0 0 X 0 0 X 0 0 0 0 0 0 0 0 0 X 0 0 0 0 0 X 0 X 0 X 0 0 0 0 X 0 0 0 0 0 0 X 0 X X 0 X 0 X X 0 0 0 0 X 0 X 0 0 0 0 X 0 X 0 0 X X 0 X X 0 X 0 0 X 0 X X 0 0 0 0 0 0 0 0 0 0 0 0 0 X X 0 0 X 0 0 X 0 0 X 0 0 X 0 0 0 0 0 0 0 0 X 0 0 0 0 0 0 0 0 X 0 0 0 0 0 0 0 0 0 0 0 0 X 0 0 0 X X 0 0 0 0 0 0 0 0 X 0 0 0 0 X X X 0 0 0 0 0 0 X 0 0 0 0 0 0 0 0 0 0 X 0 0 X 0 0 0 0 0 0 0 0 0 X X 0 0 0 0 0 0 0 0 0 0 0 0 0 0 0 X 0 0 0 0 0 0 X X 0 X 0 0 X 0 0 X 0 0 0 X 0 X 0 X 0 0 X 0 0 0 X 0 0 X X X 0 0 0 0 0 X 0 0 0 0 0 0 0 X 0 0 X X 0 0 X 0 0 X 0 X 0 0 0 0 0 0 0 X X 0 X X X 0 X X 0 0 0 X 0 0 0 0 0 0 0 0 0 0 0 X 0 X X 0 0 0 0 X 0 0 0 X 0 0 0 0 0 0 X 0 0 0 0 0 X X 0 X X 0 0 0 0 0 0 X 0 0 X 0 0 0 0 0 0 X 0 0 0 X X 0 0 0 0 0 X 0 X 0 X 0 0 0 X X 0 0 0 0 X 0 0 0 0 0 X 0 X 0 0 0 0 0 0 X X 0 X 0 X 0 X
X 0 X 0 0 0 X 0 0 X 0 X 0 0 0 X 0 X 0 0 0 X 0 0 0 0 0 0 X X 0 X 0 0 0 X X 0 0 0 0 0 X 0 X 0 0 0 X X 0 0 0 0 0 0 0 0 0 0 X 0 X X 0 0 0 0 0 X 0 0 X 0 0 0 0 0 0 0 0 0 X 0 0 X 0 0 0 0 0 0 0 0 0 X 0 0 0 X X X 0 0 0 0 0 0 0 0 0 X 0 X 0 0 0 0 0 0 X 0 X X 0 X 0 0 0 X 0 0 0 0 X 0 X X 0 0 0 0 0 0 0 0 0 X 0 0 0 0 0 X 0 X 0 0 0 X 0 X 0 X 0 0 0 0 0 0 X 0 0 0 0 X 0 0 0 0 0 0 0 0 0 0 0 0 X 0 0 0 0 0 0 0 X 0 0 X 0 0 X 0 0 0 X 0 0 0 0 0 0 X X 0 0 X X 0 0 0 0 0 0 0 0 0 0 0 0 0 0 0 0 0 0 0 0 0 0 X 0 0 0 0 X 0 0 0 0 0 0 0 X 0 0 0 X 0 X X X 0 0 X 0 0 0 X X 0 0 0 0 0 X 0 0 0 0 0 0 0 0 X 0 0 0 0 0 0 0 0 0 X 0 0 0 0 0 0 0 0 X X 0 0 0 0 0 0 X X X 0 X X 0 0 0 0 0 0 X 0 0 0 0 0 0 0 0 X 0 0 X 0 0 0 X 0 0 0 0 0 X 0 0 0 0 0 0 0 X X 0 0 0 0 0 X 0 0 0 0 X 0 X 0 0 X 0 0 X 0 0 0 0 0 X 0 0 0 0 0 X 0 0 0 0 0 0 X 0 0 0 0 0 X
X 0 0 0 X 0 0 0 0 0 0 0 X 0 0 X 0 X 0 X X X 0 0 X X 0 0 0 0 0 X 0 0 X 0 0 0 0 0 0 0 0 0 0 0 0 0 X X X 0 0 0 0 X 0 0 X 0 0 0 X 0 X 0 X 0 0 0 0 0 0 X 0 0 0 0 0 0 0 0 0 0 0 0 0 0 X 0 X 0 X 0 0 0 0 X 0 0 0 0 X 0 0 0 0 0 X 0 X 0 0 0 X X 0 0 0 0 0 X X 0 0 0 0 X 0 0 0 0 0 0 0 0 0 X X 0 0 0 0 0 0 0 0 0 0 0 0 0 X 0 X 0 0 0 0 0 0 0 0 0 X 0 X X 0 0 0 0 0 0 X 0 0 0 0 0 0 X 0 0 0 0 0 0 0 0 X X 0 X 0 0 0 0 X 0 X X 0 0 0 X X X 0 X 0 0 0 0 0 0 0 0 0 0 0 0 0 0 0 X X 0 0 0 0 0 0 0 X 0 0 0 X 0 0 X 0 0 X 0 0 0 0 0 0 X 0 X 0 0 0 0 0 0 X 0 0 0 0 0 0 0 0 0 X 0 0 0 0 X 0 0 0 0 0 0 0 X 0 0 X 0 0 0 0 0 0 0 0 0 0 0 0 X X 0 0 0 0 0 0 0 0 0 0 0 0 X 0 0 0 0 0 0 0 0 0 0 0 0 0 0 0 0 X 0 X 0 0 0 0 0 0 0 0 0 X 0 X 0 X 0 0 0 0 0 0 0 X 0 0 0 0 0 0 0 0 0 0 0 0 0 0 0 0 0 0 X 0 0 0 0 X 0 X 0 0 X 0 0 0 0 0 0 X X 0 0 0 0 0 0 0 X
X 0 0 0 0 0 X 0 0 X 0 X 0 X 0 0 0 0 0 0 0 X 0 0 X 0 0 X 0 0 X X 0 0 0 0 0 0 0 0 0 0 0 0 0 0 0 X X 0 0 0 X 0 0 0 X 0 0 0 X X X 0 0 0 X 0 0 X 0 X X X 0 0 X X 0 X 0 0 0 0 0 0 0 0 0 0 0 X 0 X 0 0 0 X 0 X 0 0 0 0 0 0 X 0 0 0 0 X 0 X 0 0 0 X 0 0 0 0 0 0 0 0 0 0 0 0 0 X 0 X 0 0 0 X 0 X 0 0 0 0 0 0 0 X 0 0 0 0 0 0 0 0 0 0 0 0 0 0 0 0 0 X X 0 0 0 X 0 0 X 0 0 0 0 0 X 0 0 0 X 0 0 0 0 0 0 0 0 X 0 0 0 0 0 X 0 0 0 0 0 0 X X X 0 0 0 X X 0 X 0 0 0 0 X 0 0 0 0 0 0 0 0 0 0 0 0 X X 0 0 0 0 0 0 0 0 X X X 0 X 0 0 0 X 0 0 0 0 0 0 0 0 X 0 0 X 0 0 X 0 0 0 0 0 X 0 0 X 0 0 0 X 0 0 0 0 0 0 0 0 X X 0 0 X 0 X 0 0 X 0 0 X 0 0 0 0 0 0 0 X 0 0 X 0 0 X X 0 0 0 0 0 0 0 0 0 0 0 0 0 0 0 0 0 0 0 0 0 0 0 0 0 X X X 0 0 0 X X 0 0 0 0 0 0 X 0 0 X 0 0 0 0 0 0 0 0 0 0 X 0 X 0 0 0 0 0 0 X X 0 0 0 0 0 0 0 0 0 0 0 0 0 0 0 0 X 0 0 0 X
X 0 0 0 0 0 X 0 0 0 0 0 0 0 0 0 0 0 0 0 0 X X 0 0 0 0 X 0 0 0 0 0 0 X 0 0 0 X 0 0 0 0 0 0 0 0 0 0 0 0 0 0 0 X 0 X 0 0 0 0 0 X 0 0 X 0 0 0 0 0 X 0 X 0 0 0 0 0 0 0 0 X 0 0 X 0 0 0 0 0 0 X X 0 0 0 0 0 0 X 0 X 0 X 0 0 0 0 X 0 0 0 0 0 X X X 0 0 0 X 0 X 0 0 0 X X 0 0 0 0 0 0 0 X 0 0 0 X 0 0 X 0 0 X 0 X 0 X X 0 X 0 0 0 0 X X 0 0 0 X 0 0 0 0 0 0 0 X 0 0 0 0 0 0 0 0 X X 0 0 X X 0 0 X X X 0 0 0 0 0 0 0 0 0 0 0 0 X 0 0 0 0 0 0 0 0 0 0 0 0 0 0 0 0 0 0 0 X 0 0 0 0 X 0 0 0 0 X 0 0 X X X 0 0 0 X 0 0 X 0 0 0 0 0 0 0 0 0 0 0 0 0 X 0 X 0 X 0 0 0 X 0 0 0 X 0 X 0 0 0 0 0 0 0 0 0 0 0 0 X 0 0 0 0 0 0 0 0 0 0 0 0 X 0 X 0 0 0 X X 0 0 0 X 0 0 0 X 0 0 0 0 0 0 0 0 0 0 0 0 0 0 0 0 0 X 0 0 0 0 0 0 0 0 0 0 0 0 X 0 X 0 0 0 0 0 X 0 0 0 0 0 X 0 0 0 0 X 0 0 0 0 0 0 X X X 0 0 0 0 0 0 X 0 0 0 0 X 0 X 0 0 0 0 0 0 0 0 0 0 0 X
X 0 0 0 0 0 0 0 X 0 0 0 X 0 0 X X 0 0 X 0 X X 0 0 0 0 0 0 0 0 0 0 X 0 0 0 0 0 0 X X 0 0 0 0 0 X X 0 X X 0 0 0 0 0 0 X 0 0 X 0 0 0 0 0 X 0 X 0 0 0 X X 0 0 X 0 0 0 0 0 0 0 0 X 0 X 0 0 0 0 0 X 0 0 0 0 0 0 X 0 0 0 0 0 0 0 X 0 0 X 0 0 0 0 0 0 0 0 X 0 0 0 X X X 0 X X 0 0 0 X 0 0 0 0 0 0 0 0 0 0 0 0 0 0 0 0 0 0 0 0 X 0 0 0 X 0 0 X X 0 0 0 X 0 0 0 X X 0 0 0 X 0 0 0 0 X 0 0 0 0 X X X X X 0 0 0 0 X 0 0 X 0 0 X 0 0 0 0 X 0 X X X 0 X 0 X 0 0 0 0 0 0 0 0 0 X X 0 0 0 0 0 0 0 0 0 0 0 0 0 0 0 0 X 0 0 0 0 0 0 0 0 0 0 0 X 0 0 0 0 X 0 0 0 0 0 0 0 0 0 X 0 X 0 0 0 0 X 0 0 0 X 0 0 X 0 X 0 X 0 0 0 0 X 0 0 0 X 0 0 0 0 0 0 0 0 0 0 0 0 0 0 0 0 0 X 0 0 X 0 X X 0 0 0 0 0 0 0 0 0 0 X 0 0 0 0 0 0 0 0 X 0 0 0 0 0 0 X 0 0 0 0 0 0 X X 0 0 0 0 0 X 0 0 0 0 0 0 0 X X X X 0 0 0 0 0 X 0 X X 0 0 0 X X 0 X X 0 0 0 0 0 0 0 0 0 X
X 0 0 0 0 X 0 0 0 X 0 0 X 0 0 X 0 0 0 0 0 0 0 0 0 X 0 0 0 0 0 0 X 0 0 0 X 0 0 0 0 0 0 X 0 0 X 0 0 X X 0 X 0 0 0 0 0 0 0 0 0 X 0 0 0 0 0 0 X 0 0 0 0 X 0 0 0 0 0 0 0 0 0 0 0 0 X 0 0 X X 0 0 X 0 0 0 0 0 X 0 0 0 0 X 0 0 0 X 0 0 0 0 0 X 0 0 X X 0 0 0 0 0 X 0 0 0 0 0 0 0 X 0 0 0 0 0 0 0 0 0 0 0 0 X 0 0 0 0 0 0 X X 0 0 0 0 0 0 0 0 0 0 0 X X 0 0 X 0 0 0 0 0 0 0 0 X 0 X X 0 0 0 X X 0 0 X 0 0 0 0 0 0 X X 0 0 0 0 0 X 0 0 0 0 0 X X 0 0 X X 0 0 X 0 0 0 X 0 0 0 0 X 0 X 0 0 0 0 0 0 0 0 0 X 0 0 0 0 0 0 0 X 0 0 0 0 0 0 0 0 0 0 0 0 0 0 0 0 0 0 0 0 0 0 X X X 0 X 0 0 0 0 0 0 0 0 0 X 0 0 0 X 0 X 0 0 0 X 0 0 0 X 0 0 0 0 0 0 X X 0 0 X 0 X X 0 X 0 0 0 0 0 0 0 0 0 0 0 X 0 0 0 0 0 0 0 0 X 0 0 0 0 0 0 0 0 0 0 0 0 0 0 0 X 0 0 X 0 X 0 0 0 0 0 0 0 0 0 0 0 X 0 0 0 0 X 0 0 0 0 0 0 0 0 0 X 0 0 0 0 0 X 0 0 0 X X 0 0 X 0 X
X 0 0 0 0 X 0 0 0 0 0 X 0 0 X X 0 X 0 0 0 0 0 X 0 0 X 0 X 0 0 X 0 0 0 0 0 0 0 0 0 0 0 X 0 0 0 0 X 0 0 0 0 0 0 0 0 X 0 X X X X 0 0 X X 0 0 0 0 X 0 0 0 0 X 0 0 0 0 0 X 0 0 0 X 0 0 0 0 0 0 0 0 0 0 0 0 0 X 0 0 0 0 0 X 0 0 0 0 X 0 0 X 0 X 0 0 0 0 X 0 X 0 0 0 0 0 0 0 0 0 0 0 0 0 0 X 0 0 X 0 0 0 X 0 0 0 0 0 0 0 0 0 0 0 X 0 X 0 0 0 0 0 0 0 0 X 0 0 0 0 X X 0 0 0 0 0 0 0 0 X 0 0 0 X 0 0 0 0 X X 0 0 0 0 0 0 0 0 0 0 X 0 0 X 0 0 0 0 0 0 0 0 0 X 0 X X 0 0 0 0 0 0 X 0 0 0 0 0 X 0 0 X 0 0 X 0 X 0 0 0 0 0 0 0 X 0 0 0 X X X 0 0 0 0 X 0 0 0 0 0 0 0 0 0 X 0 0 0 0 0 0 0 0 0 0 0 0 0 0 0 0 0 0 0 0 0 0 0 0 X X 0 0 0 0 0 0 0 0 0 0 0 0 X X 0 0 X 0 0 0 0 0 0 0 0 0 0 X X 0 0 0 0 0 0 0 0 X 0 X 0 0 0 0 0 0 0 0 0 X 0 0 0 0 0 0 X 0 X 0 X 0 0 0 X X 0 X 0 X 0 0 0 0 0 0 0 0 0 0 X 0 0 0 0 0 X 0 0 0 0 0 0 X X 0 0 0 0 X X 0 X
X 0 0 0 X 0 0 0 0 0 0 0 0 0 0 0 X 0 0 X 0 0 0 0 0 0 X 0 0 0 0 0 0 0 0 0 0 X 0 0 0 0 0 0 0 0 0 0 0 0 0 0 0 0 X 0 0 0 0 0 0 0 0 0 0 0 X 0 0 X 0 0 0 X 0 0 0 0 0 X 0 0 0 0 X 0 0 X 0 X 0 0 0 0 0 0 0 0 0 0 0 X 0 X 0 0 0 0 0 0 0 X X 0 0 0 0 X X 0 0 0 0 0 0 0 0 0 0 0 0 0 X 0 0 X 0 0 0 0 0 0 X X 0 0 0 0 0 0 X 0 0 0 X 0 0 X 0 X X 0 0 0 0 0 0 0 0 0 X X 0 0 X X X 0 0 0 0 0 X 0 X 0 0 0 0 0 0 0 0 0 0 0 0 0 0 X 0 0 0 0 0 0 0 0 0 0 0 0 0 0 X 0 0 0 X 0 X X 0 X 0 0 0 0 0 0 0 0 0 X 0 0 0 X 0 0 X 0 0 0 0 0 X X 0 0 0 0 0 0 0 X X 0 X 0 0 X X 0 0 0 0 0 0 0 0 0 0 0 0 0 0 X 0 0 X 0 X X 0 0 0 0 0 0 X 0 0 0 X 0 0 0 X 0 0 0 0 0 X X X 0 0 0 0 0 0 0 0 0 0 0 0 X 0 0 0 0 X X 0 0 0 0 0 0 0 X 0 X 0 0 0 0 0 0 X 0 0 0 0 0 0 0 0 0 0 0 0 0 X 0 X 0 0 0 0 0 0 X 0 X X 0 X 0 0 X 0 0 0 0 0 X X 0 0 0 X 0 0 0 0 X 0 0 X 0 0 0 0 0 0 X
X 0 0 0 0 0 0 X 0 0 0 0 X X X X X 0 0 0 X 0 0 0 0 0 X X 0 0 0 0 X 0 0 0 0 0 X 0 0 X 0 0 0 X X 0 0 0 0 0 0 0 0 X 0 0 X 0 0 0 0 0 0 0 0 0 0 0 0 0 0 0 0 X 0 0 X 0 0 0 0 0 0 0 X X 0 0 X 0 0 0 0 0 0 0 0 X 0 X X 0 0 X 0 0 X 0 0 0 0 0 X 0 0 0 0 0 0 0 0 0 0 0 0 0 0 0 0 0 0 0 0 0 0 0 0 0 0 0 0 0 0 0 0 0 0 0 0 0 0 X 0 0 0 X X 0 X 0 0 0 0 0 0 0 0 0 X 0 0 0 0 0 0 0 0 0 0 0 0 0 0 0 0 0 0 0 X X 0 0 0 0 0 0 X 0 X 0 X 0 0 0 0 0 0 X 0 0 0 X X X 0 0 0 0 0 0 0 0 0 0 0 X X 0 0 X 0 X 0 X 0 X 0 0 0 0 0 0 0 0 0 0 0 0 0 0 0 0 0 0 X 0 0 X 0 X 0 0 0 X 0 0 0 0 0 0 X 0 0 X 0 0 0 0 0 0 0 0 0 0 0 X 0 0 0 0 0 0 0 0 X X 0 0 0 0 0 X 0 0 0 0 0 0 0 0 X 0 0 0 0 0 0 0 0 0 0 0 0 0 0 0 X 0 0 X 0 0 0 X X 0 X 0 0 X 0 X 0 0 0 0 0 0 0 X 0 0 0 0 X 0 X 0 0 0 X 0 0 0 0 0 0 0 X 0 0 0 0 0 0 X 0 0 0 0 0 X X 0 0 X 0 0 0 X 0 0 0 0 0 X X X
X 0 0 0 0 0 0 X 0 0 0 0 X 0 0 0 0 0 0 0 0 X 0 X 0 0 0 0 0 X 0 0 0 0 0 0 0 0 X 0 0 0 0 0 0 X 0 0 0 0 0 0 0 X 0 0 0 0 0 X 0 0 0 0 0 X 0 0 0 0 0 0 X 0 0 X 0 0 0 X X 0 0 X X 0 0 0 X 0 0 0 0 0 0 0 X 0 0 0 0 X X 0 0 0 0 0 0 0 0 X 0 0 0 0 0 0 X 0 0 X 0 X 0 0 0 X 0 0 X 0 0 0 0 X 0 0 0 0 0 X 0 0 0 0 X 0 0 0 0 X 0 0 0 0 0 0 0 0 0 0 0 0 0 0 X 0 0 0 0 X X 0 0 0 0 0 X 0 0 X 0 0 0 0 0 0 0 0 X 0 0 X 0 X 0 0 0 0 0 0 0 0 0 X X 0 X 0 X X 0 0 0 0 0 0 0 0 0 0 0 0 0 0 0 0 0 0 0 X 0 0 0 X 0 0 0 0 0 0 0 0 X X 0 0 0 0 0 0 0 0 0 X 0 0 X 0 0 0 X X 0 0 0 0 0 X X 0 0 0 0 0 0 0 0 0 X X 0 0 X 0 0 0 0 0 0 0 X 0 0 0 0 X 0 0 0 0 0 0 0 0 0 0 X 0 0 0 0 0 0 0 0 0 0 X X X X X 0 0 0 0 0 X 0 X 0 0 0 0 X X 0 X 0 0 0 X 0 0 X 0 0 0 0 0 0 0 0 0 X X 0 0 0 0 0 0 X X 0 X 0 0 0 0 X 0 0 0 0 X 0 0 X 0 X X 0 0 0 X 0 X 0 X 0 X 0 X 0 0 X X
X 0 0 X 0 X 0 X 0 0 0 X 0 0 0 0 0 0 X 0 0 0 0 0 0 0 0 X 0 0 0 0 0 0 0 0 0 X X 0 0 0 0 X 0 0 0 0 0 0 0 0 0 X 0 X 0 0 0 0 0 0 0 0 0 0 0 0 0 X X 0 0 0 0 0 0 0 0 0 0 0 X 0 X 0 X X 0 0 0 0 0 0 0 0 0 0 0 0 0 0 0 0 0 0 X 0 0 0 0 0 0 0 X 0 0 0 0 0 X 0 0 X X 0 X 0 0 X 0 0 X X 0 X 0 0 0 0 0 X 0 0 0 X 0 0 0 X X 0 0 X 0 0 0 0 0 0 X 0 X 0 0 0 X 0 0 0 0 0 0 0 0 X 0 0 0 0 0 X 0 0 0 0 0 X 0 0 0 0 0 0 0 0 0 0 0 0 0 0 0 0 0 X 0 0 0 X 0 0 X 0 0 0 0 X 0 0 0 0 0 0 0 X 0 0 0 0 0 0 0 0 0 X 0 0 X 0 X X 0 0 0 0 0 0 0 X 0 X 0 0 0 0 0 0 0 0 0 0 0 0 0 0 0 0 0 0 X 0 0 0 X 0 0 0 0 0 X 0 0 0 0 X 0 X 0 0 X 0 0 0 X 0 0 0 X 0 0 0 0 0 0 0 0 0 0 0 0 0 0 X 0 0 0 X 0 0 0 0 0 0 X 0 0 0 X 0 X 0 0 0 0 X 0 X 0 0 X 0 0 0 0 0 0 0 0 X 0 0 0 0 0 0 0 0 X X 0 X 0 X 0 0 X 0 0 0 0 0 X 0 0 0 X X X 0 0 0 0 0 0 0 0 0 X 0 0 0 0 X 0 X X 0 X X
X X 0 0 X 0 X 0 0 0 0 0 0 0 0 0 0 0 X 0 0 0 0 0 0 X 0 X 0 X 0 X X 0 0 X 0 0 0 X X X 0 0 0 0 0 0 0 0 0 0 0 X 0 0 0 0 0 0 0 0 0 0 X 0 0 0 0 0 0 X 0 0 0 X 0 0 X X 0 0 0 0 0 0 0 X 0 0 0 0 0 0 0 0 0 0 X 0 X X 0 0 0 X X X 0 0 0 X X 0 0 0 X 0 X 0 0 0 0 0 0 0 X 0 0 0 0 0 0 0 0 0 0 X 0 0 0 0 0 X 0 0 0 0 0 0 0 0 X 0 0 0 0 0 0 X 0 X 0 0 X 0 0 X 0 0 0 0 0 0 0 0 0 0 0 0 X 0 0 0 X X 0 0 0 0 0 0 X 0 0 X X 0 X 0 X 0 0 0 0 0 0 X 0 0 0 0 0 0 0 0 0 0 X X X 0 0 0 X 0 0 0 X X 0 0 X 0 0 0 X 0 0 0 0 0 0 0 0 0 0 0 0 0 0 X 0 X 0 X 0 0 0 X 0 0 0 0 0 0 0 0 0 X 0 0 0 0 X 0 0 X 0 0 0 0 0 X 0 0 0 X 0 0 0 0 0 0 0 0 0 0 0 0 0 0 0 X X 0 0 0 0 0 0 0 0 0 X 0 0 X 0 X X X 0 0 X 0 0 0 X 0 0 X X 0 0 0 0 0 0 0 0 0 0 0 0 0 0 0 0 0 0 0 X 0 0 X X 0 0 X 0 0 0 0 0 0 0 X 0 0 0 0 0 0 X 0 0 X X 0 0 X 0 0 0 X 0 0 X 0 0 0 X 0 0 0 0 0 0 X
X 0 X 0 0 0 0 0 0 X 0 0 X 0 0 X 0 0 0 0 0 0 X 0 0 X 0 0 0 0 0 0 0 0 X 0 0 0 0 0 0 0 0 0 0 0 0 0 X 0 0 X 0 0 0 X 0 0 0 0 0 0 0 0 0 0 0 0 0 0 0 0 0 0 0 0 0 0 0 0 0 0 0 0 0 0 0 0 0 0 0 0 0 0 X 0 0 0 0 X 0 0 X 0 X 0 0 0 X X 0 0 0 0 0 X 0 X 0 0 0 0 0 X X 0 0 0 0 X X 0 0 0 0 X 0 0 0 0 0 X 0 0 X 0 0 X X X 0 0 0 0 0 0 0 0 0 X 0 0 X 0 0 0 0 0 0 0 0 0 0 0 X 0 0 0 0 0 X 0 0 0 0 0 0 0 0 0 0 0 X 0 X 0 X X 0 X 0 0 X 0 X 0 0 0 X 0 0 0 X X 0 0 0 X 0 0 0 0 0 0 0 X 0 0 0 0 0 0 0 X X 0 0 0 X 0 0 X X 0 0 0 0 0 0 0 0 0 0 0 X 0 0 0 0 0 X 0 0 0 X X X 0 0 X 0 0 0 0 0 0 0 0 X 0 0 0 0 0 0 0 0 0 0 X 0 X 0 0 X 0 0 0 X X 0 X 0 0 0 X 0 0 X 0 0 0 0 0 0 0 0 0 0 0 0 0 X 0 0 X 0 0 0 X 0 0 0 0 X 0 0 0 0 X X 0 0 0 0 0 0 0 0 0 0 0 0 0 0 X 0 0 X X 0 0 0 0 0 0 0 0 0 0 X 0 0 0 0 0 0 0 X 0 0 0 0 0 0 0 0 0 0 0 X 0 0 0 0 X 0 0 0 X
X 0 X 0 X 0 0 0 X 0 X 0 X 0 X X 0 X 0 0 X 0 X 0 0 0 0 0 X 0 0 0 X 0 X X 0 0 0 0 X X 0 0 0 X 0 0 0 X X 0 0 X 0 0 X 0 0 0 0 0 0 0 X 0 0 0 X 0 X 0 X 0 0 X 0 0 0 X 0 X 0 0 0 0 0 0 X 0 0 X 0 X 0 0 0 0 0 0 0 0 X 0 0 0 0 0 0 0 0 0 X 0 X 0 0 0 X X X 0 X 0 0 0 0 0 X 0 X X 0 0 0 X 0 0 0 0 0 X 0 X 0 X 0 0 0 0 0 0 0 0 0 0 0 0 0 0 0 0 0 0 0 X 0 0 X 0 0 0 X X 0 0 0 0 0 0 0 0 0 0 0 X 0 X 0 0 0 0 X 0 X 0 0 0 0 0 0 0 0 0 0 0 X 0 0 0 0 X 0 X 0 X 0 0 0 0 0 0 0 0 0 0 X 0 X 0 0 X X 0 0 0 0 X X X 0 X 0 0 0 0 0 X X 0 0 0 0 0 0 0 0 0 0 0 0 0 0 0 0 0 X X 0 0 X 0 X 0 0 0 0 X 0 X 0 0 X 0 X 0 0 0 0 X 0 0 0 0 0 X 0 0 0 0 X 0 X X 0 0 0 0 0 X X 0 X X 0 0 X 0 X 0 X X 0 0 X 0 0 0 0 0 0 X 0 0 0 X 0 0 0 0 0 0 0 X 0 0 0 0 0 0 0 X 0 0 X 0 X 0 0 0 0 0 0 0 0 0 0 0 0 0 X X 0 0 X 0 0 0 0 0 0 X X 0 0 0 0 0 0 0 0 X X 0 X 0 0 0 0 X
X 0 0 0 0 0 0 X 0 X 0 0 0 X 0 X X 0 0 0 0 0 0 0 0 0 0 0 0 0 0 X X 0 0 X 0 0 0 0 0 0 0 X 0 0 0 X 0 0 0 X 0 0 0 0 0 0 0 0 0 0 0 X 0 0 0 X X 0 0 0 X 0 0 0 0 0 0 X 0 0 0 0 0 0 0 0 0 0 0 X 0 0 0 0 X 0 0 0 0 0 0 0 0 0 0 0 X 0 0 0 0 0 0 0 0 0 0 0 X X X 0 0 X 0 0 0 X 0 X 0 0 0 0 0 0 X 0 0 0 0 0 0 0 0 X X 0 0 0 X 0 0 0 0 0 0 0 0 X 0 0 0 0 0 0 0 0 0 0 0 0 0 0 0 0 X 0 0 0 0 0 0 0 0 0 X 0 0 0 0 0 0 0 0 0 0 0 0 0 0 0 0 0 0 0 X 0 X 0 0 0 0 0 X 0 X 0 0 X X 0 0 0 0 0 0 0 0 X X X X 0 0 0 X 0 0 X 0 X X 0 0 0 0 0 X 0 0 X 0 0 0 0 X 0 X 0 X X 0 0 0 0 0 0 0 0 0 0 X 0 0 0 0 0 0 0 0 0 0 0 0 0 X 0 X 0 0 0 0 0 0 0 0 0 X 0 0 0 0 0 0 0 X 0 0 0 X 0 X X X X X 0 0 0 0 0 0 0 0 0 X 0 0 0 X X 0 0 0 0 X 0 0 0 0 0 0 0 0 0 0 0 0 X 0 0 0 0 X 0 0 0 0 0 0 0 X 0 0 0 0 0 0 0 X 0 X 0 0 0 X 0 0 0 0 0 X 0 0 0 0 X 0 0 0 0 0 0 0 0 0 X
X 0 0 0 0 0 0 0 0 0 0 0 X 0 0 0 0 0 0 X 0 0 0 0 0 0 0 0 0 0 0 0 0 X 0 0 X 0 0 0 0 0 0 0 0 0 0 X 0 0 X 0 X 0 0 0 0 0 0 0 0 0 0 0 0 0 0 0 0 0 0 X X X X 0 0 0 0 0 0 0 0 0 0 X 0 0 0 X 0 0 X 0 X X 0 0 X 0 0 0 0 0 0 0 0 0 X X 0 X 0 0 X 0 0 0 0 0 0 0 0 0 0 0 X 0 0 0 0 0 X 0 X 0 X 0 X 0 0 0 0 0 X 0 0 0 0 0 0 0 0 0 0 0 0 0 X 0 0 0 X X 0 X 0 0 X X 0 0 0 0 0 0 0 0 0 X X 0 0 0 0 0 0 0 X 0 0 0 0 0 0 0 0 0 X 0 0 X 0 0 0 0 X 0 0 X 0 0 0 0 0 0 0 0 0 0 0 X X 0 0 0 0 0 0 0 0 X 0 X 0 X 0 0 0 X X 0 0 0 0 0 X 0 0 0 0 0 0 X X 0 0 0 X 0 X 0 X 0 0 0 0 0 0 0 0 0 0 X 0 0 0 X 0 0 0 X 0 0 0 0 0 0 0 X X 0 0 0 0 0 X X 0 X 0 X 0 0 0 0 0 X 0 0 0 X X X 0 0 X X 0 0 0 0 0 0 0 X 0 X 0 0 0 0 X 0 0 X 0 0 0 0 0 X 0 0 0 0 0 X 0 0 0 0 0 0 0 0 0 X 0 0 0 0 0 0 0 0 X X X 0 0 X X 0 0 X 0 X 0 0 0 0 0 0 0 X 0 0 0 0 0 0 0 X 0 X 0 0 0 X
X 0 0 0 X 0 0 0 X 0 0 0 0 0 0 0 0 0 0 0 0 0 0 X X 0 X 0 0 0 0 X X 0 0 0 X X 0 0 X 0 0 0 0 X 0 0 0 X X 0 0 X 0 0 X 0 0 0 0 0 X X 0 0 0 X 0 X 0 0 0 0 X 0 0 0 X 0 X 0 X 0 0 0 0 0 0 0 0 0 0 0 0 0 X 0 0 X 0 0 0 0 0 X 0 0 0 0 0 0 0 X 0 0 0 0 0 X 0 0 0 0 0 X 0 0 0 0 0 0 0 0 0 0 0 X 0 0 0 0 X X 0 X 0 0 0 X 0 0 0 0 0 0 0 X 0 0 0 0 0 0 0 0 X X X 0 X 0 X 0 X 0 0 0 0 0 0 0 0 0 0 0 0 0 0 0 X 0 X 0 0 0 0 0 0 0 0 X 0 0 0 0 X X X 0 X 0 0 0 X 0 0 0 0 0 0 0 0 0 0 0 0 0 0 0 0 0 0 0 0 0 0 0 0 0 0 0 X 0 0 0 0 0 X 0 0 0 X 0 0 0 0 0 0 0 0 0 X 0 0 0 0 0 0 0 0 0 0 X 0 X 0 0 0 0 X 0 0 X X 0 0 X 0 X 0 0 0 0 0 0 0 0 0 0 0 0 0 0 0 0 0 0 0 0 0 X 0 X 0 0 0 0 0 0 0 X 0 0 0 0 X 0 X 0 X X X 0 0 X 0 0 0 0 0 0 0 0 0 0 0 0 0 0 0 0 0 0 X 0 X 0 0 0 X X X 0 X X 0 0 0 X 0 0 0 X X 0 0 X 0 X 0 X 0 0 0 0 0 0 0 0 0 0 0 X 0 0 0 X 0 X
X 0 0 0 0 0 0 X X 0 0 0 0 0 0 X 0 0 X 0 0 X 0 X 0 0 X 0 0 0 0 0 0 0 0 0 0 0 0 0 0 0 X 0 0 0 0 0 0 0 0 0 0 X 0 0 0 0 0 0 0 0 0 0 X 0 X X 0 0 0 0 X 0 0 0 0 X 0 X 0 0 0 0 0 0 0 0 0 0 0 0 0 0 0 X X 0 0 0 0 0 0 0 0 0 0 0 0 X 0 0 0 0 0 0 0 X 0 0 0 0 X 0 0 0 0 0 0 0 0 0 0 X 0 0 0 0 0 0 0 0 0 0 0 0 0 0 0 X 0 0 0 0 X 0 0 0 0 X X 0 0 0 0 0 X 0 0 X 0 0 0 0 X 0 0 X X 0 0 0 0 X X 0 X 0 0 0 0 0 0 0 0 0 X X 0 0 0 0 0 0 0 X 0 0 0 0 X X 0 X 0 0 X 0 X 0 0 0 0 0 0 X 0 0 X X X X 0 0 0 0 0 0 0 X X 0 0 X 0 X 0 0 0 0 0 X 0 X X 0 X 0 0 0 0 0 X X 0 0 0 0 0 0 0 0 0 0 0 0 0 X X 0 X 0 0 0 0 0 0 0 0 0 0 0 0 0 X 0 X X 0 0 0 0 X 0 0 0 X 0 0 0 X X X 0 X 0 0 X 0 X 0 0 0 0 0 0 0 0 0 0 0 0 0 0 0 0 X 0 0 0 0 0 0 X 0 0 X 0 0 X 0 0 X 0 X X 0 0 X 0 X 0 0 0 0 0 0 0 0 0 X 0 0 0 X 0 0 0 0 0 X 0 0 0 0 0 0 0 0 0 0 0 0 0 0 0 0 0 0 X
X 0 0 0 0 0 X 0 0 X 0 0 0 0 0 0 0 0 0 0 0 0 0 0 0 0 0 0 0 0 X 0 0 0 X 0 X X 0 X 0 0 0 0 0 X 0 0 0 X X X 0 0 0 0 0 X 0 X X 0 0 0 0 X X 0 0 0 0 0 0 0 0 0 0 0 0 0 0 0 X 0 X 0 0 0 0 0 0 0 0 0 0 0 0 X 0 X 0 0 0 0 X 0 0 0 0 0 X X 0 0 0 0 0 X 0 X X X 0 0 X 0 0 0 0 0 X 0 0 X 0 0 0 0 X X 0 0 0 0 0 0 0 0 X X 0 0 0 0 0 0 0 0 0 0 0 0 0 0 0 0 0 0 0 0 0 0 0 0 0 X 0 0 X 0 0 X X 0 X 0 X 0 0 X 0 0 0 0 0 0 X 0 X X 0 0 0 0 0 X 0 0 0 0 0 X 0 0 0 0 0 0 0 X X 0 0 X 0 X X 0 0 0 X 0 0 0 X 0 0 0 0 0 0 0 0 0 0 0 0 0 0 X 0 0 X 0 0 0 X 0 0 0 0 0 0 X 0 0 0 X 0 0 0 0 0 0 0 0 X 0 0 0 X X 0 0 0 X 0 0 X 0 X X 0 0 X 0 0 X 0 0 0 0 0 0 0 X X X 0 0 0 0 0 X 0 0 0 0 X 0 X 0 X 0 X 0 0 0 0 0 0 0 0 0 0 X 0 X 0 0 0 0 0 0 0 X 0 X 0 0 0 0 X 0 0 0 0 0 X X 0 0 X 0 0 0 0 0 0 0 0 0 0 0 0 0 0 0 0 0 0 0 0 0 X 0 0 0 X 0 0 0 0 0 0 0 X X 0 X
X 0 0 0 X 0 0 0 0 0 0 0 X 0 0 0 0 0 X 0 0 0 0 0 X X 0 0 X 0 0 0 0 0 0 0 0 X 0 0 X 0 0 0 0 0 X 0 0 0 0 0 0 0 0 0 X 0 0 0 0 0 X 0 0 0 0 X 0 0 0 0 X 0 0 0 X 0 0 0 0 0 0 0 0 0 0 X X 0 0 0 0 0 0 X X 0 X X 0 0 0 X X 0 0 0 X 0 0 0 X 0 0 0 0 0 0 0 0 0 0 X X 0 X 0 0 0 0 0 X 0 0 0 0 0 X 0 0 0 0 0 0 0 0 0 0 0 X 0 0 0 0 0 X X X X 0 X 0 X 0 0 0 0 0 0 0 0 0 0 0 0 0 0 0 0 0 0 0 X X 0 X 0 0 0 0 0 0 X 0 0 X 0 0 X X X 0 0 0 X 0 0 0 0 0 X 0 0 0 X 0 0 0 X 0 X 0 X 0 0 0 X 0 0 0 0 0 0 0 0 0 0 0 0 0 0 0 0 X 0 0 0 0 0 0 X 0 0 0 0 X 0 0 0 X 0 0 0 0 X X 0 0 X 0 0 0 0 0 0 0 0 0 0 0 0 0 0 0 X 0 X 0 0 0 0 0 0 0 0 X 0 0 0 X 0 X 0 0 X 0 0 X X 0 0 0 0 0 0 0 0 0 X 0 0 0 0 0 X 0 0 0 X X 0 X 0 0 0 0 0 X 0 0 X 0 0 0 0 0 0 X 0 0 X 0 0 0 0 0 0 0 0 X 0 X X 0 X 0 0 X X 0 0 X 0 0 X X 0 0 0 0 X X X X 0 0 0 X 0 0 0 0 X 0 0 X 0 0 X
X 0 0 X 0 0 X 0 0 0 X 0 X X 0 0 0 0 0 0 0 0 0 X 0 0 0 X 0 0 X 0 X X X 0 0 X X 0 0 0 0 0 X 0 0 0 0 0 0 0 0 0 X 0 0 0 X X X 0 0 0 0 0 X 0 X 0 0 X 0 0 0 0 X 0 0 0 0 0 0 0 X 0 0 0 0 0 0 0 0 0 0 0 0 X X X 0 0 0 0 0 0 0 X 0 0 X 0 0 X 0 0 0 X 0 0 0 0 0 0 0 0 0 X 0 0 0 0 0 0 0 0 0 0 0 X X 0 0 X 0 0 0 0 0 X 0 X 0 0 0 0 0 0 0 0 0 0 0 0 0 0 X 0 0 0 0 X 0 X 0 0 0 0 0 X 0 0 0 0 0 0 0 0 0 0 0 0 0 0 X X 0 0 0 0 0 0 0 0 0 0 0 0 0 0 X X 0 0 0 0 0 0 X 0 0 0 0 0 0 0 X 0 X 0 0 0 X 0 0 X 0 0 0 0 0 0 0 0 0 0 0 0 0 0 0 0 X X 0 0 0 X 0 0 0 0 0 0 0 0 0 0 0 0 X 0 X 0 0 0 X 0 X 0 0 0 X 0 X X 0 X 0 0 0 0 X X 0 X 0 0 0 0 0 0 X 0 X 0 0 X 0 0 X 0 X 0 0 0 0 0 X X 0 0 0 0 0 0 0 0 0 X 0 0 0 X 0 0 X 0 0 X 0 X X 0 0 X 0 X 0 0 0 0 0 0 0 X 0 0 0 0 0 0 0 0 0 0 0 0 X 0 0 X 0 0 X X X 0 0 X 0 X 0 0 X 0 0 X X 0 0 0 0 0 0 0 X X 0 X
X X 0 0 0 0 0 X 0 0 0 0 0 0 0 X 0 X 0 0 0 X X 0 0 X X 0 0 0 0 X 0 0 X 0 0 X 0 0 0 X X X 0 0 X 0 0 X X 0 0 0 0 0 0 X 0 0 0 0 X 0 0 0 0 X X X 0 X X 0 X 0 0 0 X 0 0 X 0 0 0 X X X 0 0 0 0 0 0 0 0 X 0 0 X 0 X 0 X X 0 0 0 X 0 X 0 X 0 0 X 0 X 0 0 0 X 0 0 0 X X X 0 X X 0 X 0 0 0 0 X 0 0 X 0 0 0 X X 0 0 0 0 0 0 0 0 0 0 X 0 0 0 0 0 0 0 0 0 0 X 0 0 0 0 X 0 0 X X 0 0 X 0 0 0 0 0 0 X X 0 0 0 0 X X 0 X X 0 0 0 X 0 0 0 0 0 0 0 X 0 0 0 0 0 0 X 0 0 0 0 0 0 0 X X 0 0 0 0 0 0 0 0 0 0 0 X 0 0 0 0 X 0 0 0 X 0 X X 0 0 0 0 0 0 0 0 0 0 0 0 0 0 0 0 0 0 0 X X X 0 0 0 X 0 0 0 0 0 X X 0 0 0 0 0 0 X 0 0 0 0 0 X X X 0 X 0 0 0 0 0 0 0 0 0 0 0 0 0 0 0 0 0 0 0 0 0 0 X 0 0 0 X 0 0 0 0 0 0 0 X 0 0 0 X 0 X 0 X 0 0 0 0 0 0 0 X 0 X 0 0 0 0 0 0 0 0 0 X 0 0 0 0 0 0 0 0 0 0 X 0 0 0 0 X X 0 0 X 0 0 0 X X 0 X X 0 X X X 0 0 0 X 0 X
X 0 0 0 0 0 0 0 0 0 0 0 0 X 0 0 X X X 0 X 0 X 0 0 0 X 0 0 0 0 0 0 0 0 X 0 0 0 X 0 0 0 0 X 0 X X 0 0 0 0 X 0 0 X 0 X 0 0 0 0 0 0 X X 0 0 0 0 0 0 0 0 0 0 X 0 0 0 X 0 0 X 0 0 X 0 X 0 0 0 0 X 0 0 0 X 0 0 0 0 0 0 0 0 X 0 0 0 0 X 0 0 0 0 X X 0 0 X 0 0 X 0 0 0 0 X 0 X 0 X 0 0 0 0 X X 0 0 0 0 0 0 0 X 0 X 0 0 X X 0 0 0 X 0 0 0 0 0 X 0 0 0 X 0 X 0 0 0 X X 0 0 0 0 0 0 X 0 0 0 X 0 0 0 0 0 0 0 0 0 X 0 0 0 0 0 0 0 0 0 X X 0 0 0 0 X 0 0 0 0 0 0 X 0 X 0 0 0 X 0 0 X 0 0 0 0 X 0 0 0 0 0 0 0 0 0 0 0 0 X 0 0 0 0 0 0 0 0 0 0 X 0 0 0 X 0 0 0 0 0 0 0 X 0 0 0 X 0 0 0 X 0 0 0 0 X 0 0 X 0 0 0 0 0 0 0 0 X 0 X X 0 0 0 X 0 0 0 0 0 0 0 0 X 0 X 0 X 0 0 X X 0 0 0 X 0 0 X 0 0 X 0 X 0 0 0 0 0 0 0 0 X 0 0 0 0 0 0 0 X 0 X 0 0 X 0 0 X 0 0 0 0 X 0 0 0 0 X 0 X 0 0 0 0 0 0 0 0 X X 0 0 0 0 0 X 0 X 0 0 0 0 0 0 X 0 0 0 0 0 X 0 0 X
X 0 0 0 0 X 0 0 0 0 0 0 X 0 0 0 0 0 0 0 0 0 0 X 0 0 0 0 0 0 0 X 0 0 0 0 0 0 0 0 X 0 0 0 0 X 0 0 0 0 0 X 0 0 0 0 0 0 0 0 0 0 0 X 0 0 0 X X 0 0 0 0 0 0 0 0 0 0 0 0 0 X X 0 0 0 0 0 0 0 X 0 0 0 0 0 0 0 0 0 0 0 0 0 X 0 X 0 0 0 0 0 0 X X 0 0 X X 0 0 0 X 0 X 0 X 0 X 0 X X 0 0 0 0 0 0 0 0 0 0 0 0 0 X 0 X X 0 0 0 X 0 0 0 0 0 X 0 0 0 0 0 X X 0 0 0 0 0 0 0 X X 0 X 0 0 0 X 0 0 0 0 X 0 X X 0 X X X 0 0 0 X X 0 0 0 0 0 0 0 X 0 0 0 0 X 0 0 0 0 0 0 0 X X X 0 X 0 X X 0 X 0 0 X 0 0 0 0 0 0 0 0 X 0 X 0 0 0 0 0 0 0 0 0 X 0 0 0 X 0 0 0 0 0 0 0 0 0 X 0 0 0 0 0 0 0 0 0 0 X 0 0 0 X 0 0 0 X X 0 0 0 X X X 0 0 0 X X 0 0 X 0 X 0 0 0 0 0 0 0 0 0 0 0 0 0 0 0 0 X 0 X 0 0 0 X X 0 0 0 0 0 0 0 0 0 X 0 0 0 0 X 0 0 0 0 0 0 0 0 X 0 0 0 0 X 0 X 0 0 0 X 0 0 0 0 0 0 0 0 X 0 0 0 0 0 0 X 0 0 0 0 0 0 0 0 0 0 X 0 0 0 0 0 0 0 0 0 0 X
X X 0 0 0 X X X 0 0 0 0 X X 0 0 0 X 0 X 0 X 0 0 0 0 0 0 0 0 X X 0 0 0 0 X 0 0 0 0 0 0 X 0 0 0 X X X X 0 0 0 X 0 0 0 X 0 0 X X 0 0 X 0 0 0 0 0 0 0 X X X 0 0 0 0 X X 0 X 0 0 X 0 0 0 0 0 0 0 0 X 0 X X 0 0 0 0 0 0 X 0 0 X X 0 0 X 0 X 0 X 0 X 0 0 0 0 0 0 0 0 0 0 X X 0 0 X 0 0 0 X 0 X 0 0 0 X 0 0 X 0 0 0 0 0 0 0 0 0 0 0 0 0 0 0 0 0 X 0 0 0 0 0 X 0 0 0 0 0 0 X X 0 X 0 0 0 0 0 0 0 0 X 0 X X 0 0 0 0 0 0 0 0 0 X X 0 0 0 0 0 X 0 0 0 X 0 0 0 0 X 0 0 X 0 0 X 0 0 0 X 0 0 0 0 X 0 0 0 0 0 0 0 0 X X 0 0 0 0 0 0 0 0 0 0 0 0 X 0 0 X 0 0 0 0 0 X X 0 0 0 0 0 0 0 X X X 0 0 0 X 0 0 X 0 0 X 0 X 0 X 0 X X X X 0 0 0 0 X 0 0 0 0 0 0 0 0 0 0 0 0 0 0 0 0 0 X 0 0 X 0 X 0 0 0 X 0 0 0 0 0 X 0 X X 0 0 X 0 0 0 X X X 0 0 0 0 0 0 X 0 0 X 0 0 0 X 0 0 0 0 0 X 0 0 0 X 0 0 0 0 0 X 0 0 0 X 0 0 0 0 0 0 X 0 0 0 X 0 0 0 0 X X 0 0 X
X 0 0 0 0 0 0 0 X X 0 0 X 0 0 0 0 0 0 X 0 0 X 0 0 0 0 0 X 0 X 0 X 0 0 0 0 0 0 X 0 0 X X 0 X 0 0 0 0 0 0 0 0 0 X 0 0 0 0 X 0 0 0 X 0 0 0 0 0 0 X 0 X 0 X X 0 X 0 0 0 0 X 0 0 0 0 0 0 0 X 0 0 0 X 0 0 0 X 0 0 0 0 0 0 0 X 0 X 0 0 0 0 0 0 0 X X 0 0 X X 0 X 0 0 0 0 X 0 X X 0 0 0 X X 0 0 0 0 X 0 0 0 0 0 0 0 0 0 0 0 X 0 0 0 0 0 0 0 X 0 X 0 0 0 0 0 0 0 0 0 0 0 0 0 0 0 0 0 0 0 0 0 X X X 0 0 0 0 0 0 0 0 0 0 X 0 X 0 X 0 0 0 X 0 X X 0 0 0 0 X 0 0 0 0 0 0 0 0 0 0 0 0 0 0 X 0 0 X 0 X 0 X 0 0 0 X X X 0 0 0 X 0 0 0 0 0 0 X 0 0 0 0 0 0 0 0 0 0 0 0 0 0 0 0 0 0 0 0 0 0 0 0 0 X 0 0 0 0 0 0 0 X 0 0 0 0 0 X 0 0 X 0 0 0 0 0 0 X X 0 0 X 0 0 0 0 0 0 X 0 0 0 0 0 0 0 X 0 0 0 0 X 0 0 X X 0 0 0 0 0 0 0 X X 0 X 0 0 0 0 0 0 0 0 0 X 0 X 0 0 0 0 0 0 0 0 0 0 0 0 X X 0 0 0 0 0 X X 0 0 0 0 X 0 0 0 X 0 0 0 0 0 X 0 0 0 0 0 0 0 X
X 0 0 X 0 0 0 0 0 0 0 0 0 0 X 0 0 X 0 0 0 0 0 0 0 0 0 0 0 0 0 X 0 0 0 0 0 0 X 0 0 0 0 0 X 0 0 X 0 0 0 X 0 0 0 0 0 X 0 0 0 0 0 0 0 0 0 0 X X X 0 0 0 0 0 0 0 X 0 0 0 0 X X X 0 0 0 0 0 0 0 0 0 0 X 0 0 X 0 0 0 0 0 0 X 0 0 0 0 0 X 0 0 X 0 0 X 0 0 0 0 0 0 0 0 0 X 0 0 0 0 X 0 0 0 0 X X X 0 0 0 0 0 0 0 0 0 X X 0 0 0 0 0 0 0 0 0 X 0 X X 0 0 0 0 0 X 0 0 0 0 X 0 0 0 0 0 0 0 0 0 0 0 X X 0 0 0 X 0 0 X 0 0 0 0 0 0 0 0 0 X X 0 0 0 0 0 0 0 0 0 X X X 0 0 0 0 0 0 X X X 0 0 0 X 0 0 0 0 0 0 0 0 X 0 0 0 0 0 0 0 0 0 0 0 0 0 X 0 0 0 0 0 0 X 0 X 0 X 0 0 0 0 0 0 0 0 0 0 0 0 X 0 0 0 0 0 X 0 0 0 0 0 0 0 X 0 0 0 0 0 0 0 0 0 0 0 0 0 X 0 X 0 X 0 0 0 0 X X 0 0 0 0 0 0 0 0 0 X 0 0 0 0 0 0 X X X 0 X 0 0 0 X 0 0 0 0 0 0 0 0 0 0 0 0 0 0 X X 0 0 0 0 X 0 0 X X 0 0 X X 0 0 0 X 0 0 X 0 0 0 0 X 0 0 X 0 X 0 X 0 0 X X X 0 0 0 0 X
X X 0 0 X 0 0 X 0 0 0 0 0 0 0 0 X 0 X 0 0 X 0 X 0 0 0 0 0 0 0 0 0 X X 0 0 0 0 0 0 0 0 X 0 0 0 0 0 0 0 X 0 0 0 X 0 0 0 0 0 X 0 0 0 0 0 0 0 0 0 0 0 0 0 X 0 0 0 X 0 0 0 0 0 0 0 X X 0 0 X 0 0 0 0 0 0 0 0 0 0 X 0 X 0 0 0 X 0 0 0 0 X 0 0 0 X 0 0 X 0 0 X 0 0 0 X X X 0 0 0 0 0 0 0 0 0 0 0 0 0 0 0 0 0 0 0 0 0 0 0 0 0 X X 0 0 0 0 0 0 0 X 0 0 0 0 0 X 0 0 0 0 0 0 0 0 0 0 0 0 0 0 0 0 0 0 0 0 0 X 0 0 X 0 0 0 0 0 X 0 0 X 0 0 X 0 0 0 0 0 0 X 0 0 X 0 0 0 0 0 X 0 0 0 0 X 0 0 0 0 0 0 0 0 0 0 0 0 X 0 0 0 0 X X 0 0 0 0 0 X 0 0 X X 0 0 0 0 0 0 0 0 0 0 X 0 0 X X 0 0 0 0 X 0 0 0 0 0 0 X 0 0 0 0 0 0 0 0 0 0 X X 0 0 0 0 0 0 0 0 X X 0 0 0 0 0 0 X 0 0 X 0 0 X X 0 0 0 0 0 0 X X 0 X X 0 0 0 X 0 0 0 0 X X 0 0 0 X X 0 0 0 X 0 0 0 0 0 0 X 0 0 0 0 0 0 0 0 0 0 0 0 0 0 0 X 0 0 0 0 0 0 0 0 0 0 0 X 0 X 0 0 0 X 0 X 0 0 X 0 0 X
X 0 X 0 0 0 0 0 0 0 X 0 0 0 0 0 0 0 0 0 0 0 X 0 0 0 X X 0 0 0 0 X 0 X 0 0 0 0 0 0 X 0 0 0 X 0 0 0 0 0 0 X 0 0 0 0 0 0 X X 0 0 0 0 0 0 X 0 0 0 X 0 0 X 0 0 0 X 0 0 0 0 0 0 0 X X 0 0 0 X X 0 0 0 X 0 0 0 0 0 0 0 0 X 0 0 0 0 0 0 0 0 0 0 0 0 0 0 0 0 0 0 0 0 0 0 0 0 0 X 0 0 0 X 0 0 0 0 0 0 0 0 0 0 X 0 0 0 0 X 0 0 0 0 X 0 0 X X 0 0 0 0 0 0 0 X X 0 X 0 X 0 0 0 0 0 0 0 0 0 0 0 X 0 0 X 0 0 0 0 0 0 0 X 0 X X X 0 0 0 0 0 0 0 0 0 0 0 0 X X 0 X X 0 0 0 X X 0 0 X 0 0 0 0 0 0 0 0 X 0 0 0 0 0 0 0 0 0 0 0 X 0 0 0 0 X 0 0 0 0 0 0 0 0 X 0 0 0 0 0 X 0 0 0 0 0 0 X 0 0 X X X 0 0 X X 0 0 0 0 0 0 0 X 0 0 0 0 0 0 X 0 0 0 X 0 0 0 0 0 X 0 0 0 0 0 X 0 X 0 0 0 0 0 0 0 0 0 0 0 0 0 0 0 0 0 0 0 0 0 X 0 0 0 0 0 0 X 0 0 0 X 0 0 0 0 X 0 0 0 0 X 0 0 0 0 0 X 0 0 0 0 X 0 0 0 0 X 0 0 0 0 X 0 0 0 X 0 0 0 0 0 0 0 0 0 0 0 0 0 0 0 X
X X 0 X 0 0 0 0 X 0 0 0 0 0 0 0 0 0 0 0 0 0 0 0 0 0 0 0 0 0 0 0 X 0 0 0 0 0 0 0 0 0 0 0 0 0 X 0 0 0 X 0 X 0 0 0 X 0 0 X 0 0 0 0 0 0 X 0 0 0 0 0 X 0 0 0 0 X X 0 0 0 X 0 0 0 0 0 0 X 0 0 0 0 0 0 X 0 0 0 X 0 0 0 X 0 0 0 0 0 X 0 X 0 0 0 X 0 0 0 0 X 0 0 0 0 0 0 0 0 0 0 0 0 0 0 0 0 0 0 0 0 0 X 0 0 0 0 0 0 X 0 0 0 X 0 0 X 0 0 X 0 0 0 0 0 0 X 0 0 X X 0 0 0 0 0 0 0 0 0 0 0 0 0 X 0 0 0 X 0 0 0 X 0 0 X 0 0 X 0 0 0 X 0 0 0 X 0 0 0 0 0 X 0 0 0 0 0 0 X 0 0 X 0 X 0 0 0 X 0 0 X 0 0 0 0 0 0 0 0 0 0 0 0 0 X 0 0 X 0 0 0 0 0 0 0 0 0 0 0 0 0 0 X X 0 0 X 0 0 0 0 0 0 0 0 0 0 0 0 0 0 0 0 0 0 0 X X X 0 0 0 0 0 0 0 0 0 0 0 X 0 0 X 0 0 0 X 0 0 0 X 0 0 0 0 0 0 X 0 0 X 0 0 X X 0 X 0 0 X 0 0 X 0 0 X 0 X X 0 X 0 0 X 0 0 0 0 0 0 X 0 0 0 0 X 0 0 0 X 0 0 0 0 0 0 0 0 X X 0 0 X 0 X X X X 0 X 0 X 0 0 0 0 0 0 X 0 X 0 0 0 0 X X
X 0 X 0 0 0 0 0 X 0 X 0 0 0 0 X 0 X 0 0 0 0 0 X X 0 0 0 0 0 0 0 0 0 0 0 0 X X 0 0 0 0 0 0 X 0 0 0 0 0 0 0 0 0 0 0 0 0 X 0 0 X 0 0 0 0 0 0 0 0 0 0 0 0 0 0 X X 0 0 0 0 0 0 0 X 0 0 0 0 X 0 0 0 X 0 0 X X 0 0 0 0 X 0 X 0 0 0 X 0 0 0 0 0 0 0 0 0 0 0 0 X 0 X X 0 X X 0 0 0 X 0 0 X 0 0 0 0 0 X 0 0 0 0 0 0 0 0 0 X 0 0 0 X X X 0 0 X X 0 0 X 0 0 0 X 0 0 0 0 0 0 0 0 0 X X 0 0 0 X 0 0 0 0 0 0 0 X 0 X 0 0 X 0 0 0 0 0 0 0 X 0 0 0 0 0 0 0 0 0 X 0 0 0 X X 0 0 0 0 0 0 0 0 X X X 0 X 0 X 0 X 0 0 0 X 0 0 0 0 0 0 0 0 0 0 0 0 0 0 0 0 0 0 0 0 0 X 0 0 X 0 0 0 0 X 0 X X X 0 X 0 0 X X 0 X 0 X 0 X 0 0 X 0 X 0 0 0 0 X 0 0 0 0 0 0 0 0 0 0 0 0 0 X 0 0 0 X 0 0 0 X X 0 0 0 0 0 X 0 0 0 0 0 0 0 0 0 0 0 0 0 0 0 0 0 0 0 0 X 0 0 0 X 0 X 0 0 0 0 X 0 X 0 0 X 0 0 0 0 0 0 0 X X 0 0 0 0 0 X 0 X 0 0 0 0 0 0 0 0 0 0 0 0 0 0 X 0 0 X X
X 0 0 0 X 0 0 0 0 0 X 0 0 0 X 0 0 0 0 0 0 0 0 0 0 0 0 0 0 0 0 0 X 0 0 X X 0 X 0 0 0 0 0 X 0 X 0 X 0 0 0 0 X 0 0 0 0 0 0 0 0 0 0 X X 0 0 0 0 0 0 0 0 X 0 0 0 0 X X 0 0 0 0 X 0 0 X 0 0 X 0 0 0 X X X 0 X 0 0 0 0 0 X X 0 0 0 0 X 0 0 0 0 0 0 0 0 X X 0 0 0 0 0 0 0 0 X 0 0 0 X 0 0 0 0 0 0 X X 0 0 0 0 0 0 X X 0 X 0 0 X 0 0 X 0 0 X 0 0 X 0 X 0 X X 0 0 X 0 0 0 0 0 0 0 0 X 0 0 0 0 0 0 0 0 0 X 0 0 0 X 0 X 0 0 0 0 0 0 X 0 0 X X 0 0 0 0 0 0 0 0 0 0 0 X 0 0 0 0 0 0 0 X 0 0 0 0 X 0 0 0 0 X 0 X 0 0 X 0 0 0 X 0 0 0 X 0 X 0 0 0 0 0 0 0 X 0 0 0 X 0 0 0 0 0 X 0 0 X 0 0 0 X 0 X 0 X 0 0 0 0 0 0 0 0 0 0 0 0 0 X 0 0 0 0 X 0 X 0 0 0 0 X 0 0 0 0 0 X 0 0 0 X 0 0 0 0 0 0 0 0 0 X X 0 0 0 0 0 0 0 0 0 0 X 0 0 0 0 0 0 0 0 0 0 0 0 0 0 0 0 0 0 0 0 0 0 0 0 X 0 0 0 0 0 0 X 0 X 0 0 0 0 X 0 0 0 0 0 X 0 0 0 0 0 0 0 0 X 0 0 0 0 X
X 0 0 0 X X 0 X 0 0 0 0 0 0 0 0 0 0 0 0 0 0 0 0 0 0 0 0 0 0 0 0 0 0 X 0 0 0 X 0 0 0 0 0 0 X 0 X X 0 X 0 X X 0 X 0 0 0 X 0 0 0 0 X 0 X 0 0 0 X 0 0 0 0 0 0 X 0 0 X 0 0 0 0 0 0 X 0 0 0 0 0 X 0 0 0 X X 0 0 0 X 0 0 X 0 0 0 X 0 0 X 0 0 0 0 0 0 0 0 0 0 X 0 0 0 0 0 X 0 0 X 0 0 0 0 0 0 0 0 0 0 0 0 0 0 0 0 0 0 X X 0 X 0 0 X 0 0 X 0 0 0 0 0 0 X X 0 0 X 0 0 0 0 0 0 0 0 0 0 0 0 0 0 0 0 X 0 0 0 0 0 0 0 0 X 0 0 X 0 X 0 0 0 0 0 0 0 0 0 0 X 0 0 0 0 0 0 0 0 0 X X 0 0 0 0 X 0 0 0 0 X 0 0 0 0 0 0 X 0 0 X 0 X 0 0 0 0 0 0 0 X 0 0 0 0 0 0 0 0 0 0 0 0 0 X 0 0 0 0 0 X 0 X 0 0 0 0 0 0 0 0 0 X 0 X 0 0 0 X X 0 0 X X 0 0 0 0 0 0 0 0 0 0 0 0 0 0 0 0 0 0 0 0 0 0 0 0 0 0 0 0 0 0 0 0 0 X 0 0 0 0 0 0 X 0 0 0 0 X X 0 0 0 0 0 X X 0 0 0 0 0 0 0 0 0 0 0 0 0 0 0 0 0 X 0 0 X 0 0 0 0 0 0 X X 0 0 0 0 0 0 0 0 0 0 0 0 0 X 0 X 0 0 X
X 0 X 0 X 0 0 X 0 0 0 X 0 0 0 0 0 0 0 0 0 0 0 0 0 0 0 X 0 0 0 0 X X 0 0 0 X 0 0 0 0 X 0 0 0 X 0 0 X 0 0 X X 0 0 X 0 0 0 0 0 0 0 0 0 X 0 X 0 0 X 0 0 X 0 0 0 X 0 0 0 0 0 0 0 0 0 X X X 0 0 0 X 0 X 0 0 0 0 X X 0 0 0 0 0 X 0 0 0 0 0 0 0 0 X 0 0 X 0 0 X X 0 0 X 0 0 0 0 0 0 0 0 0 0 0 0 X X 0 0 0 0 0 0 X X X 0 0 0 0 X 0 0 0 0 0 X 0 X 0 X X 0 X X 0 0 X 0 0 0 0 X 0 0 0 0 0 0 0 0 0 X 0 X X 0 0 0 0 0 0 0 0 0 X 0 0 0 0 0 0 0 0 0 0 0 0 0 0 0 0 0 0 0 0 0 X 0 0 0 0 0 0 X X X 0 0 X X 0 0 0 0 X 0 0 0 0 0 0 0 X 0 0 X 0 0 0 0 X X 0 0 0 0 X 0 0 0 0 0 0 0 X 0 0 0 0 0 0 0 0 X 0 0 0 0 0 0 0 0 0 0 X 0 0 0 0 X X 0 0 0 0 X 0 X 0 0 0 0 0 0 0 0 0 0 0 0 0 X 0 0 X 0 0 X 0 X 0 0 0 X 0 0 X 0 X 0 X X 0 0 0 0 0 0 X 0 X 0 0 0 X 0 0 0 0 0 X 0 X X 0 0 0 0 0 0 0 0 0 X 0 0 0 0 0 0 0 0 X 0 0 0 X 0 0 0 0 0 X 0 0 X 0 0 0 0 X 0 X X
X 0 X 0 0 0 X 0 0 0 0 X 0 0 0 0 X 0 X 0 X X 0 0 0 0 X 0 0 X 0 0 0 0 0 0 0 0 X 0 0 0 X 0 0 0 0 0 0 X 0 0 X 0 X 0 0 0 0 0 0 0 0 0 0 X 0 X 0 0 0 0 0 0 0 0 0 0 0 0 X 0 0 0 0 0 0 X 0 0 0 0 0 0 0 0 0 0 0 0 0 0 0 0 0 X 0 0 0 0 0 0 0 0 0 X 0 0 0 X 0 0 0 0 X 0 0 0 X 0 0 0 X 0 0 0 X 0 X X 0 0 X 0 0 0 0 X 0 0 X 0 0 0 0 X 0 X X X 0 0 0 0 X 0 0 X 0 0 0 0 X 0 0 0 0 X X 0 0 0 0 0 0 0 0 0 X X 0 0 0 0 0 0 0 0 0 0 0 0 0 0 X 0 0 0 0 X 0 0 X 0 0 0 X 0 0 0 0 0 0 0 0 X 0 0 0 0 X 0 X X 0 0 0 0 0 0 X 0 X 0 0 0 0 X 0 X 0 X 0 0 0 0 X 0 0 0 0 0 X X 0 0 X 0 X 0 X 0 X X 0 X X 0 0 0 0 0 0 0 0 0 0 X 0 0 0 0 0 0 0 0 0 0 0 0 X 0 0 0 0 0 0 0 0 0 0 X 0 X 0 X 0 0 X X 0 X 0 0 0 0 0 X 0 0 0 0 0 0 0 0 0 0 X 0 0 X 0 0 0 X 0 0 0 0 0 0 0 0 0 0 0 X 0 0 0 0 0 0 0 0 0 0 0 0 0 0 0 X 0 0 0 0 0 0 X X X 0 0 0 X X X 0 0 0 0 0 0 0 0 0 0 X
X 0 0 0 0 0 0 X 0 0 0 0 0 0 0 X 0 0 0 X 0 0 X 0 0 X 0 0 0 0 X 0 0 0 0 0 0 0 0 0 0 0 0 0 0 0 X X 0 0 X 0 X 0 0 0 0 0 0 0 0 0 0 X 0 0 0 0 0 0 0 0 0 0 X 0 0 0 0 0 0 0 0 0 0 0 0 0 X 0 0 X 0 0 0 0 0 0 0 0 0 0 0 0 0 X X 0 X 0 X 0 0 0 0 0 X 0 0 0 0 0 0 0 X 0 0 0 X 0 X 0 0 0 0 0 0 0 0 0 0 0 0 0 0 0 0 0 0 0 X 0 0 0 0 0 0 0 0 0 0 0 0 0 0 0 0 0 0 X 0 X 0 0 X 0 0 0 X 0 0 0 0 0 0 X 0 0 0 X X X 0 0 0 0 0 0 0 0 0 X 0 0 0 0 0 0 0 0 0 X 0 X 0 0 0 0 0 0 0 0 0 0 0 0 0 0 X 0 X 0 0 0 0 0 X X 0 X 0 0 X 0 0 X 0 X 0 0 0 0 0 0 0 0 X 0 0 0 0 0 0 0 0 0 0 0 0 X 0 0 0 0 0 0 0 0 0 0 0 0 0 0 0 0 0 0 X 0 0 0 0 0 0 0 0 0 0 0 0 0 0 0 X 0 0 0 0 0 0 X 0 0 0 X 0 0 0 0 0 X X 0 0 0 0 X 0 0 0 0 0 X 0 0 0 0 0 0 0 0 X 0 0 X 0 X X X 0 0 0 0 0 0 0 0 0 0 0 0 0 X 0 0 0 X 0 0 0 0 0 X X 0 0 0 X 0 0 X 0 0 0 0 0 X 0 0 X X X 0 0 X 0 0 0 X
X 0 0 X 0 0 0 X X X 0 0 0 X 0 0 0 X 0 0 X 0 0 0 0 0 0 0 0 X 0 0 0 0 0 0 X 0 0 0 0 0 0 X 0 0 0 0 0 X 0 X 0 0 0 X 0 0 0 X 0 0 0 0 0 0 0 X 0 0 0 0 0 0 0 X X X 0 0 0 0 0 0 X X 0 X 0 0 0 X X 0 0 X 0 0 0 0 X 0 X 0 0 0 0 0 0 X 0 0 0 0 0 0 X 0 0 0 0 0 0 0 X 0 0 0 0 0 0 X 0 0 0 0 0 0 0 0 0 X 0 0 0 0 0 0 0 0 0 0 0 X 0 0 0 0 X 0 0 0 0 0 0 X 0 0 0 X 0 0 0 0 0 0 0 0 0 0 0 0 0 0 0 0 0 0 0 0 0 X X X 0 0 X 0 0 0 0 0 0 0 0 0 X X 0 0 X 0 0 0 X X X 0 0 0 0 0 0 X 0 X 0 0 0 0 0 0 X X 0 0 0 0 0 0 0 0 0 0 0 0 0 0 0 0 0 X 0 0 0 0 0 0 0 0 X 0 X 0 0 X 0 0 0 0 0 0 0 0 0 X 0 0 0 0 0 0 0 0 0 0 0 X X X 0 0 0 0 0 0 0 0 0 0 0 0 0 X X 0 0 0 0 0 0 0 0 0 0 0 0 X 0 X 0 0 0 0 0 0 0 0 0 0 0 0 0 0 0 0 0 0 0 0 X 0 0 X 0 X 0 0 0 0 0 0 0 X 0 X 0 X 0 0 X 0 0 0 0 0 0 0 0 0 X 0 0 0 0 0 0 0 X X 0 0 0 0 0 0 0 0 0 0 X 0 0 0 0 0 0 0 0 X
X 0 0 0 X 0 0 0 0 X 0 0 0 X 0 0 0 0 0 0 0 0 0 0 0 0 0 X 0 0 0 X 0 0 0 X X X X 0 0 0 0 X 0 0 0 0 0 X 0 0 0 0 0 0 0 0 0 X X 0 0 X 0 X 0 0 0 0 0 0 0 0 0 0 0 X X 0 0 0 0 0 0 X 0 0 0 0 0 0 0 0 X X 0 0 0 0 0 0 0 0 0 0 0 0 0 0 X 0 0 X 0 0 0 0 X 0 0 0 0 0 0 0 0 0 0 X 0 0 0 0 0 X 0 X X 0 0 0 X 0 0 0 0 0 0 0 0 0 0 0 0 0 0 0 X 0 0 0 0 X 0 0 0 0 0 0 0 0 0 0 0 0 0 0 0 0 0 X 0 X 0 0 0 0 0 0 0 0 0 0 X 0 0 0 0 X 0 0 0 0 0 0 0 0 0 0 0 0 0 0 0 0 0 X 0 0 X 0 0 X 0 0 0 0 0 0 0 0 0 0 0 0 0 X X 0 0 X 0 X 0 X 0 0 X X 0 0 0 X 0 X 0 0 0 X 0 0 0 X 0 0 0 0 0 0 0 0 0 0 0 0 0 0 X X 0 0 0 0 0 0 0 0 0 0 0 0 0 0 0 0 X 0 0 X 0 0 0 0 X 0 0 0 0 X 0 X 0 X 0 0 0 0 0 0 0 0 X 0 0 0 0 0 0 0 0 0 0 0 0 0 0 0 0 X X X 0 0 0 0 0 0 0 0 0 X 0 X 0 0 0 0 0 0 0 0 X 0 0 0 X 0 0 X 0 0 0 0 X 0 0 0 0 0 0 0 X 0 X 0 0 0 0 0 0 0 0 0 0 X X 0 X X
X 0 0 X 0 X 0 0 0 0 0 0 0 0 0 X 0 0 0 0 0 0 0 X 0 0 X 0 0 0 X 0 X 0 0 0 0 0 0 0 0 0 X 0 X X 0 0 X 0 0 0 0 X X X 0 0 0 0 X 0 0 X 0 0 0 0 0 0 0 0 0 0 0 0 0 0 0 0 X 0 0 0 0 0 X 0 0 0 0 0 0 0 X 0 0 0 0 0 0 0 0 0 0 X 0 0 0 0 X 0 0 0 X X 0 0 0 0 0 X 0 0 0 X 0 X 0 0 0 0 0 0 0 X 0 0 0 0 X 0 0 0 X 0 0 0 X 0 0 0 0 0 X 0 0 0 X 0 0 0 0 0 0 0 0 0 0 0 0 X 0 0 X 0 0 0 0 0 0 0 X X 0 0 X 0 0 0 0 0 X 0 0 X 0 X 0 0 0 0 0 0 0 0 0 0 0 0 0 X X 0 0 0 0 0 0 X 0 0 0 X 0 0 0 0 0 X 0 0 0 X 0 0 X 0 0 X 0 0 0 0 0 0 0 0 0 0 0 0 0 0 X 0 0 X X 0 0 X 0 X 0 0 0 0 0 X 0 0 0 0 0 X X 0 0 0 0 0 0 0 X 0 0 0 X 0 0 0 0 X X 0 0 0 0 X 0 0 0 0 0 0 0 0 0 0 0 0 0 0 0 X 0 0 0 X 0 0 0 0 X 0 0 0 X 0 0 0 0 X X X 0 0 X 0 0 0 0 0 0 0 0 0 0 0 0 X X X X 0 X X 0 0 0 0 0 X 0 0 0 0 0 0 X 0 X 0 0 0 0 0 0 0 0 X 0 0 0 X 0 X X 0 0 0 0 0 0 0 0 0 0 X
X X 0 0 X 0 0 0 0 0 0 0 0 0 0 0 X 0 0 0 0 X 0 0 0 X 0 X 0 X 0 0 0 0 0 0 X X 0 X 0 0 0 0 0 X 0 0 0 0 0 0 0 0 0 0 0 0 0 0 0 0 0 0 0 0 0 X 0 0 X X X 0 0 0 0 0 0 0 0 0 X 0 0 0 0 0 0 0 X 0 X 0 X 0 0 0 0 0 0 0 0 X 0 0 0 0 0 0 X X 0 X X 0 X 0 0 0 0 0 0 0 0 0 0 0 0 0 0 0 0 X 0 0 0 0 X X 0 0 0 0 0 0 0 0 0 0 0 0 0 0 0 0 X X 0 0 0 0 0 X 0 0 0 0 0 X 0 0 0 0 0 0 X X 0 0 0 X 0 0 0 X 0 0 0 0 0 0 0 0 0 0 0 0 X X 0 X X 0 0 X 0 0 0 0 X X 0 0 0 0 X 0 X 0 0 0 0 0 0 X 0 0 0 0 0 0 0 X 0 0 0 0 0 0 0 0 X 0 0 0 0 0 0 0 0 0 0 0 0 0 0 0 0 0 0 X 0 0 0 0 0 0 X X X 0 X 0 0 X 0 0 0 X 0 0 X 0 0 0 0 0 0 0 0 X 0 0 X X 0 0 0 0 0 0 X 0 X X 0 0 0 0 0 0 0 0 0 0 0 0 0 0 0 0 0 X X 0 0 0 0 X X 0 0 X 0 0 0 0 0 0 X 0 0 0 X 0 0 0 0 0 X 0 0 0 0 X X 0 0 0 0 0 0 X 0 0 0 0 0 0 0 0 0 0 0 0 0 0 0 0 0 0 0 0 X X 0 X 0 0 X X 0 0 0 X 0 0 0 X
X X 0 X 0 0 0 0 0 X X 0 X 0 0 0 0 0 0 0 X 0 0 0 0 0 0 X X 0 0 0 0 0 0 X 0 0 0 0 0 0 X 0 0 0 0 0 0 X 0 X 0 0 X 0 0 0 0 0 0 0 0 0 0 0 X 0 0 0 0 0 0 0 0 0 0 0 0 0 X 0 0 0 0 0 X 0 0 0 0 0 X X 0 X 0 0 0 0 X 0 0 0 0 0 X 0 0 0 0 0 0 0 0 0 0 X 0 0 X 0 X 0 0 0 0 X 0 0 0 X 0 X 0 0 0 0 X 0 0 0 0 X X 0 0 0 X 0 0 0 0 0 X 0 X 0 X 0 0 0 0 X 0 0 0 X 0 0 0 0 0 0 0 0 0 0 0 0 0 0 0 0 0 0 0 0 X 0 X 0 0 0 0 0 0 0 0 0 0 0 0 0 0 0 0 0 0 0 0 X 0 0 0 0 0 0 0 X 0 X X 0 0 0 0 0 X 0 X 0 0 X 0 0 0 0 0 X 0 0 0 0 X 0 X X 0 0 0 X 0 0 0 0 0 0 0 0 0 X 0 0 0 0 0 0 0 X 0 0 X 0 X X 0 0 0 X 0 0 0 0 0 0 0 0 0 0 0 0 0 0 0 0 0 0 0 X 0 X X 0 0 X 0 0 0 0 X 0 0 0 0 0 0 0 0 0 X X 0 0 0 X 0 0 X 0 0 0 X 0 X 0 X X 0 0 0 0 X 0 0 X 0 X 0 0 X 0 0 0 X 0 X 0 X 0 0 0 0 0 0 X 0 0 0 0 X 0 0 0 0 0 0 0 X 0 0 0 0 0 0 0 X X 0 0 0 0 0 0 X 0 0 0 0 X
X 0 X 0 0 X 0 0 X 0 X X 0 0 0 0 X 0 0 0 X 0 0 X X 0 0 0 0 0 0 0 0 0 0 0 0 0 X 0 0 0 0 0 0 0 0 0 0 0 0 0 0 X 0 0 X 0 0 0 0 0 X 0 0 0 0 0 X 0 0 0 0 0 0 0 0 0 X 0 X X 0 0 0 X X 0 0 0 0 0 0 0 0 X 0 0 0 0 0 0 0 0 0 0 0 0 0 0 0 0 0 0 0 0 0 0 X 0 0 0 0 0 X X 0 0 0 0 0 0 0 0 0 0 X X X 0 0 0 0 0 0 0 0 0 0 0 0 0 0 0 X 0 0 0 0 X 0 0 X 0 0 0 0 0 0 0 0 0 0 0 0 0 0 0 0 X 0 0 0 0 0 X 0 X X 0 0 0 0 0 0 0 0 0 0 0 0 0 0 0 X X 0 X 0 0 0 X X 0 X 0 0 X 0 X 0 0 X 0 0 X 0 0 X 0 0 0 0 X 0 0 X 0 0 0 0 0 0 0 0 0 X 0 0 0 0 X 0 0 0 X 0 0 X X 0 0 0 0 0 0 0 0 0 0 0 X 0 0 0 0 0 0 X 0 0 X 0 X 0 0 0 X 0 0 0 0 0 0 0 0 0 X 0 0 0 X 0 0 0 0 0 0 0 X 0 X 0 X X 0 0 0 0 X 0 0 0 0 0 0 0 0 0 0 0 0 0 0 0 0 0 0 0 0 X 0 0 0 0 0 0 0 0 0 0 0 X 0 0 0 0 0 0 X 0 0 X 0 0 0 0 X 0 0 0 0 0 X 0 0 0 0 0 0 0 X 0 0 0 0 X 0 0 0 0 0 0 0 0 0 0 0 0 X
X X 0 0 0 X 0 0 X 0 0 0 0 0 0 0 X 0 0 0 0 X 0 0 0 0 0 0 0 0 0 0 0 X 0 0 0 0 0 X X 0 0 0 X X 0 X X X 0 0 0 0 X 0 0 X 0 X X 0 0 0 0 X 0 0 X 0 0 0 0 0 0 0 0 0 0 0 0 0 0 0 0 0 0 X 0 0 0 X X 0 0 X 0 0 0 X 0 X X 0 0 0 0 X 0 0 0 0 0 0 0 0 0 0 0 X 0 0 0 0 0 0 0 0 0 0 0 0 0 0 X 0 0 0 0 0 0 0 0 0 0 0 0 X X 0 X 0 0 0 0 X 0 0 0 0 0 0 X 0 X 0 X X 0 0 X X X 0 0 X 0 0 0 X 0 X 0 0 0 0 0 0 0 0 X 0 0 0 0 0 0 0 0 X X 0 0 0 0 0 0 0 0 0 X 0 0 0 X 0 0 0 0 0 0 0 0 X X X 0 0 0 0 X 0 X 0 0 0 0 0 0 0 0 0 X 0 X 0 0 0 X 0 0 X 0 0 0 0 X 0 0 X 0 0 X X X 0 0 0 0 X 0 0 X 0 X X X X X 0 0 X X 0 0 0 0 0 0 0 0 X 0 0 X 0 0 X 0 0 0 X 0 0 0 0 X 0 0 0 0 0 0 0 0 X X X 0 0 0 0 0 X 0 0 0 0 0 0 0 0 0 0 0 0 0 0 X 0 0 0 X 0 0 0 0 X 0 0 0 X 0 0 0 0 0 0 0 0 X 0 0 X 0 0 X X 0 X 0 0 0 0 0 0 0 0 0 0 0 0 0 0 0 X 0 0 X X 0 0 0 0 0 0 0 0 0 X
X 0 0 X 0 X 0 0 0 0 0 0 0 0 X X 0 0 X 0 0 0 X 0 0 0 0 0 X 0 0 X 0 0 0 X 0 0 0 0 0 0 X 0 0 0 0 0 0 0 0 0 0 0 X X 0 X 0 0 X X 0 0 0 0 0 0 X 0 0 0 0 0 X 0 0 0 0 0 0 0 0 0 0 0 X 0 X 0 0 0 0 0 X X 0 0 X 0 0 0 X 0 0 0 0 0 0 0 0 0 X 0 X 0 X 0 0 0 0 0 0 0 0 0 0 0 0 0 X 0 0 0 0 0 0 0 X 0 0 0 0 0 0 0 0 0 0 X 0 0 0 0 0 0 0 0 0 0 0 0 0 0 0 X 0 0 X 0 0 X 0 0 0 0 0 0 X 0 0 0 0 0 0 0 0 0 0 0 0 X 0 X 0 0 0 0 0 0 0 0 0 0 0 X 0 X X 0 0 0 0 0 0 0 0 X 0 0 X 0 0 X 0 X 0 0 0 0 X 0 0 0 0 0 0 0 0 0 0 0 0 0 0 0 0 0 X 0 0 0 0 0 0 0 0 0 0 0 0 0 0 0 0 0 0 0 X 0 0 X 0 X 0 0 X 0 0 0 0 X 0 0 0 0 0 0 0 0 0 0 0 X X 0 0 0 X 0 0 0 0 0 X 0 0 0 0 0 0 0 0 X 0 0 0 X 0 0 0 0 0 0 0 0 X X X 0 X 0 0 0 0 X 0 0 X 0 0 0 0 0 0 0 0 0 0 0 0 0 0 0 0 X 0 0 0 0 0 0 0 X 0 0 0 X X 0 X 0 0 0 0 X 0 X 0 X 0 0 0 0 0 X 0 0 0 0 0 0 0 0 X 0 0 0 0 X
X X 0 0 X 0 0 X X 0 0 0 0 X 0 0 0 X 0 0 0 0 0 0 0 0 0 0 0 0 0 0 0 0 0 0 0 0 0 0 0 0 0 0 0 0 0 X 0 X 0 X 0 0 0 0 X 0 0 0 X X 0 0 0 0 0 0 0 X 0 0 0 0 0 X 0 0 0 X 0 0 0 0 X 0 0 X 0 0 X X 0 0 0 X 0 0 0 0 X 0 0 0 0 0 0 0 0 0 0 0 0 X X X 0 0 0 0 0 0 0 0 X 0 0 0 0 0 0 0 0 0 X 0 X 0 0 X 0 0 0 0 X 0 0 0 0 0 X 0 0 0 X 0 0 X 0 0 0 0 0 0 0 0 0 0 0 0 X 0 X 0 X 0 0 0 0 X 0 X X X 0 0 0 X 0 0 0 0 0 X 0 0 0 0 0 0 0 0 0 0 0 X 0 X 0 X X 0 0 0 0 0 0 0 X 0 0 0 0 0 0 0 X X 0 0 0 0 X 0 X 0 0 0 0 0 0 0 0 0 0 X 0 0 X 0 0 0 0 0 0 0 0 0 0 X 0 0 0 0 0 X 0 0 0 0 0 0 0 X X 0 0 0 X 0 0 X 0 0 0 0 0 0 0 X 0 0 0 0 0 0 0 0 0 0 0 X X 0 0 0 0 0 X 0 X 0 0 X 0 0 0 0 0 X X 0 0 X 0 0 0 X 0 0 0 0 0 0 X 0 0 0 0 0 0 0 0 0 0 0 X X 0 0 0 0 0 0 0 0 0 0 0 0 X X 0 X 0 X 0 0 0 0 0 0 0 X 0 0 0 0 0 X 0 X X 0 X 0 0 0 X X 0 0 X 0 0 0 X 0 0 X
X 0 0 0 0 0 0 0 0 X 0 0 X X 0 0 X 0 X 0 0 X X 0 0 0 0 0 0 0 X 0 0 0 0 0 X 0 X 0 0 0 0 0 X 0 0 X 0 0 0 0 0 0 0 X 0 X X 0 0 0 X 0 X 0 0 0 X X 0 0 X 0 0 0 0 0 0 0 0 0 0 0 0 0 0 0 X X 0 0 0 0 X X 0 0 0 0 X 0 0 0 0 X 0 0 0 0 0 0 0 0 X 0 0 X 0 X 0 0 0 0 X 0 0 0 X 0 0 X 0 0 0 0 X X 0 X 0 0 0 X 0 0 X 0 X 0 0 X 0 0 0 0 X X 0 0 0 0 0 X X 0 0 0 0 X 0 X 0 0 0 X 0 0 0 0 X 0 0 0 0 0 0 X 0 0 0 0 X X 0 0 0 0 0 0 0 0 0 0 X 0 0 0 0 0 0 0 X 0 0 0 0 X 0 X 0 0 0 0 0 0 0 X 0 0 X 0 0 X 0 0 0 0 X X 0 0 0 X 0 0 0 0 0 0 0 X 0 X 0 0 X X 0 0 0 X 0 0 0 0 0 0 0 0 0 0 0 0 0 0 0 X 0 0 0 0 0 0 0 X 0 0 0 0 0 0 0 X X 0 0 0 0 0 X 0 0 0 0 0 X 0 0 0 0 0 X 0 X 0 X 0 0 0 0 0 0 0 X 0 0 0 0 0 0 0 0 0 X X 0 0 X X 0 0 0 0 0 0 0 0 X 0 0 0 0 X 0 X 0 0 0 0 0 X 0 0 0 0 0 0 0 0 0 0 0 0 0 0 0 0 0 X X 0 0 0 0 0 0 X 0 0 0 0 0 0 0 X 0 0 0 X
X 0 0 X 0 0 0 X 0 0 0 0 0 X 0 X 0 0 0 0 0 X 0 0 X 0 0 0 0 0 0 0 0 0 0 X 0 0 0 0 0 0 0 0 0 0 0 X 0 0 0 0 0 0 0 0 X 0 0 X 0 0 0 0 X 0 X 0 X 0 0 0 0 0 X X 0 0 X 0 0 0 0 0 0 0 0 0 0 0 0 0 X 0 0 0 0 0 X 0 0 0 0 0 0 X 0 X X 0 0 0 0 0 0 X 0 0 0 X 0 X 0 0 X X 0 0 0 X 0 0 X 0 0 0 0 0 X 0 0 0 0 0 X 0 X 0 0 0 0 0 0 0 0 0 0 0 0 X 0 0 0 0 0 0 0 0 0 X 0 0 0 0 X 0 X 0 0 0 0 0 0 0 0 0 0 0 0 X 0 X 0 0 0 0 0 0 0 0 X 0 X 0 X X X 0 X X X X X 0 0 X 0 0 X X 0 0 X X 0 0 0 0 0 0 0 0 0 X 0 X X 0 0 X X 0 0 0 0 0 0 0 0 0 0 0 0 0 0 0 0 X 0 0 0 0 0 0 0 X 0 0 0 0 0 0 0 0 X 0 0 0 0 0 0 0 0 X 0 0 0 0 0 X 0 0 0 0 0 X 0 0 X 0 0 0 0 0 0 X 0 0 X 0 0 0 0 0 0 X 0 0 0 0 X 0 0 X 0 X 0 0 0 0 0 0 0 0 0 0 0 0 0 0 0 0 0 X 0 0 0 0 0 0 0 0 0 0 0 X X 0 0 0 0 X 0 X 0 0 0 0 0 0 X X 0 0 0 0 0 0 X 0 0 X 0 0 0 X 0 0 0 X 0 0 0 0 0 0 0 0 0 X
X 0 0 0 0 X X 0 0 0 0 0 0 0 0 X 0 0 0 0 0 0 0 0 X 0 0 0 0 0 0 0 X 0 0 0 0 0 0 0 0 X 0 X 0 0 0 0 0 0 X 0 0 0 0 0 0 0 0 0 X 0 0 0 0 0 X 0 0 0 X 0 0 0 0 0 0 0 0 0 X X X 0 0 0 0 X 0 0 0 X 0 0 X X X 0 0 0 0 0 0 X 0 X X 0 0 0 0 0 0 0 0 X 0 X 0 0 X 0 0 X X 0 0 X 0 0 X 0 0 X 0 X 0 0 0 0 X X X 0 0 0 0 0 X X X X 0 0 0 X X 0 0 0 0 0 X 0 0 0 0 0 0 0 0 0 X 0 0 X X 0 0 0 0 X 0 0 0 0 0 0 0 0 0 0 X 0 0 X 0 0 0 0 0 0 0 0 0 X 0 0 0 X X 0 0 0 0 0 X 0 X 0 0 0 0 0 0 0 0 X X X 0 0 X 0 X 0 X 0 0 0 X X 0 0 X 0 0 0 0 0 X 0 X 0 0 0 0 0 0 0 0 0 0 0 0 0 0 0 0 0 0 0 0 0 0 0 0 X 0 0 0 0 0 0 0 0 0 0 0 0 0 X 0 0 0 0 0 0 0 0 0 X X 0 X 0 0 X 0 0 X 0 X 0 X X 0 0 0 X 0 0 0 0 X 0 0 0 0 0 0 X 0 0 X 0 0 0 0 0 0 0 0 0 0 0 0 0 0 0 0 X 0 0 0 0 0 0 0 0 0 X X 0 X 0 0 X 0 0 0 0 0 0 0 0 0 0 0 0 0 0 0 X 0 0 0 0 0 0 X X X X 0 0 0 0 X X
X 0 0 0 0 0 0 X 0 X 0 0 0 0 0 0 0 0 0 0 X 0 0 0 0 0 0 0 X X 0 0 X 0 X 0 0 X 0 X 0 0 0 0 0 0 0 0 0 0 X 0 X X 0 X 0 0 0 X 0 0 0 0 X 0 0 0 0 0 0 0 0 0 0 0 0 X 0 0 0 0 0 0 0 0 X 0 0 X X 0 0 X 0 0 0 0 0 0 0 X 0 0 0 0 0 0 0 0 0 0 0 0 0 X 0 0 0 0 0 0 X 0 0 0 X 0 0 0 0 0 X 0 0 X 0 X X 0 0 0 X 0 0 0 0 0 0 0 0 0 0 0 0 0 0 0 0 0 0 0 0 0 0 X X 0 0 0 0 0 0 0 X 0 0 0 0 0 0 0 0 X 0 0 0 X 0 X 0 0 0 0 0 0 0 0 0 0 0 0 0 0 X 0 0 X 0 0 0 0 0 0 X 0 0 0 0 0 X X 0 X X 0 X X 0 0 0 X 0 X 0 0 X 0 0 0 0 0 0 0 0 0 0 0 0 0 0 0 0 X 0 0 0 0 0 0 0 0 0 0 0 X X 0 0 X 0 0 X 0 0 0 0 0 0 0 X 0 0 0 X 0 0 0 0 X X X X 0 0 0 0 0 X 0 0 X 0 0 X 0 0 0 X 0 X 0 0 0 0 X 0 X 0 X 0 0 0 0 0 0 0 0 0 X 0 0 0 0 X 0 0 0 0 0 0 X 0 0 0 0 0 0 0 0 0 0 0 0 0 0 X X X 0 0 0 0 0 0 0 0 0 X 0 0 0 0 0 0 X X 0 0 0 0 X 0 0 0 0 0 0 0 0 0 0 0 0 0 X 0 0 0 X
X X 0 0 0 X 0 0 0 X X 0 0 0 0 0 0 0 0 0 0 0 0 0 0 0 0 0 0 0 0 0 X 0 0 0 0 X 0 0 X 0 0 0 0 0 0 0 0 0 X 0 0 0 0 0 0 0 0 0 X 0 0 0 0 X X X 0 0 0 0 0 0 0 0 0 X 0 0 0 0 X 0 0 0 0 0 0 0 0 0 0 0 0 0 X 0 0 0 X X 0 0 0 0 0 0 0 0 X 0 X 0 0 X 0 0 0 X 0 0 0 0 0 0 X 0 0 X 0 0 X 0 X 0 0 0 X 0 X X 0 X 0 0 0 0 0 X 0 X 0 0 0 0 0 0 0 0 0 0 0 0 0 0 0 0 0 0 X 0 X 0 X X X 0 0 0 X 0 0 0 0 0 X 0 0 0 X 0 X X X X 0 X 0 X 0 0 0 X X X 0 0 0 0 0 0 0 X X X 0 0 0 X 0 0 0 0 0 0 0 0 0 0 0 0 0 X 0 X X 0 0 0 0 0 X 0 0 0 X 0 0 X 0 0 0 0 X X 0 0 0 X 0 X 0 0 0 0 0 0 0 0 0 0 0 0 0 0 0 X X 0 0 0 X 0 0 X 0 0 0 0 0 0 0 0 0 0 X 0 0 0 0 0 0 0 0 X 0 0 0 X 0 X X 0 0 X 0 0 0 0 0 0 0 0 0 X 0 0 X 0 X 0 0 0 X 0 0 X 0 X 0 X X 0 0 0 0 0 X 0 0 0 0 0 0 0 0 0 0 0 0 X 0 0 X 0 0 0 X 0 0 0 0 0 0 X 0 0 0 0 0 X 0 0 0 0 X 0 0 0 0 0 0 0 0 X 0 0 0 X
X 0 0 0 0 0 X 0 X X X 0 0 0 X X 0 0 0 0 0 0 0 0 0 0 0 0 0 0 X X 0 0 0 X X 0 X 0 0 0 0 0 0 0 0 0 0 0 0 0 0 0 X 0 0 0 X 0 0 0 0 0 0 0 0 0 0 0 0 0 0 0 0 0 X 0 0 0 0 0 0 0 0 0 0 0 0 0 0 0 0 X 0 0 0 0 0 0 0 X 0 X 0 0 0 0 0 0 X 0 0 0 0 0 0 0 0 0 0 0 0 0 X 0 0 0 X 0 X 0 0 0 0 0 0 0 X 0 X 0 X 0 0 X 0 0 0 X 0 0 0 0 0 0 X 0 0 0 0 0 0 0 0 0 X 0 0 X 0 0 0 0 X 0 0 X 0 0 0 X 0 X 0 0 X X 0 X 0 0 0 0 X 0 X 0 X 0 0 0 0 0 0 0 0 0 0 X 0 0 0 0 0 0 0 X 0 0 0 0 0 0 0 X 0 0 0 0 X 0 X 0 0 0 0 X X 0 0 X 0 0 0 X 0 X 0 0 0 0 0 0 0 0 0 0 0 X X X 0 0 0 X 0 0 0 X 0 0 0 0 0 0 0 X 0 0 0 0 0 0 0 0 0 0 0 X 0 0 0 X 0 0 0 0 0 0 0 X 0 0 0 0 0 X 0 0 0 0 0 0 0 X 0 0 0 0 0 0 0 0 X 0 X 0 X 0 0 X 0 X 0 0 0 0 0 0 0 0 X 0 0 0 0 0 0 0 0 0 X 0 0 0 X 0 X 0 X 0 0 X 0 0 X 0 0 0 0 0 X 0 0 0 0 0 0 0 0 0 0 0 0 0 0 0 0 0 0 X X X X X 0 0 0 X
X 0 0 0 0 0 X X 0 0 0 0 0 0 0 X 0 0 0 0 0 X 0 X 0 X 0 0 0 X 0 0 0 0 0 0 0 0 0 X X 0 X 0 0 0 0 0 0 0 0 0 0 0 0 0 X 0 X 0 0 0 0 0 0 0 X 0 0 0 X 0 X 0 0 X 0 X 0 0 0 0 0 0 0 0 0 0 0 0 X 0 0 0 0 0 0 0 0 0 0 0 0 0 0 0 0 X 0 0 0 0 0 0 0 X 0 0 0 0 0 0 0 0 0 0 0 0 0 X X X 0 0 0 0 0 0 0 0 0 0 X 0 0 0 X 0 0 0 0 0 X 0 0 0 0 0 0 0 0 X X X 0 0 0 0 0 0 0 0 X 0 X 0 0 X 0 0 0 0 X X 0 0 0 0 0 0 0 0 0 0 0 0 0 0 0 X X X X 0 0 0 0 X 0 0 X 0 X 0 0 0 0 X 0 0 0 0 X 0 0 0 X 0 0 X 0 0 0 0 0 0 0 0 0 X 0 0 0 0 X 0 0 0 0 X 0 0 0 0 X 0 0 0 X 0 0 X 0 0 0 X 0 0 0 X 0 0 0 0 0 X X 0 0 0 0 0 0 X 0 X X 0 0 0 0 0 0 0 0 X 0 X 0 X 0 0 0 0 0 X X 0 0 0 0 0 0 0 0 0 X 0 X 0 0 0 0 0 0 X 0 0 X X 0 0 0 0 0 0 0 0 0 0 0 0 X X 0 0 0 0 0 X 0 0 0 0 0 0 X X 0 0 0 X 0 0 0 X 0 0 0 X 0 X 0 0 0 X 0 0 X 0 0 0 0 X 0 0 0 0 X 0 X 0 0 0 X 0 0 X X X
X X 0 0 0 0 0 0 0 0 0 0 0 0 0 0 0 0 0 X 0 0 0 0 X 0 X 0 0 0 0 0 0 0 0 0 0 0 0 X 0 0 0 0 X 0 0 0 0 0 X X 0 X 0 X X 0 0 0 0 0 0 0 0 X 0 0 0 0 X 0 0 0 0 X X 0 0 0 0 0 0 X 0 0 X X 0 0 X 0 0 0 0 0 0 X 0 X 0 0 0 0 0 X 0 0 0 0 X 0 0 0 X 0 0 0 0 X X 0 0 0 0 0 0 0 0 0 0 X 0 X 0 0 0 0 0 X 0 0 X 0 0 0 0 X 0 0 0 0 0 0 0 0 0 0 0 0 0 0 0 0 X 0 X 0 0 0 0 X 0 0 0 0 0 0 X X 0 0 0 0 0 0 0 0 0 0 0 0 X 0 0 0 0 0 0 0 0 X 0 X 0 X 0 0 X 0 0 0 0 0 0 0 0 0 0 0 0 0 0 X 0 0 0 0 X 0 0 0 X 0 X 0 0 0 0 0 0 X 0 0 0 0 X 0 0 0 X 0 0 0 0 0 0 X X 0 0 0 X 0 0 0 0 0 0 X 0 0 0 X 0 0 0 0 X X 0 0 0 0 X 0 0 0 0 0 0 0 0 0 0 0 X 0 X X X 0 0 X 0 0 0 0 0 0 0 0 0 0 X X 0 0 0 0 0 0 0 0 X 0 0 X 0 0 0 0 0 X 0 0 0 0 0 0 0 X 0 0 X X 0 0 0 0 X 0 0 0 0 X 0 0 0 0 X 0 X 0 0 X X 0 0 0 X 0 0 0 0 0 0 0 X X 0 0 0 0 0 0 0 0 0 0 X X 0 0 X 0 0 0 0 X
X 0 0 0 0 0 0 X 0 0 0 0 0 0 0 X X 0 0 0 X X 0 0 0 0 0 0 X X 0 0 0 0 X 0 0 0 0 0 0 0 X 0 0 0 0 0 0 0 0 0 0 X 0 0 X X 0 0 0 0 0 0 0 X 0 0 0 X 0 0 0 X X X 0 0 X 0 0 0 0 0 0 0 0 0 0 0 0 X 0 0 0 X 0 X 0 X 0 X 0 0 X 0 0 0 0 0 0 X 0 0 0 0 0 0 X 0 X 0 0 0 X 0 X 0 0 X 0 0 0 0 0 0 0 0 X 0 0 0 0 0 0 0 0 X X 0 0 X 0 0 X X 0 0 0 X 0 0 X 0 0 X X 0 0 X 0 0 0 0 0 0 0 0 0 0 0 X 0 0 0 X 0 0 0 0 0 0 0 0 0 X X 0 0 0 0 X 0 0 0 X 0 0 X 0 X 0 0 0 X 0 0 0 0 0 0 X 0 0 X 0 0 0 0 0 0 0 0 0 0 0 0 0 0 X X 0 0 0 0 X 0 X 0 0 0 0 0 X 0 0 X 0 0 X 0 X 0 0 X 0 0 X 0 0 0 0 0 X 0 0 0 0 0 X 0 0 0 0 0 0 0 X X 0 0 0 0 0 0 X 0 0 0 0 0 0 0 0 X 0 0 0 X 0 0 0 0 X 0 0 0 X X 0 0 0 0 0 0 0 0 0 0 X X 0 0 0 X X 0 X 0 0 X 0 0 X 0 X 0 0 X 0 0 X 0 0 0 0 0 0 0 X 0 0 0 0 0 0 0 0 X 0 0 0 0 0 0 0 0 0 0 X 0 0 0 0 X X 0 0 0 X 0 0 0 0 0 0 0 0 0 X
X X 0 0 0 0 0 0 0 0 0 0 0 X 0 0 0 0 X X 0 0 0 0 0 0 0 X 0 0 0 0 0 0 0 0 0 0 0 0 0 0 X 0 0 0 0 0 0 X 0 0 0 X 0 X 0 0 0 0 0 0 0 0 X 0 0 0 0 0 0 X 0 0 X X 0 X 0 0 0 0 0 X 0 0 0 0 X 0 0 0 X X 0 0 X 0 X 0 0 0 0 0 0 0 0 X 0 0 0 0 0 0 0 0 0 0 X 0 0 0 0 0 0 X 0 0 0 0 0 0 X 0 X 0 0 0 0 X 0 0 0 X 0 X 0 0 0 0 0 0 0 0 0 X 0 0 0 0 0 0 0 0 0 0 0 X 0 X 0 0 0 0 0 X 0 0 0 0 0 0 X 0 0 0 0 0 0 0 X X 0 0 X 0 0 0 0 X 0 X 0 0 0 0 X 0 0 0 0 X X 0 X 0 0 0 0 0 0 X 0 0 0 0 0 0 0 0 0 0 X 0 0 0 0 0 0 0 0 X 0 0 0 0 0 0 0 0 X X 0 0 0 X 0 0 0 0 0 0 0 0 0 X 0 X X X 0 0 0 X X 0 0 X 0 X 0 X 0 0 X X X X 0 X 0 0 0 0 0 0 0 0 0 0 X 0 0 X 0 0 0 0 0 0 0 0 0 X 0 0 0 0 0 X 0 X 0 0 0 0 0 0 0 0 0 0 X 0 0 0 0 0 0 0 0 0 0 X 0 0 X 0 0 X X X X 0 0 0 0 0 0 0 0 0 0 0 0 0 0 X X 0 0 0 0 X X 0 0 0 0 0 0 0 X 0 0 X X X 0 0 0 X 0 X 0 0 0 X X X
X 0 0 0 0 0 0 0 0 0 0 0 X X X 0 0 0 0 X 0 0 0 0 X 0 0 0 0 0 0 0 0 0 0 0 0 0 0 0 0 0 0 X X 0 0 X 0 0 0 0 0 0 0 X 0 X 0 0 X 0 0 X 0 0 0 0 0 0 X 0 X 0 0 0 0 0 0 X 0 0 0 0 0 0 0 0 0 0 0 0 X 0 0 0 X 0 0 X 0 0 0 X 0 0 0 0 0 X 0 0 0 0 0 0 0 0 0 0 0 0 X X 0 0 0 0 0 0 0 0 0 0 0 X 0 0 0 0 0 0 0 0 0 0 0 0 0 X 0 X 0 X X 0 0 X 0 X 0 0 X 0 0 0 0 0 0 0 0 0 0 0 0 0 X X 0 X 0 0 0 X 0 0 0 0 0 0 0 0 0 0 0 0 X 0 0 0 X 0 0 X X 0 0 0 0 0 X 0 0 0 X 0 0 0 X 0 0 X 0 0 X 0 0 0 0 0 0 0 X 0 0 X 0 0 X 0 X 0 0 0 0 0 X 0 0 X 0 0 X 0 0 0 0 0 0 0 0 0 0 0 0 0 X 0 X X 0 0 0 0 0 0 0 0 0 0 0 X 0 X 0 0 0 X 0 0 0 0 0 0 0 0 0 X X 0 X 0 0 0 0 0 X 0 0 0 0 X X 0 X 0 0 0 X 0 0 0 0 0 X 0 0 0 0 X 0 0 0 0 0 0 0 X 0 0 X 0 0 0 0 0 X 0 X 0 0 0 0 0 X 0 0 0 0 0 0 0 0 X 0 0 0 0 X 0 0 0 0 0 0 X 0 X 0 X 0 0 0 0 X X X 0 0 X 0 0 X 0 0 0 0 0 0 X
X 0 0 0 X 0 0 0 0 0 X X 0 0 0 X 0 0 0 0 0 0 X X 0 0 X 0 X 0 0 0 X 0 0 0 0 0 X 0 0 0 0 0 0 0 0 0 X 0 X X 0 0 0 0 0 X X 0 0 0 X X 0 X 0 0 0 0 X 0 0 0 0 0 X 0 0 0 0 0 0 X 0 0 0 X 0 0 0 0 X X X X 0 X 0 0 0 0 0 X 0 0 X 0 0 X X 0 X 0 0 0 X 0 0 0 0 X 0 X 0 X 0 0 X 0 0 0 0 0 X 0 X 0 0 0 0 0 X 0 0 0 0 0 0 0 0 0 X 0 0 X 0 0 0 0 0 0 0 0 X 0 X 0 0 0 0 X 0 0 0 0 X 0 0 X 0 0 0 0 0 0 0 0 0 X 0 0 0 0 0 0 0 X 0 0 0 X X X 0 0 0 0 0 0 0 0 0 0 X 0 0 0 0 0 X 0 X 0 0 0 0 0 0 0 X 0 0 0 0 0 X 0 X 0 0 0 0 X 0 0 0 0 0 0 0 X 0 0 0 0 X 0 0 0 0 0 0 0 0 X 0 0 0 0 0 0 0 X 0 0 0 0 0 0 0 0 0 0 X 0 X 0 0 X 0 0 0 X 0 X 0 X 0 0 0 0 0 0 0 0 0 0 X 0 0 0 X X 0 0 0 X 0 0 0 X 0 0 0 0 0 0 0 0 0 0 X X 0 X X 0 0 0 0 X X X 0 0 0 0 0 X 0 X 0 0 X 0 0 0 0 0 0 X 0 0 0 0 0 0 X 0 X 0 0 0 0 0 X 0 X 0 0 0 0 0 X 0 0 0 X 0 X 0 0 0 0 X 0 0 0 X
X 0 0 0 X 0 X 0 0 0 0 0 0 0 0 X 0 0 X 0 0 0 X 0 0 0 0 0 0 X 0 0 0 0 0 X 0 0 X X 0 X 0 0 0 0 0 X X 0 0 0 0 0 0 0 X 0 0 X 0 0 0 X 0 X 0 0 0 0 0 0 0 0 0 0 0 0 0 X 0 0 X 0 0 0 0 0 X 0 0 0 0 0 0 0 0 0 0 0 0 0 0 X 0 X 0 0 0 X 0 0 0 0 0 0 0 0 0 0 0 X 0 0 X 0 0 X 0 0 0 0 X 0 0 0 0 0 0 0 0 X 0 X 0 0 0 X 0 0 0 0 X 0 0 0 0 0 0 0 0 0 X 0 0 X 0 0 0 X 0 0 0 X 0 0 X X X X 0 X X 0 0 0 0 0 X 0 0 0 0 0 0 0 0 0 0 0 0 0 0 X 0 0 0 0 0 X 0 0 0 0 X X 0 0 0 0 X X 0 0 0 0 X 0 X 0 0 X 0 0 0 0 0 0 0 0 0 X 0 X 0 0 X X 0 0 0 0 0 0 0 0 0 0 0 X 0 0 0 X 0 0 0 X 0 X 0 0 0 X 0 0 0 0 0 X X 0 0 0 0 0 X 0 0 0 X 0 0 0 X 0 0 0 0 X X 0 0 0 0 0 0 0 0 0 0 X X X 0 0 X 0 0 0 0 0 0 0 0 0 0 0 0 X 0 0 0 0 0 0 0 0 0 0 0 0 X X 0 0 0 X 0 0 0 0 X 0 0 X X X 0 0 X X 0 X 0 0 0 0 0 X 0 0 0 X 0 0 0 X X 0 X 0 X 0 0 0 0 X 0 0 X 0 0 0 0 X 0 X 0 X
X 0 X 0 0 X 0 0 0 X 0 0 0 0 0 0 0 0 0 X 0 0 0 0 0 X X 0 0 0 0 0 0 X X X X 0 0 0 0 0 0 0 0 0 0 0 0 0 X 0 0 X 0 X 0 0 X 0 X 0 0 X 0 0 0 0 0 0 0 X 0 X 0 0 0 0 0 0 0 0 0 0 0 0 X 0 0 X 0 0 0 0 0 0 X 0 0 0 0 0 X 0 0 0 X 0 0 0 X X 0 0 X X 0 0 0 0 0 0 X 0 0 0 0 0 0 0 X X 0 0 0 0 X 0 0 0 0 0 0 0 0 0 0 0 0 0 0 0 0 0 X 0 X 0 0 0 0 0 0 0 0 0 0 0 0 0 0 0 0 0 0 0 X 0 X 0 0 0 X X X X X 0 X X 0 X X 0 0 0 0 0 0 0 X 0 0 0 0 0 0 0 0 0 0 0 X 0 X X 0 0 0 0 0 0 X 0 0 X 0 X 0 0 0 0 0 0 0 0 X X X X X 0 0 0 0 X 0 0 0 X 0 0 0 X 0 0 0 0 0 0 0 0 0 X 0 X 0 X X 0 0 0 0 0 0 0 0 0 0 0 0 X X 0 X 0 0 X 0 0 X 0 0 0 0 0 X 0 X X 0 0 0 X X X 0 0 0 0 0 0 0 0 X 0 0 0 0 X 0 0 0 0 0 0 X 0 0 0 0 0 0 0 0 0 0 0 0 0 0 X X 0 0 0 0 X X 0 X 0 0 X 0 0 X 0 0 X X 0 0 0 0 0 X 0 0 0 0 0 X 0 0 0 0 0 0 0 X 0 0 0 0 0 0 X X 0 0 0 0 0 0 0 0 X 0 X
X 0 0 0 0 0 X 0 0 0 0 0 0 0 0 0 0 X X 0 0 0 0 0 0 X 0 X X 0 X 0 X 0 X 0 X 0 X 0 0 0 0 0 0 0 X 0 0 0 0 0 0 0 X 0 0 X 0 0 0 0 0 0 0 0 0 0 0 X 0 X 0 0 0 X 0 0 X 0 0 0 0 0 0 X 0 0 0 0 0 0 0 0 0 0 0 0 X 0 0 0 0 X 0 0 0 0 0 0 0 0 X 0 0 0 0 X X 0 0 X 0 X 0 0 0 0 0 0 0 0 0 0 0 X 0 0 0 X 0 0 0 0 0 0 0 X 0 X X 0 0 0 0 0 0 0 0 0 0 0 X X 0 0 0 0 0 0 0 0 0 0 X 0 0 X X 0 0 0 0 0 0 0 0 0 0 X 0 0 0 0 0 0 0 0 0 0 0 0 0 0 0 0 X 0 0 X 0 X X 0 0 X 0 0 0 0 0 0 X 0 0 0 0 0 X 0 0 0 0 0 0 0 0 0 0 0 0 0 0 0 0 0 0 0 X 0 0 0 0 0 0 0 0 0 0 0 0 X 0 0 0 0 0 0 0 0 X 0 0 0 X 0 0 0 0 0 0 X 0 0 0 0 0 0 X 0 0 0 0 0 0 X 0 0 X 0 0 X X 0 X 0 0 0 0 0 0 0 0 0 0 0 0 0 0 0 0 0 0 0 0 0 0 X 0 0 0 X 0 0 0 0 0 0 0 0 0 0 0 0 0 0 0 X X 0 0 0 0 0 0 X 0 0 0 0 0 0 X 0 0 0 0 0 X 0 0 0 X 0 0 0 X 0 0 0 0 0 0 0 0 0 0 0 0 0 X 0 0 0 0 0 0 X 0 X
X 0 0 0 0 0 0 0 X 0 0 X 0 0 0 0 0 0 0 0 0 0 0 0 0 0 0 0 0 X 0 0 0 0 0 0 0 0 0 0 0 0 0 0 0 0 0 0 0 0 X X X X 0 X 0 0 0 X X X 0 0 0 X 0 0 0 0 0 0 0 0 0 0 0 0 0 0 0 0 0 0 X 0 0 0 X 0 0 X 0 0 0 X 0 X 0 0 X 0 0 X 0 X X 0 0 0 0 X 0 X 0 0 0 0 0 X 0 0 0 0 0 0 0 0 0 X 0 0 0 0 0 0 0 0 0 0 0 0 0 0 0 X 0 X 0 0 X 0 0 0 X 0 0 0 0 0 0 0 0 0 0 X 0 0 X 0 X 0 0 0 0 X X 0 0 0 0 0 0 0 0 X 0 0 0 X 0 0 X 0 0 0 0 0 0 0 0 0 0 0 0 0 0 X 0 0 0 X 0 0 X 0 0 0 0 0 X 0 X 0 0 0 0 0 0 0 0 0 0 0 0 0 0 0 X 0 X 0 0 0 0 X 0 0 X 0 X 0 0 X 0 0 0 0 0 0 X X 0 0 X 0 0 0 0 X 0 0 X 0 0 0 0 0 X 0 0 0 0 X X 0 0 X 0 0 X 0 0 0 0 0 0 0 0 X X 0 0 X 0 0 0 0 0 0 X 0 0 X 0 X 0 0 0 0 X 0 0 0 0 0 X 0 0 0 0 0 X 0 0 0 0 0 X 0 0 0 0 0 0 X 0 0 0 0 0 0 0 X 0 0 X 0 0 0 0 0 X 0 0 0 0 0 0 0 0 0 0 X 0 0 X 0 0 0 0 0 X X 0 0 0 0 0 0 X 0 0 0 0 0 0 0 0 X
X 0 X 0 0 X 0 0 0 0 0 0 0 0 X X 0 X 0 0 X 0 0 0 0 0 X X 0 0 0 0 0 0 0 0 0 0 0 0 X 0 0 0 X 0 0 0 X 0 0 0 0 X 0 0 0 X X X 0 X 0 X 0 0 0 0 0 0 0 0 X 0 X 0 0 0 X 0 0 0 X 0 0 X 0 0 0 0 X X 0 0 0 0 0 X 0 0 X 0 0 X 0 X 0 0 0 0 0 0 0 0 X 0 0 X 0 X 0 X 0 X X 0 0 0 X 0 0 0 0 0 0 0 0 0 X 0 0 0 X X 0 0 0 0 0 0 X 0 0 0 X 0 0 0 0 0 0 0 0 0 0 0 0 0 0 0 0 0 0 0 0 0 0 0 0 0 0 0 0 0 X 0 X 0 0 0 0 0 0 0 X 0 0 0 X 0 0 0 0 0 0 0 0 0 0 0 0 0 0 0 0 0 0 0 0 X X X X 0 X X X 0 0 0 0 0 0 0 0 0 0 0 0 X X X 0 0 0 0 X 0 0 X 0 0 0 X 0 0 X 0 X 0 0 X 0 0 0 X 0 0 0 0 X X 0 0 0 0 0 0 0 X 0 X 0 X 0 0 0 X 0 0 0 0 X 0 0 0 0 0 X 0 X 0 0 0 0 0 0 X X 0 0 0 0 0 0 X X 0 0 0 0 0 0 0 0 0 X 0 0 0 X 0 X 0 X 0 0 X X 0 0 0 0 0 0 0 X X 0 X 0 0 0 0 0 0 X 0 0 X 0 X 0 0 0 0 0 0 0 0 0 0 0 0 0 0 0 X 0 0 0 0 0 0 X 0 0 0 0 0 0 0 0 X 0 0 0 0 0 X
X 0 0 X 0 0 0 0 0 0 0 0 0 X 0 0 0 0 0 X 0 X 0 0 X X 0 0 0 X 0 0 0 0 0 0 0 0 X 0 0 X 0 0 X 0 0 0 0 X 0 X 0 0 0 0 0 0 0 X 0 0 0 0 0 0 X 0 0 0 0 X X X X X 0 X 0 0 X 0 X X 0 0 0 0 0 0 0 0 0 0 0 0 0 X X 0 X X 0 0 0 0 0 0 0 0 0 0 0 X 0 0 X 0 0 X 0 0 0 0 X 0 0 X 0 0 0 0 0 0 X 0 0 0 X 0 0 0 X 0 X 0 X 0 X X 0 0 0 0 0 0 0 0 0 0 0 0 0 0 0 X 0 0 0 X 0 0 0 0 X 0 0 0 0 0 0 0 X 0 X 0 0 0 0 0 0 0 0 0 X X X 0 0 0 0 X 0 X 0 0 0 0 X 0 0 0 0 0 0 0 0 0 X 0 0 0 0 0 0 0 X 0 0 X 0 X 0 0 0 0 X X 0 0 X 0 0 0 0 0 0 0 X X 0 0 0 0 0 X 0 0 0 0 0 0 0 0 X 0 0 X 0 0 0 0 0 0 0 0 X 0 0 X 0 0 0 0 0 0 X 0 0 0 0 0 0 0 0 0 X 0 0 0 0 0 0 X 0 X 0 0 0 0 X X 0 0 0 0 0 X 0 0 X X 0 0 0 0 0 0 0 0 X X 0 0 X 0 0 0 0 0 0 0 0 0 0 0 0 0 0 0 0 0 0 0 0 0 0 X 0 0 0 0 0 0 0 0 0 0 0 0 0 0 0 X X X 0 0 0 0 0 0 0 0 0 0 0 X 0 X 0 0 0 X 0 0 0 0 0 X
X 0 0 0 0 0 0 X X 0 0 0 0 0 0 0 0 0 0 0 0 0 0 0 0 X 0 0 0 X 0 0 0 0 0 0 X 0 0 0 0 0 0 0 0 0 0 0 0 0 0 0 0 X 0 0 X 0 X 0 0 0 X 0 0 0 X 0 X 0 0 X 0 0 0 0 0 0 0 X 0 0 X 0 0 0 X X 0 0 0 X 0 0 0 0 0 0 X X 0 0 X 0 0 0 0 0 0 X 0 0 0 0 0 0 0 0 0 0 X 0 0 0 0 0 0 0 0 0 0 X 0 0 X 0 0 0 X 0 0 0 0 X 0 0 0 0 0 0 0 X 0 0 0 0 0 0 0 0 0 0 0 0 0 X 0 0 0 0 0 0 0 0 0 0 X 0 0 X X 0 X 0 0 0 0 0 0 0 0 0 X 0 0 0 0 0 0 0 0 X 0 0 0 X 0 0 0 0 0 0 X X 0 0 X 0 0 0 X 0 0 0 0 0 0 0 X 0 X 0 X X 0 0 X X 0 0 0 0 0 0 0 0 0 0 0 0 0 X 0 0 0 0 X X X X 0 0 0 X 0 X 0 X 0 0 0 0 0 0 0 0 0 X 0 0 0 0 0 0 0 0 0 0 0 0 0 0 0 0 0 X 0 X 0 0 0 0 X 0 0 0 0 0 X 0 0 0 X 0 0 0 X 0 0 0 0 X 0 0 0 X X X X 0 X 0 0 0 0 0 0 X X 0 X 0 X 0 0 0 0 X 0 0 0 0 0 0 X 0 0 0 X 0 X 0 0 0 0 0 0 0 X 0 0 X 0 0 X 0 0 0 0 0 0 0 X 0 0 0 0 X 0 X 0 0 0 0 0 0 0 0 X X
X 0 0 0 X 0 0 0 0 0 0 0 0 X 0 0 0 0 0 0 0 0 X 0 0 0 0 0 0 0 0 0 X 0 0 0 0 0 0 0 0 0 X 0 0 X 0 0 0 0 X 0 0 0 X 0 0 0 0 0 0 0 0 0 0 0 0 X 0 X 0 0 0 0 0 0 X 0 0 0 X X 0 0 0 0 0 0 0 0 X X 0 0 0 0 0 0 0 0 0 0 0 0 0 0 0 X 0 0 0 X 0 0 0 0 0 0 0 0 0 X 0 0 0 0 0 0 0 0 0 X 0 0 X 0 X 0 0 0 0 0 0 0 0 0 0 0 0 0 0 0 0 X X 0 X 0 0 0 X X X 0 0 0 0 0 0 X 0 0 0 X 0 X 0 X 0 0 X 0 X 0 0 0 0 0 0 X X 0 0 0 X 0 0 0 0 0 0 0 0 X 0 0 0 0 X X X 0 0 X X 0 0 0 0 0 X 0 X 0 X 0 X 0 0 X 0 0 0 0 0 0 0 0 0 0 X 0 0 0 0 0 X 0 0 0 X 0 X X X 0 0 X 0 0 0 0 X 0 X X X 0 0 X 0 0 0 0 0 0 0 0 X X 0 0 0 0 0 0 0 0 X 0 X 0 X X 0 0 0 0 0 0 0 0 0 0 0 0 0 0 0 X 0 0 0 0 X 0 0 X 0 X 0 X 0 0 0 0 0 0 0 0 0 0 0 0 0 0 0 0 0 0 0 0 0 0 X 0 0 0 0 0 X 0 0 X 0 0 0 0 0 0 0 0 0 0 0 X 0 X 0 0 0 0 X 0 0 X X 0 0 0 0 0 X 0 0 0 0 X 0 0 0 0 0 0 0 X 0 0 0 X
X 0 0 0 0 0 0 0 X 0 0 X 0 0 0 0 0 0 0 0 0 0 0 0 0 0 0 0 0 0 X 0 0 0 X 0 0 X 0 0 X 0 0 0 X 0 0 0 0 X 0 0 X 0 0 X 0 0 0 0 0 0 0 0 X 0 0 0 X X 0 X 0 X 0 0 0 0 0 X 0 0 0 X 0 0 0 0 0 0 0 0 0 X 0 0 0 X 0 0 0 0 0 0 X 0 0 0 0 0 0 0 0 0 0 0 0 0 0 0 0 0 X 0 X 0 X 0 0 X 0 X 0 X 0 0 0 0 0 0 0 0 0 0 X 0 0 0 0 0 X 0 0 0 0 0 0 0 X 0 0 0 0 X 0 0 0 0 0 0 0 0 0 0 0 0 0 0 0 0 0 0 0 0 0 0 0 X 0 0 X 0 0 X X 0 0 0 X X 0 0 0 0 0 0 0 X 0 0 0 0 0 X X 0 0 0 0 0 0 0 0 X 0 0 0 0 0 0 0 0 0 X 0 0 0 0 0 0 0 0 X 0 0 0 0 0 0 0 0 X 0 0 0 0 X 0 0 X 0 0 0 0 0 0 X 0 0 0 X 0 X 0 X 0 X 0 0 0 0 0 X 0 0 0 0 0 X 0 0 X 0 X X 0 0 X 0 0 X X 0 0 0 0 0 0 0 0 0 0 X 0 X 0 0 X 0 0 0 0 0 X 0 0 0 0 0 0 0 0 X 0 0 0 0 0 0 0 0 0 X X 0 0 0 0 0 0 0 0 X 0 0 0 0 0 0 0 0 X X 0 0 0 0 0 0 0 0 0 0 0 0 X 0 0 0 0 0 0 0 0 0 0 0 X 0 0 0 0 0 0 X 0 0 X 0 X
X 0 0 0 0 0 0 0 X 0 0 0 X X 0 0 0 0 X X 0 0 0 0 0 0 0 0 0 0 0 0 0 0 0 X X 0 0 0 0 0 0 X X 0 0 0 0 0 0 0 0 0 X 0 0 X 0 0 0 0 0 0 0 0 0 0 0 0 0 0 0 X 0 0 0 X X X 0 X 0 0 0 0 0 0 0 0 0 0 X 0 0 X 0 0 0 0 0 0 0 0 0 X 0 0 X 0 0 X X 0 0 0 0 0 0 0 0 0 0 0 0 0 0 0 0 0 X 0 0 0 0 0 0 0 0 X 0 0 X X X X 0 X 0 0 X 0 X 0 0 0 0 0 X 0 X 0 0 0 0 0 0 0 0 0 0 X 0 0 0 0 0 0 X 0 0 0 0 0 0 0 0 X 0 0 X 0 0 0 0 0 0 0 0 0 0 0 X 0 X 0 0 0 0 0 0 0 0 X 0 0 0 X 0 0 X 0 0 0 0 0 0 0 0 0 0 0 0 X 0 0 0 X X 0 0 0 0 0 0 0 0 X 0 0 0 0 0 X X 0 0 0 0 0 X X 0 0 0 0 X 0 X 0 0 X 0 0 0 X 0 0 0 0 0 0 0 0 0 0 0 0 X 0 0 0 0 X 0 0 X X 0 0 0 0 0 0 0 0 0 0 X 0 X 0 0 0 0 0 0 0 0 0 0 0 X 0 0 0 X X X X 0 0 0 0 0 0 0 0 X 0 0 0 0 0 0 0 X 0 0 0 0 0 X 0 0 0 X 0 0 0 0 0 0 X X 0 X 0 0 0 0 0 0 X 0 0 X 0 X 0 0 0 X 0 X 0 0 X 0 0 0 0 0 0 0 0 0 0 0 X
X X 0 0 0 X 0 0 0 0 X 0 0 0 0 X X 0 0 X 0 X X 0 0 0 0 0 0 0 X 0 0 X 0 0 0 0 0 X 0 0 0 0 0 0 0 X 0 0 0 0 X 0 0 X 0 0 0 0 0 0 0 0 0 0 X 0 0 0 X 0 X X 0 0 0 0 0 0 X 0 0 0 0 0 0 0 0 0 X 0 0 0 0 0 0 0 0 0 0 0 X X 0 X 0 0 0 0 0 0 0 0 0 0 0 0 0 0 0 X 0 X X 0 0 0 0 X 0 0 0 X 0 X 0 0 X 0 X 0 0 0 X 0 0 0 0 X 0 X 0 0 0 0 0 0 0 X 0 0 0 X 0 0 0 X 0 0 X 0 X 0 0 0 0 0 0 0 0 0 0 0 0 0 0 0 0 0 0 0 0 0 0 0 0 0 0 0 0 0 0 0 0 X 0 0 0 0 X 0 0 0 0 X X 0 X X 0 0 0 0 0 X X 0 0 0 0 X 0 0 0 0 0 0 0 0 0 0 0 0 X 0 0 0 X 0 0 0 0 0 0 X 0 0 0 0 0 0 0 0 0 0 0 X 0 0 0 X 0 0 0 0 0 X 0 0 0 X X 0 0 0 0 0 0 X 0 0 0 0 X 0 X 0 0 0 0 0 X 0 0 0 0 X 0 0 X 0 0 0 0 0 0 0 0 0 0 0 0 0 0 0 0 0 0 0 X 0 0 0 X X 0 X 0 0 0 X 0 0 X 0 0 0 X 0 0 X 0 0 0 0 0 0 0 X X X X X 0 0 0 0 0 0 0 0 0 0 0 0 0 0 0 X 0 0 0 X 0 0 0 0 0 0 0 X 0 0 0 0 0 X 0 X
X 0 0 X X 0 0 0 X 0 X 0 0 0 0 0 0 X 0 0 X X 0 X 0 0 X X 0 0 0 0 0 0 0 0 X 0 0 0 0 X 0 0 0 0 0 0 0 0 0 X 0 0 0 0 0 0 0 0 0 X 0 0 0 0 0 0 0 0 0 X 0 X 0 0 0 X 0 0 0 0 X 0 X 0 X 0 X 0 X 0 0 X 0 0 0 0 0 0 0 0 0 0 0 X 0 0 0 0 0 0 0 0 0 X 0 0 0 0 0 X 0 0 0 0 0 X 0 0 0 0 0 0 X 0 X X 0 0 0 0 0 0 0 0 0 0 0 0 X X 0 0 0 0 X X 0 0 0 X 0 0 X 0 X 0 0 0 X 0 0 0 X 0 0 0 0 0 0 0 0 0 X 0 0 0 0 0 0 0 0 0 0 0 0 0 X 0 0 0 0 0 0 0 0 0 0 0 0 0 0 0 0 0 0 0 0 0 0 X 0 0 0 X 0 X 0 0 0 X 0 0 0 0 X 0 0 0 0 0 X 0 X 0 X 0 X 0 0 0 0 0 0 0 X X X 0 0 0 0 0 0 0 0 X 0 0 0 0 0 0 0 X 0 0 0 0 0 0 0 0 0 0 X 0 0 0 0 0 0 0 0 0 0 0 0 0 0 0 0 0 0 X 0 0 0 0 0 0 X 0 0 0 0 0 0 0 0 0 0 0 0 0 0 0 0 0 X 0 0 0 0 X 0 X 0 0 0 0 X 0 0 0 0 0 0 0 0 X 0 0 0 0 X 0 0 0 0 0 0 X 0 0 0 0 0 0 0 0 0 0 0 0 0 0 0 0 0 X X 0 0 0 X X X 0 0 0 X 0 0 0 0 0 0 X
X 0 0 0 0 0 0 X 0 0 0 0 0 0 0 X 0 0 0 0 0 0 0 0 0 0 0 0 0 0 X X X 0 0 X X 0 0 0 0 0 0 0 0 0 0 0 0 0 0 0 0 X 0 0 X X 0 0 0 0 0 0 0 0 0 0 X 0 X 0 0 0 0 0 0 0 0 0 0 0 0 X 0 0 X 0 X X 0 0 0 0 0 0 0 0 0 0 0 X X 0 0 0 0 0 0 0 0 0 0 0 0 X 0 0 X 0 0 0 X X 0 X 0 0 0 0 0 0 0 0 0 X 0 0 0 X 0 X 0 0 0 X X 0 0 X 0 0 0 0 0 X 0 0 X X 0 0 0 X 0 0 0 0 0 0 0 0 0 0 0 0 0 0 0 X 0 0 0 0 0 0 0 0 0 0 0 0 X 0 0 0 X 0 0 0 0 0 0 0 X X 0 0 X 0 0 0 0 0 0 0 0 X 0 0 0 0 0 0 0 0 0 0 0 0 0 0 X 0 X X 0 X 0 0 0 0 0 0 0 0 X 0 0 0 0 0 0 0 0 0 X 0 0 X 0 0 0 0 0 0 0 X X 0 0 X 0 X X 0 0 0 0 0 0 0 X 0 0 X 0 0 X 0 0 X 0 0 0 X X 0 0 0 0 0 0 X 0 0 X 0 0 0 0 0 0 0 0 0 0 0 0 0 0 0 X 0 0 0 0 X X 0 0 0 X 0 X 0 0 0 0 X 0 0 X 0 0 0 0 0 0 X 0 0 0 0 X 0 0 0 0 X 0 X 0 0 0 0 0 0 0 0 0 X X 0 0 0 0 0 0 0 0 0 0 0 0 0 0 0 0 0 0 X X 0 X X 0 0 0 0
X X X X X X X X X X X X X X X X X X X X X X X X X X X X X X X X X X X X X X X X X X X X X X X X X X X X X X X X X X X X X X X X X X X X X X X X X X X X X X X X X X X X X X X X X X X X X X X X X X X X X X X X X X X X X X X X X X X X X X X X X X X X X X X X X X X X X X X X X X X X X X X X X X X X X X X X X X X X X X X X X X X X X X X X X X X X X X X X X X X X X X X X X X X X X X X X X X X X X X X X X X X X X X X X X X X X X X X X X X X X X X X X X X X X X X X X X X X X X X X X X X X X X X X X X X X X X X X X X X X X X X X X X X X X X X X X X X X X X X X X X X X X X X X X X X X X X X X X X X X X X X X X X X X X X X X X X X X X X X X X X X X X X X X X X X X X X X X X X X X X X X X X X X X X X X X X X X X X X X X X X X X X X X X X X X X X X X X X X X X X X X X X X X X X X X X X X X X X X X S X
Camino encontrado: (1, 0) -> (1, 1) -> (1, 2) -> (1, 3) -> (1, 4) -> (1, 5) -> (1, 6) -> (1, 7) -> (1, 8) -> (1, 9) -> (1, 10) -> (1, 11) -> (2, 11) -> (3, 11) -> (4, 11) -> (5, 11) -> (6, 11) -> (7, 11) -> (8, 11) -> (8, 10) -> (8, 9) -> (8, 8) -> (8, 7) -> (8, 6) -> (8, 5) -> (9, 5) -> (10, 5) -> (11, 5) -> (12, 5) -> (13, 5) -> (14, 5) -> (15, 5) -> (16, 5) -> (17, 5) -> (18, 5) -> (18, 6) -> (18, 7) -> (18, 8) -> (17, 8) -> (17, 7) -> (17, 6) -> (16, 6) -> (16, 7) -> (15, 7) -> (15, 8) -> (15, 9) -> (15, 10) -> (15, 11) -> (15, 12) -> (15, 13) -> (15, 14) -> (14, 14) -> (13, 14) -> (13, 13) -> (13, 12) -> (13, 11) -> (13, 10) -> (13, 9) -> (12, 9) -> (12, 8) -> (12, 7) -> (12, 6) -> (11, 6) -> (10, 6) -> (9, 6) -> (9, 7) -> (9, 8) -> (10, 8) -> (10, 9) -> (10, 10) -> (10, 11) -> (10, 12) -> (9, 12) -> (9, 13) -> (9, 14) -> (9, 15) -> (8, 15) -> (7, 15) -> (6, 15) -> (6, 14) -> (6, 13) -> (6, 12) -> (5, 12) -> (4, 12) -> (3, 12) -> (3, 13) -> (3, 14) -> (3, 15) -> (2, 15) -> (2, 16) -> (2, 17) -> (2, 18) -> (2, 19) -> (2, 20) -> (2, 21) -> (2, 22) -> (2, 23) -> (2, 24) -> (2, 25) -> (2, 26) -> (2, 27) -> (2, 28) -> (2, 29) -> (2, 30) -> (2, 31) -> (2, 32) -> (2, 33) -> (2, 34) -> (1, 34) -> (1, 35) -> (1, 36) -> (1, 37) -> (1, 38) -> (1, 39) -> (1, 40) -> (1, 41) -> (1, 42) -> (1, 43) -> (1, 44) -> (1, 45) -> (2, 45) -> (3, 45) -> (4, 45) -> (5, 45) -> (6, 45) -> (6, 46) -> (6, 47) -> (6, 48) -> (6, 49) -> (6, 50) -> (6, 51) -> (5, 51) -> (5, 52) -> (5, 53) -> (5, 54) -> (5, 55) -> (5, 56) -> (5, 57) -> (5, 58) -> (5, 59) -> (5, 60) -> (5, 61) -> (5, 62) -> (6, 62) -> (7, 62) -> (8, 62) -> (9, 62) -> (10, 62) -> (11, 62) -> (11, 61) -> (11, 60) -> (11, 59) -> (11, 58) -> (12, 58) -> (12, 59) -> (13, 59) -> (14, 59) -> (15, 59) -> (16, 59) -> (17, 59) -> (18, 59) -> (19, 59) -> (20, 59) -> (21, 59) -> (22, 59) -> (23, 59) -> (24, 59) -> (25, 59) -> (26, 59) -> (27, 59) -> (28, 59) -> (29, 59) -> (30, 59) -> (30, 60) -> (30, 61) -> (30, 62) -> (30, 63) -> (30, 64) -> (30, 65) -> (30, 66) -> (30, 67) -> (30, 68) -> (30, 69) -> (30, 70) -> (30, 71) -> (30, 72) -> (29, 72) -> (28, 72) -> (27, 72) -> (26, 72) -> (25, 72) -> (24, 72) -> (23, 72) -> (22, 72) -> (21, 72) -> (21, 73) -> (21, 74) -> (21, 75) -> (21, 76) -> (20, 76) -> (19, 76) -> (18, 76) -> (17, 76) -> (16, 76) -> (15, 76) -> (14, 76) -> (14, 75) -> (14, 74) -> (14, 73) -> (14, 72) -> (15, 72) -> (16, 72) -> (17, 72) -> (18, 72) -> (19, 72) -> (19, 71) -> (19, 70) -> (19, 69) -> (19, 68) -> (19, 67) -> (19, 66) -> (19, 65) -> (19, 64) -> (19, 63) -> (19, 62) -> (19, 61) -> (18, 61) -> (17, 61) -> (16, 61) -> (15, 61) -> (14, 61) -> (13, 61) -> (13, 62) -> (13, 63) -> (13, 64) -> (13, 65) -> (14, 65) -> (15, 65) -> (15, 66) -> (15, 67) -> (15, 68) -> (15, 69) -> (15, 70) -> (14, 70) -> (13, 70) -> (12, 70) -> (11, 70) -> (10, 70) -> (10, 69) -> (10, 68) -> (9, 68) -> (8, 68) -> (8, 67) -> (8, 66) -> (8, 65) -> (8, 64) -> (8, 63) -> (7, 63) -> (7, 64) -> (7, 65) -> (7, 66) -> (7, 67) -> (6, 67) -> (5, 67) -> (5, 68) -> (5, 69) -> (5, 70) -> (5, 71) -> (5, 72) -> (5, 73) -> (4, 73) -> (3, 73) -> (2, 73) -> (2, 74) -> (2, 75) -> (2, 76) -> (1, 76) -> (1, 77) -> (1, 78) -> (1, 79) -> (1, 80) -> (1, 81) -> (1, 82) -> (1, 83) -> (1, 84) -> (1, 85) -> (1, 86) -> (1, 87) -> (1, 88) -> (2, 88) -> (3, 88) -> (4, 88) -> (4, 89) -> (4, 90) -> (4, 91) -> (4, 92) -> (4, 93) -> (4, 94) -> (5, 94) -> (6, 94) -> (7, 94) -> (7, 95) -> (7, 96) -> (7, 97) -> (7, 98) -> (7, 99) -> (7, 100) -> (7, 101) -> (7, 102) -> (6, 102) -> (5, 102) -> (4, 102) -> (4, 101) -> (4, 100) -> (4, 99) -> (4, 98) -> (5, 98) -> (6, 98) -> (6, 97) -> (6, 96) -> (5, 96) -> (4, 96) -> (3, 96) -> (3, 97) -> (3, 98) -> (3, 99) -> (3, 100) -> (2, 100) -> (1, 100) -> (1, 101) -> (1, 102) -> (1, 103) -> (1, 104) -> (1, 105) -> (1, 106) -> (1, 107) -> (2, 107) -> (3, 107) -> (3, 106) -> (3, 105) -> (4, 105) -> (5, 105) -> (6, 105) -> (7, 105) -> (8, 105) -> (9, 105) -> (10, 105) -> (11, 105) -> (11, 106) -> (11, 107) -> (11, 108) -> (10, 108) -> (9, 108) -> (8, 108) -> (8, 107) -> (7, 107) -> (6, 107) -> (5, 107) -> (5, 108) -> (6, 108) -> (6, 109) -> (6, 110) -> (6, 111) -> (6, 112) -> (6, 113) -> (6, 114) -> (6, 115) -> (6, 116) -> (6, 117) -> (6, 118) -> (6, 119) -> (6, 120) -> (6, 121) -> (6, 122) -> (6, 123) -> (6, 124) -> (6, 125) -> (5, 125) -> (4, 125) -> (3, 125) -> (2, 125) -> (1, 125) -> (1, 126) -> (1, 127) -> (1, 128) -> (1, 129) -> (1, 130) -> (2, 130) -> (3, 130) -> (4, 130) -> (5, 130) -> (6, 130) -> (7, 130) -> (7, 131) -> (7, 132) -> (7, 133) -> (8, 133) -> (9, 133) -> (9, 134) -> (10, 134) -> (11, 134) -> (11, 135) -> (11, 136) -> (11, 137) -> (11, 138) -> (12, 138) -> (13, 138) -> (14, 138) -> (15, 138) -> (15, 139) -> (15, 140) -> (15, 141) -> (15, 142) -> (15, 143) -> (15, 144) -> (15, 145) -> (16, 145) -> (16, 146) -> (17, 146) -> (18, 146) -> (19, 146) -> (20, 146) -> (21, 146) -> (22, 146) -> (23, 146) -> (23, 147) -> (23, 148) -> (23, 149) -> (23, 150) -> (22, 150) -> (21, 150) -> (21, 151) -> (21, 152) -> (21, 153) -> (21, 154) -> (21, 155) -> (21, 156) -> (21, 157) -> (20, 157) -> (19, 157) -> (18, 157) -> (17, 157) -> (16, 157) -> (15, 157) -> (14, 157) -> (13, 157) -> (12, 157) -> (11, 157) -> (10, 157) -> (9, 157) -> (8, 157) -> (8, 158) -> (8, 159) -> (8, 160) -> (8, 161) -> (8, 162) -> (8, 163) -> (8, 164) -> (8, 165) -> (8, 166) -> (7, 166) -> (6, 166) -> (5, 166) -> (4, 166) -> (3, 166) -> (3, 167) -> (3, 168) -> (3, 169) -> (3, 170) -> (3, 171) -> (3, 172) -> (3, 173) -> (2, 173) -> (1, 173) -> (1, 174) -> (1, 175) -> (1, 176) -> (1, 177) -> (1, 178) -> (1, 179) -> (1, 180) -> (1, 181) -> (1, 182) -> (1, 183) -> (1, 184) -> (1, 185) -> (1, 186) -> (1, 187) -> (1, 188) -> (2, 188) -> (3, 188) -> (3, 189) -> (3, 190) -> (3, 191) -> (3, 192) -> (3, 193) -> (3, 194) -> (4, 194) -> (5, 194) -> (6, 194) -> (7, 194) -> (8, 194) -> (9, 194) -> (10, 194) -> (11, 194) -> (12, 194) -> (12, 193) -> (12, 192) -> (12, 191) -> (12, 190) -> (12, 189) -> (12, 188) -> (12, 187) -> (12, 186) -> (12, 185) -> (12, 184) -> (12, 183) -> (12, 182) -> (12, 181) -> (13, 181) -> (14, 181) -> (15, 181) -> (16, 181) -> (16, 180) -> (16, 179) -> (16, 178) -> (16, 177) -> (16, 176) -> (16, 175) -> (16, 174) -> (16, 173) -> (17, 173) -> (18, 173) -> (19, 173) -> (20, 173) -> (21, 173) -> (22, 173) -> (22, 174) -> (21, 174) -> (20, 174) -> (20, 175) -> (20, 176) -> (19, 176) -> (18, 176) -> (17, 176) -> (17, 177) -> (17, 178) -> (17, 179) -> (17, 180) -> (18, 180) -> (19, 180) -> (19, 181) -> (19, 182) -> (18, 182) -> (18, 183) -> (17, 183) -> (17, 184) -> (17, 185) -> (17, 186) -> (17, 187) -> (17, 188) -> (17, 189) -> (17, 190) -> (17, 191) -> (17, 192) -> (17, 193) -> (17, 194) -> (16, 194) -> (15, 194) -> (14, 194) -> (14, 195) -> (14, 196) -> (14, 197) -> (14, 198) -> (14, 199) -> (14, 200) -> (13, 200) -> (12, 200) -> (12, 199) -> (12, 198) -> (11, 198) -> (10, 198) -> (9, 198) -> (8, 198) -> (8, 197) -> (9, 197) -> (10, 197) -> (11, 197) -> (11, 196) -> (11, 195) -> (10, 195) -> (9, 195) -> (8, 195) -> (7, 195) -> (6, 195) -> (6, 196) -> (6, 197) -> (5, 197) -> (4, 197) -> (3, 197) -> (2, 197) -> (1, 197) -> (1, 198) -> (1, 199) -> (2, 199) -> (3, 199) -> (3, 198) -> (4, 198) -> (5, 198) -> (5, 199) -> (6, 199) -> (7, 199) -> (8, 199) -> (9, 199) -> (9, 200) -> (8, 200) -> (7, 200) -> (6, 200) -> (6, 201) -> (7, 201) -> (8, 201) -> (8, 202) -> (8, 203) -> (8, 204) -> (8, 205) -> (8, 206) -> (7, 206) -> (6, 206) -> (5, 206) -> (4, 206) -> (4, 207) -> (4, 208) -> (3, 208) -> (3, 209) -> (2, 209) -> (1, 209) -> (1, 210) -> (1, 211) -> (1, 212) -> (1, 213) -> (1, 214) -> (2, 214) -> (3, 214) -> (4, 214) -> (5, 214) -> (6, 214) -> (6, 215) -> (6, 216) -> (6, 217) -> (6, 218) -> (6, 219) -> (6, 220) -> (7, 220) -> (7, 221) -> (7, 222) -> (7, 223) -> (7, 224) -> (6, 224) -> (5, 224) -> (4, 224) -> (3, 224) -> (2, 224) -> (1, 224) -> (1, 225) -> (1, 226) -> (1, 227) -> (1, 228) -> (2, 228) -> (2, 229) -> (3, 229) -> (4, 229) -> (5, 229) -> (6, 229) -> (7, 229) -> (8, 229) -> (9, 229) -> (10, 229) -> (11, 229) -> (12, 229) -> (13, 229) -> (14, 229) -> (15, 229) -> (16, 229) -> (16, 230) -> (16, 231) -> (16, 232) -> (16, 233) -> (16, 234) -> (16, 235) -> (15, 235) -> (14, 235) -> (13, 235) -> (12, 235) -> (12, 234) -> (12, 233) -> (12, 232) -> (11, 232) -> (10, 232) -> (9, 232) -> (8, 232) -> (7, 232) -> (6, 232) -> (5, 232) -> (4, 232) -> (4, 231) -> (4, 230) -> (3, 230) -> (3, 231) -> (2, 231) -> (2, 232) -> (2, 233) -> (2, 234) -> (2, 235) -> (2, 236) -> (2, 237) -> (2, 238) -> (2, 239) -> (2, 240) -> (2, 241) -> (2, 242) -> (2, 243) -> (2, 244) -> (2, 245) -> (2, 246) -> (2, 247) -> (2, 248) -> (1, 248) -> (1, 249) -> (1, 250) -> (1, 251) -> (1, 252) -> (1, 253) -> (2, 253) -> (3, 253) -> (3, 254) -> (3, 255) -> (3, 256) -> (3, 257) -> (2, 257) -> (1, 257) -> (1, 258) -> (1, 259) -> (1, 260) -> (1, 261) -> (2, 261) -> (3, 261) -> (4, 261) -> (5, 261) -> (6, 261) -> (7, 261) -> (7, 260) -> (7, 259) -> (7, 258) -> (7, 257) -> (7, 256) -> (8, 256) -> (9, 256) -> (9, 257) -> (9, 258) -> (9, 259) -> (9, 260) -> (9, 261) -> (10, 261) -> (10, 262) -> (11, 262) -> (12, 262) -> (13, 262) -> (13, 263) -> (13, 264) -> (13, 265) -> (12, 265) -> (12, 264) -> (12, 263) -> (11, 263) -> (11, 264) -> (10, 264) -> (9, 264) -> (9, 263) -> (8, 263) -> (7, 263) -> (7, 264) -> (7, 265) -> (7, 266) -> (7, 267) -> (7, 268) -> (7, 269) -> (8, 269) -> (9, 269) -> (10, 269) -> (11, 269) -> (12, 269) -> (13, 269) -> (14, 269) -> (15, 269) -> (15, 268) -> (15, 267) -> (15, 266) -> (15, 265) -> (15, 264) -> (15, 263) -> (16, 263) -> (17, 263) -> (18, 263) -> (18, 264) -> (17, 264) -> (16, 264) -> (16, 265) -> (16, 266) -> (16, 267) -> (16, 268) -> (17, 268) -> (18, 268) -> (19, 268) -> (20, 268) -> (21, 268) -> (22, 268) -> (22, 269) -> (22, 270) -> (22, 271) -> (22, 272) -> (22, 273) -> (22, 274) -> (22, 275) -> (22, 276) -> (22, 277) -> (23, 277) -> (24, 277) -> (25, 277) -> (26, 277) -> (27, 277) -> (28, 277) -> (29, 277) -> (30, 277) -> (31, 277) -> (32, 277) -> (32, 278) -> (32, 279) -> (32, 280) -> (32, 281) -> (32, 282) -> (32, 283) -> (32, 284) -> (32, 285) -> (32, 286) -> (32, 287) -> (31, 287) -> (30, 287) -> (29, 287) -> (28, 287) -> (27, 287) -> (27, 288) -> (27, 289) -> (27, 290) -> (27, 291) -> (27, 292) -> (27, 293) -> (27, 294) -> (26, 294) -> (25, 294) -> (24, 294) -> (23, 294) -> (22, 294) -> (21, 294) -> (20, 294) -> (19, 294) -> (18, 294) -> (18, 293) -> (18, 292) -> (19, 292) -> (19, 291) -> (19, 290) -> (20, 290) -> (21, 290) -> (21, 291) -> (21, 292) -> (21, 293) -> (22, 293) -> (23, 293) -> (24, 293) -> (25, 293) -> (25, 292) -> (25, 291) -> (25, 290) -> (26, 290) -> (26, 289) -> (26, 288) -> (25, 288) -> (24, 288) -> (23, 288) -> (23, 287) -> (23, 286) -> (23, 285) -> (23, 284) -> (23, 283) -> (23, 282) -> (23, 281) -> (23, 280) -> (23, 279) -> (22, 279) -> (21, 279) -> (20, 279) -> (19, 279) -> (18, 279) -> (17, 279) -> (16, 279) -> (16, 278) -> (16, 277) -> (15, 277) -> (14, 277) -> (13, 277) -> (12, 277) -> (11, 277) -> (11, 276) -> (11, 275) -> (11, 274) -> (11, 273) -> (12, 273) -> (13, 273) -> (14, 273) -> (15, 273) -> (16, 273) -> (16, 272) -> (16, 271) -> (15, 271) -> (14, 271) -> (13, 271) -> (12, 271) -> (11, 271) -> (10, 271) -> (9, 271) -> (8, 271) -> (7, 271) -> (6, 271) -> (5, 271) -> (4, 271) -> (3, 271) -> (2, 271) -> (1, 271) -> (1, 272) -> (1, 273) -> (1, 274) -> (1, 275) -> (1, 276) -> (2, 276) -> (3, 276) -> (4, 276) -> (4, 277) -> (4, 278) -> (4, 279) -> (4, 280) -> (3, 280) -> (2, 280) -> (1, 280) -> (1, 281) -> (1, 282) -> (1, 283) -> (1, 284) -> (1, 285) -> (2, 285) -> (2, 286) -> (2, 287) -> (3, 287) -> (4, 287) -> (5, 287) -> (6, 287) -> (7, 287) -> (8, 287) -> (9, 287) -> (10, 287) -> (10, 288) -> (10, 289) -> (9, 289) -> (8, 289) -> (7, 289) -> (6, 289) -> (5, 289) -> (4, 289) -> (3, 289) -> (2, 289) -> (1, 289) -> (1, 290) -> (1, 291) -> (2, 291) -> (3, 291) -> (3, 292) -> (3, 293) -> (3, 294) -> (3, 295) -> (3, 296) -> (3, 297) -> (4, 297) -> (5, 297) -> (5, 296) -> (5, 295) -> (5, 294) -> (6, 294) -> (7, 294) -> (8, 294) -> (9, 294) -> (9, 295) -> (9, 296) -> (8, 296) -> (8, 297) -> (8, 298) -> (7, 298) -> (6, 298) -> (6, 299) -> (5, 299) -> (4, 299) -> (3, 299) -> (3, 300) -> (3, 301) -> (3, 302) -> (3, 303) -> (3, 304) -> (3, 305) -> (3, 306) -> (3, 307) -> (3, 308) -> (3, 309) -> (3, 310) -> (3, 311) -> (3, 312) -> (3, 313) -> (2, 313) -> (1, 313) -> (1, 314) -> (1, 315) -> (1, 316) -> (1, 317) -> (1, 318) -> (1, 319) -> (1, 320) -> (2, 320) -> (2, 321) -> (2, 322) -> (3, 322) -> (3, 323) -> (4, 323) -> (5, 323) -> (6, 323) -> (7, 323) -> (8, 323) -> (9, 323) -> (10, 323) -> (11, 323) -> (11, 324) -> (11, 325) -> (11, 326) -> (11, 327) -> (11, 328) -> (11, 329) -> (11, 330) -> (11, 331) -> (11, 332) -> (11, 333) -> (11, 334) -> (11, 335) -> (10, 335) -> (10, 336) -> (10, 337) -> (10, 338) -> (10, 339) -> (10, 340) -> (10, 341) -> (10, 342) -> (9, 342) -> (9, 341) -> (8, 341) -> (8, 340) -> (8, 339) -> (8, 338) -> (8, 337) -> (8, 336) -> (7, 336) -> (6, 336) -> (6, 335) -> (6, 334) -> (7, 334) -> (8, 334) -> (8, 333) -> (8, 332) -> (7, 332) -> (6, 332) -> (5, 332) -> (4, 332) -> (3, 332) -> (2, 332) -> (1, 332) -> (1, 333) -> (1, 334) -> (2, 334) -> (3, 334) -> (4, 334) -> (5, 334) -> (5, 335) -> (4, 335) -> (3, 335) -> (3, 336) -> (3, 337) -> (3, 338) -> (3, 339) -> (3, 340) -> (3, 341) -> (3, 342) -> (4, 342) -> (5, 342) -> (6, 342) -> (7, 342) -> (7, 343) -> (7, 344) -> (7, 345) -> (7, 346) -> (7, 347) -> (6, 347) -> (5, 347) -> (4, 347) -> (3, 347) -> (2, 347) -> (1, 347) -> (1, 348) -> (2, 348) -> (3, 348) -> (3, 349) -> (3, 350) -> (3, 351) -> (2, 351) -> (2, 352) -> (1, 352) -> (1, 353) -> (1, 354) -> (2, 354) -> (3, 354) -> (4, 354) -> (5, 354) -> (6, 354) -> (7, 354) -> (8, 354) -> (8, 355) -> (8, 356) -> (7, 356) -> (6, 356) -> (6, 355) -> (5, 355) -> (4, 355) -> (4, 356) -> (3, 356) -> (2, 356) -> (1, 356) -> (1, 357) -> (1, 358) -> (2, 358) -> (3, 358) -> (3, 359) -> (3, 360) -> (3, 361) -> (2, 361) -> (1, 361) -> (1, 362) -> (1, 363) -> (1, 364) -> (1, 365) -> (1, 366) -> (1, 367) -> (1, 368) -> (1, 369) -> (1, 370) -> (1, 371) -> (1, 372) -> (2, 372) -> (3, 372) -> (4, 372) -> (5, 372) -> (6, 372) -> (6, 373) -> (6, 374) -> (5, 374) -> (4, 374) -> (4, 375) -> (4, 376) -> (4, 377) -> (4, 378) -> (4, 379) -> (4, 380) -> (4, 381) -> (4, 382) -> (4, 383) -> (4, 384) -> (4, 385) -> (3, 385) -> (2, 385) -> (1, 385) -> (1, 386) -> (1, 387) -> (1, 388) -> (1, 389) -> (1, 390) -> (1, 391) -> (1, 392) -> (1, 393) -> (1, 394) -> (1, 395) -> (1, 396) -> (1, 397) -> (1, 398) -> (2, 398) -> (3, 398) -> (4, 398) -> (5, 398) -> (6, 398) -> (7, 398) -> (7, 397) -> (7, 396) -> (7, 395) -> (7, 394) -> (8, 394) -> (8, 395) -> (9, 395) -> (10, 395) -> (11, 395) -> (12, 395) -> (13, 395) -> (14, 395) -> (15, 395) -> (15, 394) -> (15, 393) -> (16, 393) -> (16, 394) -> (17, 394) -> (18, 394) -> (19, 394) -> (20, 394) -> (20, 393) -> (20, 392) -> (20, 391) -> (20, 390) -> (20, 389) -> (20, 388) -> (20, 387) -> (21, 387) -> (21, 388) -> (21, 389) -> (21, 390) -> (22, 390) -> (23, 390) -> (23, 391) -> (23, 392) -> (23, 393) -> (23, 394) -> (23, 395) -> (24, 395) -> (24, 394) -> (25, 394) -> (26, 394) -> (27, 394) -> (28, 394) -> (28, 393) -> (29, 393) -> (30, 393) -> (31, 393) -> (32, 393) -> (33, 393) -> (34, 393) -> (35, 393) -> (35, 394) -> (35, 395) -> (35, 396) -> (35, 397) -> (35, 398) -> (36, 398) -> (37, 398) -> (38, 398) -> (39, 398) -> (40, 398) -> (40, 397) -> (41, 397) -> (42, 397) -> (42, 396) -> (42, 395) -> (42, 394) -> (42, 393) -> (42, 392) -> (42, 391) -> (42, 390) -> (43, 390) -> (44, 390) -> (45, 390) -> (46, 390) -> (47, 390) -> (48, 390) -> (49, 390) -> (50, 390) -> (50, 391) -> (50, 392) -> (49, 392) -> (49, 393) -> (48, 393) -> (47, 393) -> (47, 394) -> (48, 394) -> (48, 395) -> (49, 395) -> (50, 395) -> (51, 395) -> (52, 395) -> (52, 394) -> (53, 394) -> (54, 394) -> (55, 394) -> (56, 394) -> (57, 394) -> (58, 394) -> (58, 395) -> (59, 395) -> (60, 395) -> (60, 396) -> (61, 396) -> (62, 396) -> (63, 396) -> (64, 396) -> (64, 395) -> (64, 394) -> (63, 394) -> (62, 394) -> (62, 393) -> (62, 392) -> (62, 391) -> (62, 390) -> (62, 389) -> (62, 388) -> (62, 387) -> (63, 387) -> (64, 387) -> (65, 387) -> (66, 387) -> (66, 388) -> (66, 389) -> (66, 390) -> (67, 390) -> (68, 390) -> (69, 390) -> (69, 391) -> (70, 391) -> (71, 391) -> (72, 391) -> (72, 392) -> (72, 393) -> (72, 394) -> (72, 395) -> (72, 396) -> (73, 396) -> (73, 395) -> (73, 394) -> (73, 393) -> (73, 392) -> (74, 392) -> (75, 392) -> (76, 392) -> (77, 392) -> (77, 391) -> (77, 390) -> (77, 389) -> (77, 388) -> (77, 387) -> (78, 387) -> (78, 388) -> (78, 389) -> (79, 389) -> (80, 389) -> (81, 389) -> (82, 389) -> (82, 390) -> (82, 391) -> (81, 391) -> (80, 391) -> (80, 392) -> (81, 392) -> (81, 393) -> (81, 394) -> (81, 395) -> (80, 395) -> (79, 395) -> (78, 395) -> (77, 395) -> (76, 395) -> (76, 396) -> (76, 397) -> (77, 397) -> (77, 398) -> (78, 398) -> (79, 398) -> (80, 398) -> (81, 398) -> (82, 398) -> (83, 398) -> (84, 398) -> (84, 397) -> (84, 396) -> (84, 395) -> (84, 394) -> (84, 393) -> (84, 392) -> (84, 391) -> (85, 391) -> (86, 391) -> (86, 392) -> (86, 393) -> (86, 394) -> (85, 394) -> (85, 395) -> (85, 396) -> (86, 396) -> (87, 396) -> (88, 396) -> (89, 396) -> (90, 396) -> (91, 396) -> (92, 396) -> (93, 396) -> (94, 396) -> (95, 396) -> (95, 397) -> (96, 397) -> (97, 397) -> (98, 397) -> (99, 397) -> (100, 397) -> (101, 397) -> (102, 397) -> (103, 397) -> (104, 397) -> (105, 397) -> (106, 397) -> (107, 397) -> (107, 398) -> (108, 398) -> (109, 398) -> (110, 398) -> (111, 398) -> (111, 397) -> (111, 396) -> (111, 395) -> (110, 395) -> (109, 395) -> (109, 396) -> (108, 396) -> (107, 396) -> (106, 396) -> (106, 395) -> (106, 394) -> (106, 393) -> (106, 392) -> (106, 391) -> (105, 391) -> (104, 391) -> (103, 391) -> (102, 391) -> (101, 391) -> (100, 391) -> (99, 391) -> (98, 391) -> (97, 391) -> (96, 391) -> (95, 391) -> (95, 390) -> (95, 389) -> (95, 388) -> (94, 388) -> (93, 388) -> (92, 388) -> (92, 387) -> (92, 386) -> (92, 385) -> (92, 384) -> (92, 383) -> (92, 382) -> (92, 381) -> (92, 380) -> (93, 380) -> (94, 380) -> (95, 380) -> (96, 380) -> (97, 380) -> (98, 380) -> (99, 380) -> (100, 380) -> (101, 380) -> (102, 380) -> (103, 380) -> (104, 380) -> (105, 380) -> (106, 380) -> (107, 380) -> (108, 380) -> (109, 380) -> (110, 380) -> (111, 380) -> (112, 380) -> (113, 380) -> (114, 380) -> (115, 380) -> (116, 380) -> (117, 380) -> (118, 380) -> (119, 380) -> (120, 380) -> (121, 380) -> (121, 379) -> (121, 378) -> (121, 377) -> (121, 376) -> (122, 376) -> (123, 376) -> (123, 375) -> (123, 374) -> (124, 374) -> (125, 374) -> (126, 374) -> (127, 374) -> (128, 374) -> (129, 374) -> (130, 374) -> (131, 374) -> (132, 374) -> (133, 374) -> (134, 374) -> (135, 374) -> (136, 374) -> (137, 374) -> (138, 374) -> (139, 374) -> (140, 374) -> (140, 375) -> (139, 375) -> (138, 375) -> (137, 375) -> (136, 375) -> (135, 375) -> (134, 375) -> (133, 375) -> (133, 376) -> (133, 377) -> (132, 377) -> (131, 377) -> (131, 378) -> (131, 379) -> (131, 380) -> (131, 381) -> (131, 382) -> (131, 383) -> (131, 384) -> (131, 385) -> (131, 386) -> (131, 387) -> (131, 388) -> (130, 388) -> (129, 388) -> (128, 388) -> (127, 388) -> (126, 388) -> (125, 388) -> (124, 388) -> (123, 388) -> (122, 388) -> (121, 388) -> (120, 388) -> (119, 388) -> (118, 388) -> (117, 388) -> (116, 388) -> (115, 388) -> (115, 389) -> (115, 390) -> (115, 391) -> (115, 392) -> (115, 393) -> (116, 393) -> (117, 393) -> (118, 393) -> (119, 393) -> (120, 393) -> (121, 393) -> (122, 393) -> (122, 394) -> (121, 394) -> (120, 394) -> (120, 395) -> (119, 395) -> (118, 395) -> (117, 395) -> (116, 395) -> (115, 395) -> (115, 396) -> (115, 397) -> (115, 398) -> (116, 398) -> (116, 397) -> (116, 396) -> (117, 396) -> (118, 396) -> (119, 396) -> (119, 397) -> (120, 397) -> (121, 397) -> (122, 397) -> (123, 397) -> (124, 397) -> (125, 397) -> (126, 397) -> (127, 397) -> (127, 396) -> (127, 395) -> (127, 394) -> (127, 393) -> (127, 392) -> (127, 391) -> (128, 391) -> (129, 391) -> (130, 391) -> (130, 392) -> (130, 393) -> (130, 394) -> (131, 394) -> (132, 394) -> (133, 394) -> (134, 394) -> (135, 394) -> (136, 394) -> (137, 394) -> (137, 395) -> (138, 395) -> (139, 395) -> (140, 395) -> (141, 395) -> (142, 395) -> (143, 395) -> (144, 395) -> (145, 395) -> (146, 395) -> (147, 395) -> (148, 395) -> (149, 395) -> (150, 395) -> (151, 395) -> (152, 395) -> (153, 395) -> (154, 395) -> (154, 396) -> (154, 397) -> (154, 398) -> (155, 398) -> (156, 398) -> (156, 397) -> (157, 397) -> (158, 397) -> (159, 397) -> (159, 396) -> (160, 396) -> (161, 396) -> (162, 396) -> (163, 396) -> (164, 396) -> (164, 395) -> (164, 394) -> (165, 394) -> (165, 395) -> (166, 395) -> (167, 395) -> (168, 395) -> (169, 395) -> (170, 395) -> (171, 395) -> (172, 395) -> (173, 395) -> (174, 395) -> (175, 395) -> (176, 395) -> (176, 396) -> (176, 397) -> (177, 397) -> (178, 397) -> (179, 397) -> (180, 397) -> (181, 397) -> (181, 398) -> (182, 398) -> (183, 398) -> (184, 398) -> (184, 397) -> (184, 396) -> (183, 396) -> (182, 396) -> (181, 396) -> (180, 396) -> (179, 396) -> (178, 396) -> (178, 395) -> (178, 394) -> (178, 393) -> (178, 392) -> (177, 392) -> (176, 392) -> (175, 392) -> (174, 392) -> (174, 391) -> (174, 390) -> (174, 389) -> (174, 388) -> (174, 387) -> (174, 386) -> (174, 385) -> (174, 384) -> (174, 383) -> (175, 383) -> (175, 384) -> (175, 385) -> (175, 386) -> (175, 387) -> (175, 388) -> (176, 388) -> (177, 388) -> (177, 387) -> (177, 386) -> (178, 386) -> (179, 386) -> (179, 387) -> (180, 387) -> (180, 388) -> (180, 389) -> (179, 389) -> (179, 390) -> (179, 391) -> (180, 391) -> (180, 392) -> (180, 393) -> (181, 393) -> (182, 393) -> (183, 393) -> (183, 392) -> (183, 391) -> (183, 390) -> (183, 389) -> (183, 388) -> (183, 387) -> (183, 386) -> (183, 385) -> (183, 384) -> (183, 383) -> (183, 382) -> (183, 381) -> (183, 380) -> (183, 379) -> (184, 379) -> (185, 379) -> (186, 379) -> (187, 379) -> (188, 379) -> (188, 380) -> (188, 381) -> (188, 382) -> (188, 383) -> (188, 384) -> (188, 385) -> (188, 386) -> (187, 386) -> (187, 387) -> (187, 388) -> (187, 389) -> (187, 390) -> (187, 391) -> (186, 391) -> (186, 392) -> (186, 393) -> (186, 394) -> (187, 394) -> (187, 395) -> (187, 396) -> (188, 396) -> (188, 397) -> (188, 398) -> (189, 398) -> (190, 398) -> (190, 397) -> (190, 396) -> (191, 396) -> (192, 396) -> (193, 396) -> (193, 397) -> (193, 398) -> (194, 398) -> (194, 397) -> (195, 397) -> (196, 397) -> (197, 397) -> (198, 397) -> (199, 397) -> (200, 397) -> (201, 397) -> (201, 398) -> (202, 398) -> (203, 398) -> (204, 398) -> (204, 397) -> (203, 397) -> (203, 396) -> (203, 395) -> (204, 395) -> (205, 395) -> (206, 395) -> (207, 395) -> (208, 395) -> (209, 395) -> (210, 395) -> (211, 395) -> (212, 395) -> (213, 395) -> (214, 395) -> (215, 395) -> (216, 395) -> (217, 395) -> (218, 395) -> (219, 395) -> (220, 395) -> (221, 395) -> (222, 395) -> (223, 395) -> (224, 395) -> (225, 395) -> (225, 396) -> (225, 397) -> (225, 398) -> (226, 398) -> (227, 398) -> (228, 398) -> (229, 398) -> (230, 398) -> (230, 397) -> (230, 396) -> (230, 395) -> (230, 394) -> (230, 393) -> (230, 392) -> (230, 391) -> (229, 391) -> (228, 391) -> (227, 391) -> (226, 391) -> (225, 391) -> (224, 391) -> (224, 390) -> (224, 389) -> (224, 388) -> (224, 387) -> (224, 386) -> (224, 385) -> (224, 384) -> (225, 384) -> (226, 384) -> (226, 383) -> (226, 382) -> (226, 381) -> (226, 380) -> (227, 380) -> (227, 381) -> (227, 382) -> (228, 382) -> (229, 382) -> (230, 382) -> (231, 382) -> (232, 382) -> (232, 383) -> (232, 384) -> (232, 385) -> (232, 386) -> (232, 387) -> (231, 387) -> (230, 387) -> (230, 386) -> (230, 385) -> (229, 385) -> (228, 385) -> (228, 386) -> (228, 387) -> (228, 388) -> (228, 389) -> (228, 390) -> (229, 390) -> (229, 389) -> (229, 388) -> (230, 388) -> (231, 388) -> (231, 389) -> (232, 389) -> (233, 389) -> (234, 389) -> (234, 390) -> (234, 391) -> (234, 392) -> (235, 392) -> (236, 392) -> (237, 392) -> (238, 392) -> (239, 392) -> (240, 392) -> (240, 393) -> (240, 394) -> (240, 395) -> (241, 395) -> (242, 395) -> (243, 395) -> (244, 395) -> (245, 395) -> (246, 395) -> (246, 396) -> (246, 397) -> (246, 398) -> (247, 398) -> (248, 398) -> (249, 398) -> (250, 398) -> (251, 398) -> (251, 397) -> (251, 396) -> (252, 396) -> (253, 396) -> (254, 396) -> (255, 396) -> (256, 396) -> (256, 397) -> (257, 397) -> (258, 397) -> (259, 397) -> (260, 397) -> (261, 397) -> (262, 397) -> (263, 397) -> (264, 397) -> (265, 397) -> (266, 397) -> (267, 397) -> (267, 396) -> (267, 395) -> (267, 394) -> (267, 393) -> (267, 392) -> (267, 391) -> (267, 390) -> (267, 389) -> (268, 389) -> (269, 389) -> (269, 388) -> (269, 387) -> (269, 386) -> (269, 385) -> (269, 384) -> (269, 383) -> (269, 382) -> (269, 381) -> (270, 381) -> (271, 381) -> (271, 382) -> (271, 383) -> (270, 383) -> (270, 384) -> (270, 385) -> (271, 385) -> (272, 385) -> (272, 386) -> (272, 387) -> (272, 388) -> (272, 389) -> (272, 390) -> (272, 391) -> (272, 392) -> (272, 393) -> (272, 394) -> (272, 395) -> (272, 396) -> (273, 396) -> (274, 396) -> (275, 396) -> (276, 396) -> (277, 396) -> (278, 396) -> (278, 397) -> (278, 398) -> (279, 398) -> (280, 398) -> (281, 398) -> (282, 398) -> (283, 398) -> (283, 397) -> (283, 396) -> (283, 395) -> (283, 394) -> (283, 393) -> (283, 392) -> (283, 391) -> (284, 391) -> (285, 391) -> (285, 392) -> (285, 393) -> (285, 394) -> (285, 395) -> (284, 395) -> (284, 396) -> (284, 397) -> (285, 397) -> (286, 397) -> (287, 397) -> (287, 396) -> (287, 395) -> (287, 394) -> (287, 393) -> (288, 393) -> (289, 393) -> (290, 393) -> (290, 394) -> (290, 395) -> (290, 396) -> (290, 397) -> (290, 398) -> (291, 398) -> (292, 398) -> (293, 398) -> (294, 398) -> (295, 398) -> (296, 398) -> (297, 398) -> (298, 398) -> (299, 398) -> (300, 398) -> (301, 398) -> (302, 398) -> (302, 397) -> (302, 396) -> (302, 395) -> (303, 395) -> (304, 395) -> (304, 396) -> (305, 396) -> (306, 396) -> (307, 396) -> (307, 397) -> (308, 397) -> (309, 397) -> (310, 397) -> (310, 398) -> (311, 398) -> (312, 398) -> (312, 397) -> (312, 396) -> (313, 396) -> (314, 396) -> (315, 396) -> (316, 396) -> (317, 396) -> (318, 396) -> (319, 396) -> (320, 396) -> (321, 396) -> (322, 396) -> (323, 396) -> (324, 396) -> (325, 396) -> (326, 396) -> (327, 396) -> (328, 396) -> (329, 396) -> (330, 396) -> (331, 396) -> (332, 396) -> (333, 396) -> (334, 396) -> (334, 395) -> (335, 395) -> (336, 395) -> (337, 395) -> (337, 396) -> (338, 396) -> (338, 397) -> (339, 397) -> (340, 397) -> (341, 397) -> (342, 397) -> (343, 397) -> (344, 397) -> (344, 398) -> (345, 398) -> (346, 398) -> (347, 398) -> (348, 398) -> (349, 398) -> (350, 398) -> (351, 398) -> (352, 398) -> (353, 398) -> (354, 398) -> (355, 398) -> (356, 398) -> (357, 398) -> (357, 397) -> (357, 396) -> (357, 395) -> (357, 394) -> (357, 393) -> (357, 392) -> (357, 391) -> (357, 390) -> (357, 389) -> (357, 388) -> (357, 387) -> (357, 386) -> (357, 385) -> (357, 384) -> (356, 384) -> (355, 384) -> (354, 384) -> (353, 384) -> (352, 384) -> (351, 384) -> (350, 384) -> (350, 383) -> (350, 382) -> (351, 382) -> (352, 382) -> (353, 382) -> (354, 382) -> (354, 383) -> (355, 383) -> (356, 383) -> (356, 382) -> (356, 381) -> (356, 380) -> (356, 379) -> (356, 378) -> (356, 377) -> (356, 376) -> (356, 375) -> (357, 375) -> (357, 376) -> (358, 376) -> (359, 376) -> (360, 376) -> (361, 376) -> (362, 376) -> (363, 376) -> (364, 376) -> (365, 376) -> (366, 376) -> (367, 376) -> (368, 376) -> (369, 376) -> (370, 376) -> (371, 376) -> (372, 376) -> (373, 376) -> (374, 376) -> (375, 376) -> (376, 376) -> (376, 377) -> (376, 378) -> (376, 379) -> (376, 380) -> (376, 381) -> (376, 382) -> (375, 382) -> (374, 382) -> (374, 383) -> (374, 384) -> (374, 385) -> (374, 386) -> (373, 386) -> (372, 386) -> (371, 386) -> (371, 387) -> (370, 387) -> (370, 388) -> (370, 389) -> (370, 390) -> (370, 391) -> (370, 392) -> (370, 393) -> (370, 394) -> (370, 395) -> (370, 396) -> (370, 397) -> (370, 398) -> (371, 398) -> (372, 398) -> (373, 398) -> (374, 398) -> (375, 398) -> (375, 397) -> (375, 396) -> (375, 395) -> (375, 394) -> (375, 393) -> (375, 392) -> (375, 391) -> (375, 390) -> (374, 390) -> (374, 389) -> (374, 388) -> (375, 388) -> (376, 388) -> (377, 388) -> (378, 388) -> (379, 388) -> (379, 389) -> (379, 390) -> (378, 390) -> (377, 390) -> (377, 391) -> (377, 392) -> (377, 393) -> (377, 394) -> (376, 394) -> (376, 395) -> (376, 396) -> (376, 397) -> (377, 397) -> (378, 397) -> (379, 397) -> (379, 396) -> (380, 396) -> (381, 396) -> (382, 396) -> (383, 396) -> (384, 396) -> (385, 396) -> (386, 396) -> (387, 396) -> (388, 396) -> (389, 396) -> (390, 396) -> (391, 396) -> (392, 396) -> (393, 396) -> (394, 396) -> (395, 396) -> (396, 396) -> (397, 396) -> (398, 396) -> (398, 397) -> (398, 398) -> (399, 398)
Tiempo de ejecución: 9.7845 milisegundos
