Laberinto:
X X X X X X X X X X X X X X X X X X X X X X X X X X X X X X X X X X X X X X X X X X X X X X X X X X X X X X X X X X X X X X X X X X X X X X X X X X X X X X X X X X X X X X X X X X X X X X X X X X X X X X X X X X X X X X X X X X X X X X X X X X X X X X X X X X X X X X X X X X X X X X X X X X X X X X X X X X X X X X X X X X X X X X X X X X X X X X X X X X X X X X X X X X X X X X X X X X X X X X X X X X X X X X X X X X X X X X X X X X X X X X X X X X X X X X X X X X X X X X X X X X X X X X X X X X X X X X X X X X X X X X X X X X X X X X X X X X X X X X X X X X X X X X X X X X X X X X X X X X X X X X X X X X X X X X X X X X X X X X X X X X X X X X X X X X X X X X X X X X X X X X X X X X X X X X X X X X X X X X X X X X X X X X X X X X X X X X X X X X X X X X X X X X X X X X X X X X X X X X X X
E 0 0 0 0 0 0 X 0 0 0 0 0 0 0 0 0 0 0 0 0 0 0 0 0 0 0 0 0 X 0 X 0 0 0 0 0 X 0 0 X X 0 0 0 0 0 0 X 0 0 0 0 0 X X X 0 0 0 0 0 0 0 0 0 0 0 0 0 0 0 0 0 0 0 0 0 0 X 0 0 0 0 0 X 0 0 0 0 X X 0 0 0 0 0 0 X 0 0 0 0 0 X 0 0 0 X 0 0 0 0 0 0 X 0 X 0 0 X 0 0 0 0 0 X 0 0 X 0 X 0 0 0 X 0 X X 0 0 0 X 0 X X 0 0 0 0 0 0 0 0 0 X 0 0 0 X X 0 0 0 0 0 0 X 0 X 0 X 0 0 0 0 0 0 0 0 0 X 0 0 0 0 0 X 0 0 X 0 0 0 0 0 X X 0 0 0 X X X 0 0 0 0 0 0 X 0 0 0 X 0 0 0 0 0 0 0 0 0 X X 0 0 0 0 0 0 0 0 0 X 0 0 0 0 X X 0 X X 0 0 X 0 0 0 0 X 0 0 0 X 0 0 0 X 0 0 0 0 0 0 0 0 X 0 X 0 0 0 X 0 0 0 X X 0 0 X X 0 0 0 X 0 0 0 0 0 0 X 0 X 0 X X 0 0 0 0 0 0 0 0 0 0 0 0 X X 0 X 0 0 0 X 0 0 0 0 0 X 0 0 0 X 0 0 X 0 0 0 X 0 0 0 0 0 0 0 0 X X 0 0 0 0 0 0 0 0 0 0 0 0 X 0 0 0 0 0 0 0 0 0 0 X 0 X X 0 0 0 0 0 X 0 0 X 0 X 0 0 0 0 0 0 X 0 0 0 X 0 X X
X 0 0 0 0 0 X 0 0 X X 0 0 0 0 0 0 X 0 0 0 0 0 0 0 0 X 0 0 0 X 0 0 0 0 X 0 X 0 0 0 0 0 0 0 0 0 0 0 X 0 0 0 X 0 0 0 0 0 X X 0 X 0 0 X 0 0 0 0 0 0 0 0 0 0 0 0 0 X 0 X X 0 0 X 0 0 0 0 X 0 0 0 0 0 0 0 0 0 0 0 0 0 X 0 0 0 0 0 0 X 0 0 X 0 0 0 X X X 0 0 0 X 0 0 X 0 0 0 0 0 0 0 0 0 0 0 0 0 0 0 0 0 0 0 0 0 X X 0 0 X 0 X 0 0 0 X 0 0 X 0 0 X 0 X 0 0 0 0 X 0 0 0 X 0 X 0 0 0 0 X 0 0 0 X 0 0 X X 0 0 0 0 0 0 X 0 0 0 X 0 0 X 0 0 X 0 0 0 0 0 0 X 0 0 0 0 0 0 X 0 0 X 0 0 0 0 0 0 0 0 0 0 0 0 0 0 0 X 0 0 0 X 0 0 0 X 0 0 0 X 0 0 0 0 0 0 0 0 0 0 0 0 X 0 X 0 X X 0 X 0 0 0 0 0 X 0 X 0 X 0 0 0 X X 0 X X 0 X 0 0 X 0 0 X 0 0 X X 0 0 0 0 X 0 0 0 0 0 X 0 0 X 0 0 X X 0 0 0 0 0 0 X X X 0 0 0 0 0 X 0 X 0 0 0 0 0 X 0 0 X 0 0 0 0 0 X 0 0 0 0 X 0 0 0 0 0 0 0 0 0 0 0 0 X 0 0 X X 0 0 0 X 0 0 0 X 0 X 0 0 0 0 X 0 0 X 0 X 0 0 0 X
X X 0 0 0 0 0 0 0 0 X 0 0 X 0 0 0 X 0 0 0 0 0 0 0 0 0 0 0 X 0 0 0 0 X X 0 0 0 0 0 X 0 X 0 0 X 0 0 0 0 0 X 0 X 0 0 X 0 X 0 0 0 0 0 0 X X 0 X 0 0 0 0 0 X 0 0 0 0 0 0 0 0 0 X 0 0 0 0 0 0 0 0 0 0 0 0 0 0 0 X 0 0 0 0 0 0 0 0 0 0 0 0 0 0 0 0 0 0 0 0 0 0 0 X X 0 0 0 0 0 0 0 0 X X X 0 X X X 0 0 0 0 0 0 0 0 X 0 0 0 0 0 0 0 0 0 0 0 X 0 X 0 0 X 0 X 0 0 0 0 0 0 0 0 0 0 0 X X 0 X 0 0 0 0 0 X X X 0 0 0 0 0 0 0 X X 0 0 0 0 0 X 0 0 0 X 0 0 0 0 0 0 0 0 0 0 0 0 0 0 0 0 0 0 0 X 0 0 0 0 0 0 0 0 0 0 0 0 X X 0 X 0 0 0 0 0 0 X 0 0 0 0 0 X 0 X 0 0 0 0 0 X X 0 0 0 0 X 0 0 0 0 0 0 0 X 0 0 0 0 X X 0 0 0 0 X 0 X 0 0 X 0 0 X 0 X 0 X 0 0 0 0 0 0 0 0 0 0 0 0 0 0 0 0 0 0 0 0 0 0 0 0 0 0 X 0 X 0 0 X X 0 0 0 0 0 0 0 0 0 0 X 0 X 0 0 0 0 0 X 0 0 X 0 X X X X 0 X 0 0 X 0 0 0 0 X 0 0 0 0 0 0 0 0 0 0 0 X 0 0 0 0 0 0 0 0 X X X X
X X X 0 0 X 0 0 0 X X 0 0 0 X 0 0 X X 0 X 0 X 0 0 0 0 0 0 X X X 0 0 0 X 0 0 0 0 0 0 0 X 0 0 X 0 0 0 0 0 X X 0 0 0 0 X 0 X 0 0 0 0 0 X X 0 0 0 0 X 0 0 0 X 0 0 0 0 0 0 0 0 0 0 0 0 0 0 0 0 0 0 0 0 0 0 X 0 0 0 0 0 0 0 0 X 0 0 0 0 0 0 0 0 X X 0 0 0 0 0 0 0 0 0 0 0 0 0 0 0 0 0 0 0 X 0 0 0 X 0 0 0 X 0 0 0 0 X 0 X 0 0 0 X 0 0 0 0 0 0 0 0 0 0 0 0 X 0 0 0 0 0 X X 0 0 X 0 0 0 0 0 0 0 0 0 0 X 0 0 0 0 0 0 X 0 0 X 0 0 0 0 0 0 0 0 0 0 0 X 0 0 0 X 0 0 0 0 0 0 0 0 0 X 0 X 0 0 0 0 X 0 0 X 0 0 X 0 0 0 X 0 X 0 X X 0 0 0 0 0 0 0 0 0 0 0 0 0 0 0 0 0 X 0 X 0 0 0 0 0 0 0 X 0 0 0 0 0 X 0 X X 0 0 0 0 0 0 0 0 0 0 0 X 0 0 X 0 0 0 X 0 X X 0 0 0 0 X 0 0 0 0 0 0 0 0 0 0 X 0 X X 0 0 X 0 0 0 0 0 X X 0 0 0 0 0 0 0 X 0 0 X 0 X 0 X 0 0 0 0 0 0 0 0 0 0 X 0 0 0 X 0 X 0 0 X 0 0 0 0 0 0 X X 0 0 0 0 0 0 0 0 0 0 X 0 0 0 X 0 0 X X
X X 0 0 0 0 X 0 0 0 0 0 0 0 0 0 0 0 0 0 0 X 0 0 0 X 0 0 0 0 0 0 0 X X X 0 X 0 0 0 0 0 0 0 0 0 0 0 0 0 X 0 0 0 0 0 0 X 0 X 0 0 0 0 0 0 0 0 0 0 X X 0 X 0 0 0 0 0 0 0 0 0 0 0 0 0 0 0 X 0 X 0 0 0 0 0 X 0 X 0 0 0 X 0 0 0 0 0 0 0 0 0 X 0 0 X 0 0 0 0 0 0 0 X 0 0 0 0 0 0 X 0 X 0 0 0 X 0 0 0 0 0 0 0 0 0 0 X 0 0 0 0 X 0 X 0 0 X X 0 0 0 X 0 0 0 0 0 0 0 X 0 0 0 0 0 0 0 0 X 0 X 0 0 0 X X 0 0 0 X X 0 0 0 0 X 0 0 X 0 X 0 0 0 X 0 0 0 X 0 0 0 0 X 0 0 X 0 0 0 0 0 X 0 0 0 0 0 0 0 0 X 0 0 0 0 0 0 X 0 0 0 0 X 0 0 0 0 0 0 0 0 0 0 0 0 0 0 0 0 0 X 0 X 0 X X 0 0 0 0 X X 0 0 0 0 0 X 0 0 0 0 0 0 X 0 0 0 0 0 0 0 0 0 0 X 0 0 0 0 X 0 0 0 0 X 0 0 0 0 0 0 0 0 0 0 0 0 0 0 X 0 0 0 0 X 0 X 0 X X 0 0 0 0 0 0 0 0 X X 0 0 X 0 0 X 0 0 0 0 0 0 0 0 X 0 0 X 0 X 0 0 X 0 0 0 0 0 0 0 0 0 0 0 X 0 0 0 0 0 X 0 0 0 0 0 X 0 0 0 0 0 X 0 X
X 0 0 0 X 0 0 0 X 0 X 0 X 0 0 X 0 0 0 0 0 0 0 X 0 0 0 0 0 0 0 0 0 X 0 0 0 0 0 0 X 0 0 0 X X 0 0 X 0 0 0 0 X X X 0 0 0 0 0 X 0 0 0 0 0 0 0 0 0 X X 0 0 0 0 X X 0 0 X 0 X 0 0 0 0 0 X 0 0 0 X 0 0 0 0 0 0 0 X 0 X X 0 0 X 0 X 0 X 0 0 0 0 0 X X 0 0 X 0 0 0 0 X 0 0 0 X 0 0 0 X 0 0 0 0 0 0 0 0 0 0 0 0 0 0 0 0 X X 0 0 0 0 0 0 0 0 0 0 X 0 0 0 X 0 0 0 X 0 0 0 0 0 0 X 0 X 0 0 0 0 0 0 X X 0 0 0 0 X 0 X 0 0 0 X 0 0 0 0 0 X 0 0 0 0 0 0 X 0 0 0 0 X X 0 0 0 0 0 0 0 X 0 0 0 X X X X X 0 0 X 0 0 0 0 0 0 0 0 0 0 0 0 0 0 0 0 0 0 0 0 0 0 0 0 0 0 0 0 0 0 X 0 0 0 0 0 0 0 X 0 0 X 0 X 0 0 0 0 0 0 0 X X 0 0 0 X 0 0 0 X 0 X 0 0 0 0 0 0 X 0 0 0 0 0 0 X 0 0 X 0 X X 0 X 0 X 0 0 X 0 X 0 0 0 0 0 0 0 0 0 0 X 0 0 X X 0 0 0 0 0 0 0 0 0 0 0 0 0 0 0 0 X 0 0 0 0 0 0 0 0 0 0 0 0 0 0 0 0 0 0 0 X 0 X X 0 0 0 0 X X 0 0 0 0 X 0 0 0 X
X 0 X 0 0 X X 0 0 0 X 0 0 0 0 0 0 0 0 0 X 0 0 0 X 0 0 X 0 0 0 0 X 0 0 0 0 0 X 0 0 0 0 0 0 0 0 0 0 0 0 0 0 0 X 0 0 0 X 0 0 0 0 0 0 0 X X X 0 0 0 0 X 0 0 0 0 0 0 0 X 0 0 0 0 0 X 0 X 0 0 0 0 0 X 0 0 0 0 0 0 X X 0 0 X 0 0 0 X 0 0 0 0 X 0 0 0 0 0 0 0 0 0 0 0 0 0 0 X X 0 0 0 0 0 X X 0 0 X 0 X X 0 X 0 0 0 0 0 0 0 0 0 X 0 0 0 0 0 0 0 0 0 0 0 0 0 X 0 0 0 X 0 0 0 0 0 X 0 0 0 0 0 0 0 0 0 0 0 X X X 0 X 0 0 0 X 0 0 X 0 0 0 0 X 0 0 0 0 0 0 X X X 0 0 0 0 0 X 0 0 0 0 0 0 0 0 0 0 0 0 0 0 0 0 X X 0 0 0 0 0 0 0 0 0 X 0 0 0 X 0 0 0 0 0 0 0 X 0 X 0 0 0 0 X 0 0 0 0 0 X 0 0 0 X 0 0 0 0 X 0 X 0 X 0 0 X 0 0 0 X 0 0 X 0 0 0 0 0 0 0 X 0 0 X 0 0 0 0 0 0 0 0 0 0 0 0 0 0 0 0 0 0 X 0 0 0 0 X 0 0 0 0 0 0 0 0 0 0 0 0 0 0 0 0 0 0 0 0 0 0 0 0 0 0 0 0 0 0 0 X 0 0 0 0 0 X 0 0 X 0 X 0 0 0 X 0 0 0 X 0 0 X 0 0 0 0 0 0 0 X 0 0 X
X 0 0 X 0 0 0 X 0 0 0 0 0 0 0 0 0 X 0 0 0 0 0 X 0 0 0 X 0 0 0 0 0 0 X 0 0 0 0 X 0 X 0 0 0 0 0 0 0 0 0 0 X X 0 0 X 0 0 0 0 0 0 0 0 0 0 X 0 X 0 0 0 0 0 0 0 0 0 X 0 0 0 0 0 0 0 X 0 0 0 0 X 0 0 0 0 0 0 X X 0 0 0 X 0 0 0 X 0 0 X 0 X 0 0 0 0 0 X 0 X 0 0 0 0 0 X 0 0 0 0 0 0 0 X 0 X 0 0 X 0 0 0 0 X 0 X 0 0 0 0 X 0 0 0 0 0 0 0 X X 0 X 0 0 0 0 0 0 X 0 0 0 0 X 0 0 X 0 0 0 0 X X X X 0 0 X 0 0 0 0 0 0 0 0 0 0 0 0 0 X 0 0 X 0 0 X 0 0 0 X 0 0 0 X 0 0 0 0 0 0 0 0 0 0 0 0 0 0 0 0 0 0 0 X 0 0 0 X 0 0 0 0 0 X 0 0 0 0 0 0 0 0 0 0 X 0 0 0 X 0 0 0 0 0 0 0 0 0 0 0 X 0 0 0 0 0 0 0 0 X 0 0 0 0 X X 0 0 0 X X X 0 0 X X X 0 X 0 0 0 0 0 0 0 0 0 0 X 0 0 0 0 X 0 0 0 0 X 0 0 0 X 0 0 X 0 0 0 X 0 X X X 0 X X 0 0 0 0 0 X X 0 0 0 0 0 0 X 0 X 0 0 0 0 0 0 0 0 0 0 0 X 0 0 0 0 X 0 0 X 0 0 0 0 0 0 0 X 0 X 0 X 0 X 0 0 0 0 0 0 0 X
X 0 0 0 0 0 0 0 0 0 0 X X X 0 0 0 0 0 0 X 0 0 0 0 X 0 0 0 X 0 0 0 X X 0 0 0 0 0 0 0 0 0 0 0 0 X 0 X 0 0 0 0 X 0 0 X 0 0 X 0 0 0 0 0 0 X 0 0 0 X X X 0 0 0 0 0 X 0 0 0 X 0 X 0 0 0 X 0 X X 0 0 X 0 0 X 0 0 0 X 0 0 0 0 0 0 0 0 0 0 0 0 0 0 0 0 X X 0 0 0 0 0 X X 0 0 0 X 0 0 0 0 X 0 X 0 X X 0 X 0 0 0 X X 0 0 0 0 0 X 0 0 X 0 0 X X 0 0 X 0 0 0 0 0 X 0 X 0 0 0 X 0 0 0 0 X 0 0 X X 0 0 0 0 0 X 0 0 0 0 0 0 X 0 0 0 0 0 0 0 0 0 0 0 0 0 X 0 0 0 X 0 0 0 0 0 0 X 0 X X 0 0 0 0 0 X 0 0 0 0 X 0 0 0 0 0 0 X 0 X 0 0 0 0 0 0 0 0 0 X 0 X 0 0 0 X X 0 0 0 0 0 0 0 0 X X 0 0 0 0 0 0 0 0 0 X 0 0 0 X 0 0 0 0 0 0 X 0 0 0 0 0 0 0 0 X 0 0 0 0 0 0 0 0 X X X 0 0 0 0 0 0 0 X 0 0 X 0 0 0 0 X 0 0 X 0 0 0 0 X 0 0 0 0 0 0 0 X 0 0 X 0 X 0 X X 0 0 0 0 0 0 X 0 X X X 0 0 X 0 0 0 0 0 0 0 0 0 0 X 0 0 0 0 0 0 X 0 0 0 X 0 0 0 X X 0 0 0 X
X 0 0 0 X 0 0 X 0 0 X 0 0 0 0 X 0 X 0 0 X 0 X 0 X 0 0 0 X 0 0 0 0 0 0 X 0 0 0 0 X X 0 0 0 0 0 X 0 X X 0 0 0 X 0 0 0 0 0 X 0 0 0 0 0 0 0 0 0 X 0 0 0 0 0 0 0 0 X X 0 0 X 0 0 X 0 0 0 0 0 0 0 X 0 0 0 0 0 0 0 0 0 0 X 0 0 0 0 X X 0 X X 0 0 0 X 0 0 X 0 0 0 0 0 0 X X 0 X 0 X X 0 0 0 0 0 0 0 0 0 X X 0 0 X 0 0 0 0 0 0 0 0 0 0 X 0 0 0 0 0 0 X 0 0 0 X 0 0 0 0 0 0 0 0 X 0 X 0 0 0 0 0 X 0 0 0 0 X 0 X X X X 0 0 0 0 0 0 0 X 0 0 0 0 0 0 0 X 0 0 0 0 X 0 X X 0 X X 0 0 0 0 X 0 X 0 0 0 0 0 0 X 0 0 0 0 0 0 X 0 0 0 0 0 0 0 0 0 0 0 0 0 0 X X 0 X X 0 0 X X X X X 0 0 X 0 X X 0 0 X 0 0 0 0 0 X 0 0 0 0 0 0 X 0 0 0 0 0 0 X 0 0 0 0 0 X 0 0 0 X 0 0 0 0 0 X 0 0 0 0 0 0 0 0 0 0 0 X 0 0 X 0 0 0 0 0 0 0 0 0 0 X 0 X 0 0 0 0 0 0 0 X 0 0 0 0 X 0 X X 0 0 0 0 X 0 0 0 0 0 X X 0 0 0 X 0 0 0 0 0 0 X 0 0 X 0 0 0 0 0 0 X 0 X 0 0 0 X
X 0 0 0 0 X 0 0 0 X X 0 0 0 0 0 X 0 0 0 0 X 0 0 0 0 0 0 0 0 0 0 0 0 0 0 0 0 0 0 0 0 0 0 0 X 0 0 0 0 0 X 0 0 0 0 0 X 0 X 0 0 0 0 0 0 0 0 0 X 0 0 0 X 0 0 0 0 0 0 0 0 0 X X 0 0 0 0 0 0 0 0 0 0 0 0 X 0 0 0 0 0 X 0 0 0 0 0 0 0 0 0 0 0 0 0 0 0 0 0 X X X 0 0 0 0 0 0 X 0 0 0 0 X X 0 0 0 X X 0 0 0 0 0 0 0 0 0 0 0 0 0 0 X X X 0 X X 0 0 0 0 0 0 0 0 0 X 0 0 0 0 0 0 0 0 0 0 0 X 0 0 0 X 0 0 X 0 0 0 0 0 0 X 0 0 X 0 0 0 X 0 0 0 0 0 0 0 0 0 0 0 0 0 X 0 0 0 0 X X X 0 0 0 X 0 X 0 0 X X 0 0 X 0 0 0 0 X 0 0 X 0 X 0 0 0 X 0 0 0 0 0 0 0 0 0 0 0 0 X 0 0 0 X 0 0 0 0 0 0 0 0 0 0 0 0 0 0 0 0 X X 0 0 X X 0 0 0 0 X 0 0 0 0 0 X X 0 0 0 0 0 0 X 0 X 0 0 0 0 0 0 0 0 0 X 0 0 0 0 0 X X 0 0 0 0 0 0 0 0 0 X 0 0 0 0 0 0 0 0 0 0 0 0 0 X 0 0 X 0 X X 0 0 X 0 X 0 0 0 0 0 X 0 0 0 0 0 X 0 0 0 0 0 X X 0 0 0 0 X 0 0 X 0 0 0 0 0 0 0 X
X X 0 0 0 0 X 0 0 0 0 0 0 0 X 0 0 0 0 X X 0 X 0 X 0 0 0 0 X X 0 0 X X 0 0 0 X 0 0 0 0 0 0 0 X 0 0 0 0 0 X 0 0 X 0 X 0 0 X X 0 0 0 X 0 0 0 0 0 0 X 0 0 0 X 0 0 0 0 X 0 0 0 0 0 0 0 0 X X 0 0 X 0 0 0 0 X 0 0 0 X 0 0 0 X 0 0 0 X 0 0 0 0 0 0 X 0 X 0 0 0 0 0 0 0 0 0 0 X 0 0 0 0 0 0 X X X X 0 X X 0 0 0 0 0 0 0 0 0 0 X X 0 0 0 0 0 0 0 0 0 X 0 0 0 X 0 0 0 0 X 0 0 0 0 0 0 0 0 0 0 0 0 0 0 X X 0 0 X 0 X 0 0 0 0 0 0 0 0 0 0 0 0 0 0 0 0 0 X 0 0 0 0 X 0 X 0 0 0 0 0 0 0 0 0 0 0 0 0 X X X 0 0 0 X 0 X 0 0 0 0 X 0 0 0 0 0 X 0 X 0 0 0 0 0 0 0 0 X 0 0 X 0 0 0 0 0 X 0 0 0 X 0 X 0 0 0 0 0 X 0 0 0 X X X X X X 0 0 X 0 X 0 0 0 X X 0 X 0 0 0 0 0 0 0 0 0 0 0 0 X 0 0 0 0 X 0 0 0 0 0 0 0 0 0 X X 0 X 0 0 X 0 0 0 X 0 0 0 0 X 0 0 0 0 0 0 0 X 0 X 0 0 0 0 0 X 0 0 0 0 0 0 0 0 X 0 0 X 0 0 0 0 X 0 0 0 0 0 0 X 0 0 0 0 0 0 0 0 X
X 0 X 0 0 0 0 0 X 0 0 0 0 0 0 0 0 0 0 0 X 0 X 0 X 0 0 0 0 0 0 X 0 X X 0 0 0 X 0 0 0 0 0 X 0 0 0 0 0 0 0 0 0 0 0 0 0 0 0 0 0 0 0 0 0 0 X X 0 X 0 X 0 0 0 X 0 0 0 0 0 X 0 0 0 0 0 0 X 0 0 0 X 0 0 0 0 0 0 0 X 0 0 0 0 0 0 0 0 0 0 0 0 X 0 0 X X X 0 X 0 0 0 X 0 X 0 X X 0 0 X 0 0 X 0 0 0 0 0 0 0 0 X X 0 0 0 0 0 0 0 0 0 X 0 0 0 0 0 0 0 0 0 0 0 0 0 0 X X 0 0 X 0 X 0 0 0 0 X 0 0 X 0 0 X X 0 0 0 0 0 0 0 0 X 0 X 0 X 0 X X 0 0 0 X 0 0 X 0 0 X 0 0 X 0 X 0 0 X X 0 0 0 0 0 0 0 0 0 0 0 0 0 X 0 0 X 0 0 0 X 0 0 0 0 0 0 0 0 0 0 X 0 X X 0 0 0 0 0 0 0 0 0 0 0 0 0 0 0 0 X 0 0 0 0 0 0 0 X 0 X 0 0 X 0 0 0 0 0 0 0 0 0 X X 0 0 0 0 0 0 X 0 0 0 0 0 X 0 X 0 0 X 0 0 0 0 0 0 X 0 0 0 0 0 0 0 0 0 X 0 X 0 X 0 0 0 X 0 X 0 0 0 0 0 0 X 0 X 0 0 X 0 0 0 X 0 0 0 X 0 0 0 0 0 X 0 0 X 0 0 0 0 X X 0 0 0 0 0 X 0 X 0 0 0 0 0 0 0 0 X 0 X
X 0 0 0 X X 0 X X 0 X 0 0 X 0 0 0 0 0 0 0 X 0 0 0 0 0 0 X 0 0 0 0 0 X 0 0 X 0 0 0 0 0 0 X 0 0 0 0 0 0 0 0 0 0 0 X 0 X X 0 0 0 X 0 0 X X 0 X 0 0 0 0 X 0 0 0 0 0 0 0 0 0 0 0 0 0 0 X 0 0 0 0 0 0 X 0 X 0 0 X 0 0 0 0 0 0 0 0 0 0 X X 0 0 X X X 0 0 0 X 0 0 0 0 0 0 0 0 0 0 0 X 0 0 0 0 X X 0 0 0 0 0 0 0 0 0 0 0 0 0 0 0 0 0 0 0 X 0 0 0 0 0 0 0 0 0 0 0 0 0 0 0 0 0 X 0 X 0 0 X 0 0 0 0 0 0 0 X 0 0 0 X X 0 0 0 0 0 0 0 0 0 0 X 0 0 0 0 X 0 X 0 0 X 0 0 X X 0 0 0 0 0 0 0 0 X 0 X 0 0 0 0 0 X 0 0 0 0 0 0 0 0 0 0 0 0 0 0 0 X 0 X 0 0 0 0 0 0 X 0 0 0 X 0 0 0 0 0 0 0 0 0 0 0 0 0 0 X 0 0 0 X 0 X 0 0 0 0 0 0 0 X 0 0 0 X 0 0 0 0 0 0 0 0 0 X 0 0 X X 0 0 0 X 0 X 0 0 0 0 X 0 0 X 0 0 0 0 0 0 0 0 X X 0 0 0 X 0 0 0 0 0 0 0 0 0 0 0 X X X X 0 0 0 X 0 X 0 0 0 X 0 0 0 0 0 0 0 0 0 0 X X 0 X 0 0 0 X 0 0 0 0 0 0 X 0 0 0 0 0 X X
X 0 0 0 0 0 0 0 0 0 0 0 X 0 0 0 0 0 0 0 X X 0 0 0 X 0 0 0 0 0 0 X 0 0 0 0 0 0 0 X 0 0 X 0 0 X 0 0 0 0 0 X 0 0 0 0 0 0 0 0 0 0 0 0 0 0 0 X 0 X X X 0 0 X 0 0 0 0 0 0 0 0 0 0 0 0 0 0 0 X 0 0 0 X 0 0 0 0 0 X 0 0 X 0 X 0 0 0 0 X 0 0 0 0 0 0 0 0 X 0 0 0 0 0 0 0 0 0 0 X 0 X 0 0 0 0 0 0 X 0 0 0 X 0 X X 0 0 X 0 X 0 0 X 0 0 0 X 0 X 0 0 0 0 0 0 X 0 0 X 0 0 0 0 X 0 0 0 0 X 0 0 0 0 0 X 0 0 0 0 0 0 X 0 0 0 0 0 X 0 X X 0 0 0 0 0 0 0 0 0 0 X 0 0 X 0 0 0 0 0 0 0 0 0 X 0 0 0 X X 0 0 X 0 0 X 0 0 0 0 0 0 X 0 0 0 0 0 0 0 0 0 0 0 0 X 0 0 0 0 0 0 0 0 0 0 0 0 0 X 0 0 0 0 X 0 0 X 0 X 0 0 0 0 0 X 0 X 0 0 0 X 0 0 X 0 0 0 0 0 X X 0 0 0 0 0 0 0 0 0 X 0 0 X 0 0 0 0 0 0 0 0 X 0 0 0 X 0 0 0 0 0 0 0 0 0 0 0 0 0 0 0 0 X 0 0 X 0 X 0 0 0 0 X X 0 X 0 0 0 0 0 0 0 0 0 0 X 0 0 X 0 0 0 0 0 0 0 X 0 X X 0 0 X 0 0 0 0 0 0 X 0 0 0 X
X 0 X 0 X 0 X 0 0 0 0 X 0 0 0 0 0 X 0 0 0 0 0 0 0 0 0 0 X 0 0 0 0 X X 0 X 0 0 0 0 0 X 0 0 X 0 0 0 0 0 0 X 0 0 0 0 0 0 0 0 0 0 0 0 0 0 0 X 0 0 0 0 0 0 0 0 X X 0 X X 0 0 0 0 0 0 0 X X 0 X X 0 0 0 0 0 0 X 0 X 0 X X 0 0 0 0 0 X 0 0 0 0 0 0 0 X 0 0 0 X 0 0 0 X X 0 X 0 0 0 0 0 X 0 0 0 0 0 0 0 X 0 0 0 0 0 0 X 0 0 0 0 0 0 0 0 0 0 0 0 0 X 0 0 X 0 0 X 0 0 0 0 0 0 0 0 0 0 0 0 0 0 0 X 0 X 0 X 0 0 0 0 X 0 0 0 0 0 0 0 0 0 0 0 0 0 X 0 X 0 0 X X X 0 0 0 0 X 0 0 0 0 0 X 0 0 0 X 0 0 0 0 0 0 X 0 0 0 X 0 0 0 0 X 0 0 0 X 0 X X 0 0 0 0 0 0 X 0 0 0 0 0 0 X 0 X 0 0 X 0 0 0 0 0 X 0 0 0 0 X 0 X X X 0 0 X 0 0 0 0 0 0 X 0 0 X 0 0 0 X 0 0 0 0 0 0 0 X X 0 0 X 0 0 0 0 0 0 0 0 0 0 0 0 X 0 0 0 0 0 0 X 0 0 0 0 0 X 0 0 0 0 0 0 X 0 X 0 0 0 0 0 0 0 X 0 0 X 0 0 0 0 0 0 0 0 X 0 0 0 X 0 0 0 0 0 0 0 0 0 0 X 0 0 0 0 0 X X 0 0 0 X
X 0 0 X 0 0 0 0 X X 0 0 0 0 0 0 0 0 0 X X X 0 0 X 0 0 0 X 0 0 0 0 0 X 0 0 0 0 0 0 0 0 0 0 X X 0 0 0 0 X 0 X 0 0 0 X 0 X 0 X X X 0 0 0 X 0 0 0 0 0 0 X 0 0 0 0 X 0 0 X 0 0 0 0 0 X 0 X 0 0 0 0 0 0 0 0 0 X 0 0 0 0 X 0 0 0 0 0 X 0 0 0 0 0 0 0 X 0 0 0 0 0 0 0 0 0 0 X 0 0 0 X 0 X 0 0 0 0 0 0 0 0 0 X 0 0 0 0 X 0 X 0 0 0 0 X 0 0 0 0 0 0 0 0 0 0 0 X 0 X 0 0 0 0 X 0 0 0 0 0 0 0 X 0 0 0 0 0 0 0 0 X 0 X 0 0 0 0 0 0 0 0 0 X 0 0 X 0 0 0 0 X 0 0 X 0 0 X X 0 0 0 0 0 0 X 0 0 0 0 X 0 0 0 0 0 0 0 0 X 0 0 0 X X 0 0 X 0 X X 0 0 X X 0 0 0 0 0 0 X X 0 X X 0 0 0 0 X 0 0 0 0 0 0 0 0 0 0 0 0 0 0 0 X 0 0 0 0 0 0 0 0 X 0 0 X 0 X X 0 0 0 0 0 X 0 0 0 0 0 0 0 0 0 0 0 0 0 0 0 X 0 0 0 0 X 0 0 0 0 0 0 0 X 0 0 X 0 0 0 0 0 0 0 X 0 0 0 0 0 0 0 0 0 0 0 0 0 0 0 0 0 0 X 0 0 0 0 0 0 X 0 X 0 0 0 0 0 X 0 0 0 X X X 0 0 X 0 0 X X 0 X
X X 0 0 X 0 0 0 X 0 0 0 0 X 0 0 0 0 0 0 0 X X 0 0 0 0 X X X 0 0 X X 0 0 X 0 0 0 0 0 0 X 0 0 0 0 0 0 0 0 0 0 0 X 0 0 X 0 X 0 0 X 0 0 0 0 0 0 0 0 0 0 0 0 0 X 0 0 0 X 0 0 0 0 0 0 0 0 0 0 0 0 0 0 0 0 0 0 0 0 0 0 0 0 0 0 0 0 0 0 X 0 X 0 X 0 0 0 X 0 0 0 0 0 X X X X 0 0 0 0 0 0 0 0 0 0 X 0 0 0 X 0 0 0 X 0 0 0 0 X X X 0 0 0 0 0 X X X X X 0 0 0 X 0 0 0 X X 0 0 0 X 0 0 0 0 0 0 0 X 0 0 X X 0 0 X 0 X X 0 0 0 0 0 0 0 0 X 0 0 0 0 0 0 0 0 0 0 0 0 0 0 0 0 0 X 0 0 0 0 0 0 X 0 0 0 0 0 0 X 0 0 0 X X 0 0 X 0 0 X 0 0 X X 0 0 0 0 0 0 0 0 0 X 0 0 X 0 0 0 X 0 X 0 0 0 X 0 0 0 0 0 0 0 0 0 0 0 0 0 0 0 0 0 0 0 0 0 0 X 0 0 0 0 0 0 0 X 0 0 X X 0 0 0 0 0 0 0 X 0 X 0 0 0 0 0 X X 0 X 0 X X 0 X 0 0 0 0 0 0 0 0 X X 0 0 0 0 0 X 0 0 0 0 X 0 X 0 0 0 0 0 0 0 0 0 X 0 0 0 0 0 0 0 0 0 0 0 0 0 0 0 X 0 X 0 0 X 0 0 0 0 0 0 0 X X 0 X
X 0 0 0 0 0 X 0 0 X 0 0 0 0 0 0 0 0 X X 0 0 0 X 0 0 X X X 0 X 0 0 0 0 X 0 0 X X 0 0 0 X 0 0 0 X 0 0 X 0 X 0 0 0 0 0 0 X 0 X 0 0 0 0 X 0 0 X 0 0 0 0 0 X 0 X 0 0 0 0 X 0 X 0 0 0 0 0 X 0 0 0 0 0 0 0 0 0 X X 0 X 0 0 0 X 0 0 0 0 0 0 0 X 0 X 0 X 0 0 X 0 X 0 X 0 0 0 0 X 0 0 0 X X X X X 0 0 0 X 0 0 0 0 0 X 0 0 0 0 0 0 0 X X 0 X 0 0 X 0 0 0 X 0 0 0 0 0 0 0 0 0 0 0 0 0 0 0 X 0 0 X 0 0 0 0 0 0 0 X 0 0 X 0 0 0 X 0 X 0 0 0 0 0 0 0 X 0 0 0 0 0 0 0 0 0 X 0 0 X 0 0 0 0 0 0 0 0 0 0 X X 0 0 0 0 0 0 0 0 X X X 0 0 0 0 0 0 0 X X 0 X X 0 0 0 0 X 0 X 0 X 0 0 0 0 0 X 0 X 0 0 0 0 0 0 0 X 0 0 0 0 0 0 0 0 0 0 0 X 0 0 0 0 0 0 0 X 0 0 0 0 0 0 0 0 0 0 0 0 0 0 0 X 0 X 0 0 X 0 0 0 0 X 0 0 0 0 X 0 0 0 0 0 0 0 0 X 0 0 0 0 X 0 0 0 0 0 0 0 0 0 X 0 0 0 0 0 0 0 X 0 0 0 X 0 0 X X 0 0 0 X 0 X 0 X 0 0 0 0 X X X X 0 0 0 0 0 0 0 X
X 0 0 0 0 0 0 0 X 0 0 0 X 0 0 0 0 0 X 0 X 0 0 0 0 0 0 0 0 0 0 0 0 0 0 0 0 0 0 0 0 0 0 0 X 0 0 0 0 X 0 0 0 0 0 0 X X 0 0 X 0 0 0 0 0 0 X 0 0 0 X X 0 0 0 0 0 0 0 X 0 0 0 0 0 0 0 0 X 0 0 0 0 X 0 0 0 0 0 0 0 X X X 0 0 0 X 0 0 0 X 0 0 X 0 0 0 0 0 0 0 X 0 0 0 0 X X 0 0 0 X 0 0 X X 0 0 0 0 0 0 0 0 0 0 0 0 0 0 0 0 0 0 0 0 0 0 0 0 0 0 0 0 0 0 0 0 X 0 0 0 0 0 0 0 0 0 0 0 0 0 0 0 0 0 0 X 0 X 0 X 0 0 0 0 0 X X X 0 0 X 0 0 X 0 0 0 0 0 0 0 0 X 0 0 0 0 0 X 0 0 0 0 X 0 X 0 X 0 0 0 X X 0 0 0 X 0 X X X 0 0 0 0 0 0 0 0 0 0 0 0 0 0 0 X 0 0 X 0 0 X X X X 0 0 0 0 0 0 0 X 0 0 0 0 0 X 0 0 0 0 X 0 X 0 0 X 0 0 0 0 0 0 0 0 0 0 X 0 0 0 0 0 0 X 0 0 X 0 X 0 0 X 0 0 0 0 0 0 0 0 X 0 X 0 0 0 0 0 X 0 0 X X 0 X 0 0 X 0 0 0 0 X 0 0 0 X 0 0 X 0 X 0 0 0 X 0 X 0 0 0 X X 0 0 0 0 0 0 0 0 0 0 0 0 0 0 0 0 0 X 0 0 0 0 0 0 0 0 0 0 X
X 0 X 0 X 0 0 0 X 0 X 0 0 0 0 0 0 0 X 0 0 0 0 X 0 0 0 0 X 0 0 0 0 0 0 0 0 X 0 0 0 0 0 0 0 0 X 0 0 0 0 0 0 0 0 0 0 X 0 0 0 0 0 X 0 X 0 0 0 0 X 0 0 0 0 0 0 0 0 0 0 X X 0 0 0 0 0 X 0 0 X 0 0 X 0 0 X 0 X 0 0 0 0 0 X 0 0 X 0 0 X 0 0 X 0 0 0 0 0 0 0 X 0 0 X 0 0 0 X 0 0 X 0 0 0 0 0 0 0 0 0 0 X 0 0 X 0 0 0 0 X 0 X 0 X 0 0 X X 0 0 X 0 0 0 0 X 0 0 0 0 0 0 0 0 0 X 0 0 0 0 0 0 X 0 0 0 0 0 X 0 X X 0 X 0 0 0 0 0 0 0 X 0 0 0 0 0 X 0 0 0 0 0 X X 0 0 X X 0 0 X 0 X 0 0 X X X 0 0 0 X 0 0 X 0 0 0 X 0 X 0 0 0 0 X 0 0 0 0 0 0 0 0 X X 0 0 0 0 0 0 0 X X 0 0 0 0 0 0 0 0 X 0 0 0 X 0 0 0 0 0 0 X 0 0 0 0 0 X 0 0 0 0 0 0 X 0 X X 0 0 0 0 0 0 0 0 0 0 0 0 X 0 0 0 X X 0 0 X 0 0 0 X X X 0 X 0 0 0 X 0 0 X 0 0 X 0 0 0 0 0 0 0 0 X 0 0 0 0 0 0 0 0 0 X 0 0 0 0 0 0 0 0 X X 0 0 0 0 0 0 X 0 0 0 0 0 X 0 0 0 0 0 0 0 0 0 X 0 0 0 0 X
X 0 0 0 0 0 0 0 0 0 0 X X 0 0 0 0 0 0 0 0 0 0 0 0 X 0 0 0 0 0 0 0 0 0 X 0 0 0 X X 0 0 0 0 X X 0 0 0 0 0 X 0 X 0 0 X 0 0 0 0 0 X 0 0 0 0 0 0 0 0 X 0 0 0 0 0 X 0 0 0 0 0 X X 0 0 X 0 0 0 0 0 0 X 0 0 X 0 0 0 0 0 0 0 0 0 0 0 0 0 X 0 0 0 0 0 0 0 0 0 X 0 0 0 0 0 0 0 X X X 0 0 0 0 0 0 0 0 0 0 0 0 0 0 0 X 0 0 0 0 0 0 0 0 0 0 0 0 0 X X 0 0 0 X 0 X 0 0 0 X 0 0 0 X 0 0 X 0 0 X 0 X 0 0 0 0 0 0 0 0 0 X X 0 0 0 X X 0 X 0 0 0 0 0 0 0 0 X 0 0 0 0 0 0 0 X 0 0 X X 0 0 0 0 0 0 X 0 0 0 0 0 X 0 X 0 0 0 0 0 0 0 0 X X 0 0 0 X 0 0 0 X 0 0 X 0 0 0 0 0 X 0 0 X 0 0 0 0 0 X X 0 0 0 0 0 0 0 0 0 0 0 0 X 0 0 0 0 0 0 0 X 0 0 0 0 0 0 0 0 0 0 0 X 0 0 0 X 0 0 0 0 0 0 X 0 0 0 0 0 0 0 0 X X X 0 0 0 0 X 0 0 0 0 0 0 X 0 X X 0 0 0 X 0 0 0 X X 0 0 0 X 0 0 0 0 0 X X 0 X 0 0 X 0 0 X 0 0 0 0 X 0 0 0 0 0 0 X 0 X X 0 0 0 0 X X 0 X 0 X
X 0 0 X 0 X 0 X 0 0 0 0 0 0 0 0 X 0 0 X 0 X 0 0 0 0 0 0 X 0 0 0 0 0 X X 0 0 0 0 0 0 0 0 0 0 0 0 0 0 X X 0 0 0 0 0 X 0 0 0 0 0 0 0 0 0 X X 0 0 0 X 0 0 0 0 X 0 0 0 0 X 0 0 0 0 0 0 0 0 0 0 X 0 0 0 0 0 0 0 X 0 X 0 0 0 0 0 0 0 0 0 0 X 0 0 0 0 X 0 X X 0 X 0 X 0 0 X 0 0 X 0 0 0 0 0 0 0 0 0 0 0 X 0 X 0 0 0 0 0 0 0 0 0 0 0 0 0 X 0 X 0 0 X 0 0 X 0 X 0 0 0 0 0 0 0 0 X 0 0 0 X 0 X 0 0 0 X 0 0 0 0 0 0 0 0 0 X 0 0 X 0 0 0 0 0 0 X 0 X 0 0 0 0 0 0 X 0 0 0 0 0 X 0 0 0 0 0 0 0 0 0 0 X X 0 0 X 0 0 X X 0 0 0 0 0 0 0 0 X 0 0 0 0 0 0 X 0 0 X 0 0 0 0 0 0 0 0 0 0 X 0 0 0 0 0 0 0 X 0 0 0 0 0 X 0 0 0 0 0 0 X X 0 0 0 X X 0 0 0 X 0 0 0 0 0 0 0 0 0 X X 0 0 0 0 0 0 0 0 0 0 0 X 0 0 0 0 0 0 0 0 X 0 0 0 0 0 0 0 0 0 0 X X X 0 0 0 0 X X X 0 0 0 0 X 0 X 0 0 X 0 0 0 0 X 0 X 0 X 0 0 0 0 0 0 0 0 0 X 0 0 0 0 0 X 0 X X 0 0 0 0 X
X 0 0 0 0 0 X 0 0 0 0 X 0 X X 0 0 X 0 0 0 0 0 0 0 X 0 X X 0 0 X 0 0 X 0 0 0 0 X 0 0 0 0 0 0 X 0 0 0 0 0 0 0 X 0 0 X 0 X 0 0 X 0 0 0 X 0 0 X X X 0 0 0 0 0 0 0 0 0 X 0 0 0 0 0 0 0 0 0 0 X X 0 0 0 X 0 0 0 0 0 0 0 0 X 0 0 X 0 0 0 X 0 0 0 0 0 0 0 X 0 0 0 0 0 X 0 0 0 0 0 0 0 0 0 X X X 0 X 0 0 0 0 0 0 X X 0 0 0 0 0 0 0 0 0 0 X X 0 X 0 X 0 0 0 0 0 X X X 0 0 0 0 0 X X 0 0 0 0 0 0 0 0 0 0 0 X X 0 0 0 0 X 0 0 0 0 0 0 0 0 0 X 0 0 0 0 0 0 0 0 0 0 0 0 0 0 0 0 X 0 0 X 0 X 0 0 X 0 0 0 0 0 0 0 0 0 0 0 0 0 0 0 0 0 0 0 X 0 0 X 0 0 0 0 0 0 0 0 0 0 0 0 0 X 0 0 0 0 0 0 0 0 0 0 0 0 0 0 0 0 0 0 0 X 0 0 0 0 X 0 X 0 0 0 0 0 0 0 0 0 X X 0 0 0 0 0 0 X 0 X 0 0 0 0 0 0 0 0 0 X X X 0 X 0 0 0 0 0 0 0 0 0 0 0 0 0 0 X 0 0 0 0 0 0 0 0 0 0 X X X 0 X 0 0 0 0 X 0 0 0 0 0 0 0 0 X X 0 0 0 0 X 0 0 0 0 0 0 0 0 0 0 0 0 0 0 0 0 0 X
X 0 X 0 X 0 0 0 0 0 X 0 X 0 0 0 0 0 0 X 0 0 0 0 0 0 0 0 0 X 0 X X 0 X 0 X 0 X 0 X 0 0 0 0 0 0 0 0 0 X X 0 0 0 0 0 0 0 0 0 X 0 0 X X 0 X 0 X X 0 0 0 0 0 X 0 0 0 0 X X 0 X 0 0 0 0 0 0 0 X 0 0 X 0 0 0 0 0 0 0 0 0 0 0 0 0 0 0 X 0 X X 0 X 0 X 0 0 0 X 0 0 X 0 0 0 0 0 0 0 0 0 0 0 0 0 0 0 0 X 0 0 0 0 0 0 0 0 0 0 0 X 0 0 0 0 0 0 0 0 0 0 X 0 X 0 0 X 0 0 0 0 0 0 0 0 0 0 X 0 0 0 0 0 0 0 0 0 0 X 0 X X 0 X 0 X 0 0 0 X 0 0 0 0 0 0 0 0 0 0 0 0 0 0 0 0 X 0 0 0 0 X X 0 0 X 0 0 0 0 0 0 X 0 X 0 0 0 0 0 0 X 0 0 X X X X 0 X 0 X X 0 0 0 0 0 0 X 0 0 0 0 0 0 0 0 0 0 0 0 0 0 0 0 0 0 0 0 0 0 X X 0 0 X 0 0 0 0 X 0 X 0 0 X 0 0 0 0 0 0 X 0 0 0 0 0 0 0 0 0 0 0 0 X 0 0 X X 0 0 0 0 0 0 0 X 0 0 0 0 0 0 0 0 X 0 0 0 X 0 0 0 0 0 0 0 X 0 0 X 0 X 0 0 0 0 X 0 0 0 0 0 X 0 X 0 0 0 0 0 0 0 0 0 X X 0 X 0 0 0 0 0 0 0 0 0 0 0 0 0 X X
X 0 0 0 0 0 0 0 0 0 0 0 0 0 0 X 0 0 0 0 0 0 X X 0 X 0 0 0 0 0 X X 0 0 0 0 0 X 0 0 0 0 0 0 0 0 0 0 0 0 0 0 0 X 0 0 0 X 0 0 X 0 0 0 0 0 0 0 0 X 0 X 0 X 0 X 0 0 0 0 0 0 0 0 X 0 0 X 0 X 0 0 0 0 X X 0 0 0 0 0 0 X 0 0 0 X 0 0 X 0 0 0 0 0 0 X X 0 0 0 0 X 0 0 0 0 0 0 X 0 0 0 0 X 0 X 0 X 0 0 0 X 0 0 0 0 X X X 0 0 X 0 X 0 0 0 0 0 0 0 X X X X 0 0 0 0 0 0 X 0 X 0 0 0 X X X 0 0 0 X 0 0 0 0 X X 0 0 X 0 0 X X 0 0 X 0 0 0 0 0 0 0 X 0 0 0 0 0 0 X 0 X 0 0 0 0 X 0 0 0 0 0 X 0 X 0 X X 0 0 0 0 X 0 0 X 0 X X 0 0 0 0 0 0 0 0 0 0 0 0 X X X 0 X 0 0 0 0 0 X 0 X 0 0 0 0 0 0 X 0 0 0 0 0 0 0 0 0 0 0 0 0 0 0 X 0 0 0 0 X X X 0 0 0 0 X 0 0 X 0 X 0 X X 0 0 X X 0 0 0 0 0 0 0 0 0 0 0 0 0 0 0 0 0 0 0 X X 0 0 0 0 X 0 0 0 0 0 X X 0 0 0 X 0 0 X 0 0 0 0 0 0 0 0 0 0 0 0 0 0 X 0 0 X 0 0 0 X 0 0 0 0 0 X 0 0 0 0 0 X 0 0 0 0 X 0 X X
X 0 0 X X 0 0 0 0 0 0 0 0 X 0 0 0 0 0 0 0 0 X 0 0 0 0 0 0 0 0 0 0 0 0 0 0 0 X 0 0 0 0 0 0 0 0 0 0 0 0 0 0 0 0 0 0 0 0 0 0 0 X X 0 0 X 0 0 0 0 0 0 0 X X 0 0 0 X 0 0 0 0 X 0 0 0 0 0 X 0 0 0 0 0 X 0 0 X 0 0 0 0 0 0 0 X 0 0 X 0 0 0 0 X 0 X 0 X 0 0 0 0 X 0 X 0 0 0 0 X X 0 X X 0 0 0 X 0 0 0 X X 0 X 0 0 0 0 0 X 0 0 0 0 0 X 0 0 0 0 0 0 0 X 0 0 0 0 0 X 0 X 0 0 0 0 X X 0 X 0 0 0 X 0 X 0 X 0 X X 0 0 0 X 0 0 0 X X 0 0 0 0 0 0 0 0 X X 0 X X 0 X 0 X 0 0 0 0 0 0 X 0 0 X 0 0 X 0 0 0 0 0 0 0 0 0 0 0 0 0 0 0 X 0 0 0 0 0 0 0 0 0 0 0 0 0 0 0 0 X 0 0 0 X 0 0 0 0 0 0 0 0 X 0 X 0 0 0 0 0 0 0 0 X 0 X 0 0 X 0 X 0 X 0 0 X 0 0 0 0 0 X 0 0 0 0 0 0 0 0 0 0 0 0 0 0 0 0 0 0 X 0 0 0 X 0 X 0 0 0 0 X X X 0 0 0 0 0 0 0 0 0 0 0 0 0 0 0 0 0 0 0 0 X 0 0 0 0 0 0 0 0 0 X X X 0 X X 0 0 X 0 X X 0 0 0 X 0 0 0 X 0 0 X 0 0 0 0 0 0 X
X 0 0 0 0 0 0 0 X X X 0 0 0 0 0 0 0 0 0 0 0 0 0 X 0 0 0 X 0 0 0 0 0 0 0 0 X 0 X 0 X 0 0 0 0 0 0 0 0 X 0 0 0 0 0 0 0 X 0 0 0 0 0 X 0 0 0 0 0 0 0 0 0 0 0 0 X 0 0 X 0 0 0 0 0 0 0 0 0 0 0 0 0 0 0 0 0 0 X 0 0 0 0 X X 0 X 0 0 0 0 X 0 0 0 X 0 0 0 0 0 X 0 0 X 0 0 0 0 0 0 0 0 0 X X 0 0 0 0 X X 0 0 0 0 0 0 0 0 0 0 X 0 0 0 0 0 X 0 0 0 X 0 0 0 0 0 0 0 0 0 0 X X 0 0 0 X X 0 0 X 0 X 0 X 0 0 0 0 0 0 X 0 0 0 X 0 X 0 0 0 0 0 0 0 0 0 0 0 0 0 0 0 0 0 X 0 0 0 0 0 0 X 0 0 X 0 X 0 0 0 0 0 0 0 0 0 0 0 X 0 0 0 X X 0 X 0 0 0 0 0 0 0 0 0 0 0 0 X 0 0 0 0 0 0 X X 0 0 0 X 0 X 0 0 0 0 X 0 0 X 0 0 0 0 0 X 0 0 0 0 X 0 X 0 0 0 0 0 0 0 0 0 0 0 X 0 0 0 0 0 0 0 0 0 X 0 0 0 0 0 0 0 0 0 0 0 0 X 0 0 0 0 X 0 X 0 0 0 X 0 0 0 0 0 0 X 0 0 X 0 X X 0 X 0 0 X 0 0 0 0 0 0 0 0 X X 0 0 0 0 0 X 0 0 0 0 0 0 0 0 X 0 X 0 0 0 0 0 0 0 0 X 0 X
X 0 0 X 0 X 0 0 0 0 0 0 0 X 0 0 0 0 X 0 0 0 0 0 0 0 0 0 0 X 0 0 0 0 X 0 X 0 0 0 0 0 0 X 0 0 0 0 X X 0 0 0 0 0 X 0 X 0 0 0 X 0 0 0 0 0 0 0 0 0 0 0 0 0 0 X 0 0 0 0 0 0 0 0 0 0 0 0 0 0 0 0 X X 0 0 0 0 X 0 0 0 X X 0 0 0 0 0 0 X 0 X 0 0 0 0 0 0 0 0 0 0 0 0 0 0 0 0 0 0 0 X 0 0 0 0 0 0 0 0 0 0 0 X 0 0 X X 0 X X 0 0 0 0 0 0 0 X 0 0 X 0 X 0 0 0 0 0 0 0 X 0 0 X 0 0 0 0 0 X 0 0 0 X X 0 X 0 X X 0 0 0 0 0 0 0 0 0 0 0 X X 0 0 X 0 0 0 0 0 0 0 0 0 X 0 X 0 0 0 X X X 0 X X 0 0 0 0 X 0 0 X 0 0 0 0 X 0 X 0 X X 0 0 0 0 0 0 X 0 0 0 X 0 0 0 X 0 0 X 0 X 0 X 0 X 0 0 0 0 0 0 0 0 X 0 0 0 0 0 0 0 0 0 X 0 0 X X 0 0 0 0 X 0 0 X 0 0 0 0 0 0 0 0 0 0 0 0 0 0 0 0 0 0 0 0 0 X X 0 0 0 0 0 0 0 0 0 X 0 X 0 0 0 0 0 0 0 0 0 0 0 0 0 0 0 0 0 0 0 X 0 X 0 0 0 0 0 0 0 0 X 0 0 X 0 0 0 0 0 0 X 0 0 X 0 X X 0 0 0 X 0 0 0 0 0 0 0 X 0 X X
X 0 0 0 0 0 0 0 0 0 X X 0 0 0 0 0 0 0 X 0 X 0 0 0 0 0 X 0 0 0 0 0 X 0 0 0 0 0 0 X 0 0 0 X 0 0 0 0 0 0 X 0 0 0 0 0 0 0 X 0 0 0 0 0 0 0 0 0 0 0 0 X 0 0 0 0 0 0 0 0 0 0 X X 0 0 X 0 0 0 0 0 X 0 0 0 0 0 0 0 0 X X 0 X 0 0 0 0 0 X 0 X 0 0 0 0 0 0 0 0 X X 0 0 0 0 X 0 0 X 0 0 0 0 0 0 X 0 0 0 0 0 X 0 X 0 0 0 0 0 0 0 0 0 0 X 0 0 0 0 X 0 0 0 X 0 0 0 X 0 0 X 0 0 0 X 0 0 0 0 X 0 0 X 0 X 0 0 0 X 0 0 0 X 0 0 0 0 0 X 0 X 0 0 0 0 0 X X 0 X 0 0 0 0 X 0 0 0 0 0 0 0 0 0 0 0 X 0 0 0 0 0 0 X 0 0 0 0 0 X 0 0 0 0 X 0 0 0 X 0 0 0 0 X 0 0 0 0 0 X 0 0 0 0 0 X X 0 0 0 0 X 0 0 0 0 0 0 0 0 0 0 0 0 0 0 0 X 0 0 X X X 0 0 0 0 0 0 0 0 0 0 0 0 0 0 0 0 0 0 0 X 0 0 0 0 X 0 0 0 0 0 0 X X 0 0 0 0 0 0 0 X 0 0 0 0 0 0 0 0 0 0 0 0 0 0 X 0 0 0 0 0 0 0 0 0 0 X 0 X 0 0 X 0 X 0 0 0 0 0 0 0 0 0 X 0 0 0 X 0 X X X X X 0 0 X 0 0 X 0 0 0 X
X 0 X 0 0 0 0 0 X 0 0 0 0 0 0 0 X 0 X X 0 0 0 0 0 0 0 0 0 X 0 X 0 0 0 X 0 0 0 0 0 X 0 0 0 0 0 0 0 0 X 0 0 X 0 0 X 0 X X 0 0 0 0 X 0 X 0 0 0 0 0 0 0 0 0 0 0 X 0 0 0 0 0 0 0 0 0 0 X 0 0 X X 0 X X 0 0 0 0 0 0 0 0 0 0 0 0 X 0 0 0 0 0 0 0 0 0 X 0 0 0 X 0 0 0 0 X 0 X 0 0 0 X 0 0 X 0 0 0 0 0 0 0 0 0 0 0 0 0 X 0 0 0 0 0 0 0 0 0 0 0 0 0 0 0 0 0 0 0 0 0 0 0 0 0 0 X 0 X X 0 0 0 0 0 0 0 0 0 0 0 0 0 0 0 0 0 X 0 0 0 0 0 0 0 0 0 0 0 0 0 0 0 0 0 0 0 0 0 0 0 0 0 X 0 X 0 0 0 0 X X 0 X 0 0 0 0 0 0 0 X 0 0 0 0 X X X X X X 0 X 0 0 0 0 0 0 0 0 0 0 0 0 X X 0 0 0 0 0 X 0 X 0 0 0 0 0 0 X 0 X 0 X 0 0 X 0 0 0 0 0 0 0 0 X 0 0 X 0 0 0 0 0 0 0 X 0 0 X 0 X 0 0 0 X 0 0 0 0 0 0 0 0 0 0 0 X X 0 0 0 0 0 0 0 0 0 X 0 0 0 0 0 0 X 0 0 X 0 0 0 0 0 X 0 X 0 X 0 0 0 0 X 0 0 0 0 X 0 X 0 0 0 0 0 X 0 X 0 0 X 0 X X 0 0 0 0 0 X X 0 0 X
X 0 0 0 0 0 0 0 0 0 0 X 0 0 0 X 0 X 0 0 X X X X 0 X X 0 0 0 X X 0 0 0 0 0 0 0 0 0 0 X 0 0 X 0 0 0 X 0 0 X 0 0 0 0 0 X 0 0 X 0 X 0 0 X 0 0 0 0 0 0 0 X 0 X X 0 0 0 X 0 0 0 0 0 0 0 0 0 0 0 X X 0 0 0 0 0 0 0 0 X 0 0 X X 0 0 X 0 0 0 0 0 0 0 0 0 0 X 0 0 X 0 0 X 0 0 0 X X 0 0 0 X 0 0 X 0 0 X 0 X 0 X X X 0 0 0 0 X 0 0 0 0 0 0 X 0 0 X 0 0 0 0 0 0 0 0 X 0 0 0 0 X 0 0 0 0 X 0 0 0 0 0 0 X 0 0 0 0 X 0 0 0 0 0 X 0 X X 0 X 0 0 0 0 0 0 X 0 0 X 0 0 X X X 0 0 0 X 0 X 0 X 0 0 0 X 0 X 0 X 0 X X 0 0 0 0 0 X 0 0 X 0 0 0 X X 0 0 0 0 0 0 0 X 0 0 0 X 0 X 0 0 X 0 0 0 X 0 0 0 0 0 X 0 X 0 0 0 0 0 0 0 0 0 0 X 0 X X 0 0 0 0 0 0 X 0 0 0 0 0 0 0 0 0 0 0 0 X 0 X 0 0 X 0 0 0 0 0 X 0 0 0 0 X 0 X 0 0 0 X X X 0 0 0 0 0 0 0 0 0 X 0 0 0 0 X 0 0 0 0 X X X 0 0 0 X X X X X 0 0 0 X X 0 0 0 0 X 0 0 0 0 0 X X 0 X 0 0 X 0 0 0 X 0 0 X
X 0 0 0 0 0 0 0 0 X X X 0 0 0 0 0 X X 0 0 X X 0 0 0 0 0 0 0 0 0 0 0 0 0 0 X 0 0 0 0 0 0 0 0 0 X 0 0 X X 0 0 0 0 X 0 X 0 0 0 0 0 0 0 0 0 0 X 0 0 0 0 0 0 0 X 0 0 X X X X 0 0 0 0 X 0 0 0 X 0 0 0 X X X 0 0 0 0 0 0 0 0 0 X 0 0 X 0 X 0 X 0 0 X 0 0 X X 0 0 0 0 X 0 X 0 0 X 0 0 0 X 0 0 0 0 0 X 0 0 0 0 0 0 0 0 0 0 0 X 0 0 0 0 0 0 0 0 0 0 0 0 0 0 0 0 0 X X 0 X 0 X 0 0 X 0 0 0 0 X 0 0 0 0 0 X 0 X 0 0 X 0 0 0 0 0 0 0 0 0 0 0 0 0 0 0 0 0 0 0 0 0 0 0 X 0 0 0 0 0 0 0 0 0 0 0 X 0 X X 0 0 0 X X 0 0 X X 0 X X 0 X 0 0 0 0 X 0 0 X 0 X X 0 0 X X 0 X 0 0 0 0 X 0 X X X X 0 X X 0 0 0 X 0 0 X 0 0 0 0 0 0 0 0 0 0 X 0 0 0 0 0 X 0 0 0 X 0 0 0 X 0 X 0 0 0 0 0 0 0 0 0 0 0 0 0 0 0 0 0 0 0 0 0 0 0 0 0 0 0 0 0 0 0 0 0 0 0 0 0 0 0 0 0 0 0 0 0 0 0 X X X X 0 0 0 0 X 0 X X 0 0 0 X X 0 X 0 X 0 0 0 0 0 0 X X X X 0 X X 0 0 X 0 X
X X 0 0 X 0 X 0 X 0 0 0 0 X 0 0 0 0 0 0 X 0 0 0 0 0 0 0 0 0 0 0 0 0 X 0 0 0 X 0 0 0 X 0 0 X 0 0 0 0 0 0 0 0 0 0 0 0 0 0 0 0 0 0 X 0 0 0 X 0 0 0 0 0 0 0 0 0 0 0 0 0 0 0 X 0 X 0 0 0 0 0 0 0 0 0 0 X X 0 0 0 0 0 X 0 0 0 0 0 0 0 0 X 0 0 0 0 0 0 X 0 0 X 0 0 0 0 0 X 0 0 0 X 0 0 0 0 0 0 0 X X X 0 X 0 X 0 0 0 0 0 0 0 0 0 X 0 0 0 0 0 X 0 0 0 X 0 0 0 0 X 0 0 0 0 X 0 0 0 0 0 0 0 0 0 0 0 0 0 X 0 0 X X 0 X 0 0 0 0 0 X X 0 0 0 0 0 0 X 0 X X 0 0 0 0 0 0 0 0 0 0 X 0 0 0 X 0 0 0 0 0 0 X 0 0 0 X 0 0 0 0 0 X 0 0 0 X X X 0 X 0 X X X 0 0 X X 0 X 0 0 0 0 0 X 0 0 0 0 X X 0 0 0 0 0 X X 0 0 0 0 0 0 0 0 0 0 0 X 0 0 X X 0 X 0 0 0 0 0 X 0 0 X 0 0 0 0 0 0 0 0 0 0 0 0 0 X 0 0 0 0 X 0 0 0 X 0 0 X 0 0 0 0 0 0 0 0 0 X X X 0 0 0 X X X X 0 0 0 0 0 X 0 0 0 0 0 0 0 0 0 0 0 0 0 0 0 0 0 0 0 0 X 0 0 0 X X 0 0 X X 0 0 0 0 0 0 0 X
X 0 0 X 0 0 0 0 0 0 X 0 0 X 0 0 0 0 X 0 0 0 0 0 0 X 0 0 0 0 0 0 0 X 0 0 0 0 0 0 0 0 0 0 0 0 X 0 X 0 0 0 0 X 0 0 0 0 0 0 0 0 0 0 0 0 0 0 0 0 X 0 0 0 0 0 0 0 X 0 0 0 0 0 0 X X 0 X 0 0 0 0 0 0 0 0 0 0 0 X X X X X X X 0 X 0 X 0 0 0 0 0 0 0 0 0 X 0 0 0 0 0 0 0 0 X 0 0 0 0 0 0 0 0 0 0 X 0 0 0 0 0 0 0 0 X 0 0 0 0 X 0 0 0 X 0 0 0 0 0 0 0 0 X 0 X 0 0 0 0 0 0 0 X 0 X X 0 0 X 0 0 0 0 0 X X X 0 0 X X X 0 0 0 0 0 X 0 0 0 0 X X X X 0 0 0 X 0 0 0 0 0 X X 0 0 0 X X 0 0 0 0 0 0 X 0 0 0 0 0 0 0 0 X 0 0 0 X X 0 X X 0 0 X 0 0 X 0 0 0 X X 0 0 0 0 0 X 0 0 X 0 0 X 0 0 X 0 X 0 0 0 0 0 0 X X 0 0 X 0 0 0 0 0 0 0 0 0 0 0 0 0 X 0 0 0 0 0 X 0 X 0 0 0 0 0 0 0 0 0 0 0 0 0 X X 0 0 0 0 X 0 0 0 0 X X 0 0 0 0 0 0 0 0 0 0 0 0 X 0 0 0 0 0 X 0 0 0 X 0 0 0 0 X X X 0 0 0 0 0 X 0 0 0 0 X 0 X X 0 0 0 0 X 0 0 X 0 0 X 0 0 X X 0 0 X
X 0 0 0 X 0 0 0 0 0 0 0 0 0 0 0 0 0 0 X X 0 0 0 0 0 0 0 0 0 0 0 0 0 0 0 0 0 X 0 0 0 0 0 0 0 0 0 0 0 0 0 0 0 0 X 0 0 0 X X 0 0 0 0 0 0 0 0 0 0 0 0 X 0 0 0 0 X 0 0 0 0 0 0 X 0 X X 0 0 0 0 0 0 X 0 X 0 X 0 0 0 0 0 X X 0 0 0 0 X 0 0 0 0 X 0 0 0 0 0 X 0 X 0 0 X X X 0 X 0 0 0 0 0 0 0 0 0 0 0 0 0 0 0 0 0 X 0 0 0 X 0 0 0 0 0 0 0 0 X 0 0 0 0 X 0 0 0 0 0 0 0 0 0 0 0 0 X 0 X X 0 0 0 0 X 0 X 0 X 0 0 0 0 0 0 X 0 X 0 X X 0 0 0 X 0 X 0 0 X 0 0 X 0 X 0 0 X 0 0 0 0 0 X 0 0 0 0 0 0 0 0 0 0 0 0 0 0 0 0 0 0 0 0 0 0 0 0 X 0 0 0 0 0 0 0 0 0 0 0 0 0 0 0 0 X X 0 0 0 0 0 0 0 X 0 0 0 X 0 0 0 0 0 0 0 0 0 0 X X X X 0 0 0 X 0 X 0 X 0 0 0 0 X 0 0 0 0 X 0 0 0 0 0 0 0 0 X 0 0 0 0 0 0 0 0 0 0 X 0 X 0 X X 0 0 0 0 0 0 0 X 0 X 0 0 0 0 0 0 X 0 0 X 0 X 0 0 X X 0 0 0 X X 0 0 0 0 0 X 0 0 0 0 0 X 0 0 0 0 X 0 0 X 0 0 0 0 0 X 0 0 X
X 0 0 0 0 0 0 X 0 0 0 0 0 0 0 0 0 0 0 X X 0 0 0 0 X 0 X X 0 0 0 0 0 0 X X 0 X 0 0 0 0 0 0 0 0 0 0 0 0 0 0 0 0 0 0 X 0 0 X 0 0 0 0 0 0 0 X 0 0 0 0 X 0 X 0 X 0 0 0 0 X 0 0 X 0 0 X 0 0 X 0 0 0 0 0 0 0 0 0 0 0 0 0 0 0 X 0 X X X 0 0 X 0 0 0 0 0 0 0 0 0 X X 0 0 X 0 X 0 0 0 0 0 0 X 0 0 0 0 X X 0 0 0 0 0 0 X 0 0 0 0 0 0 X 0 0 X X 0 0 X 0 0 0 0 0 X X X 0 0 0 0 0 0 X 0 0 0 0 X 0 0 0 0 0 0 0 0 0 0 X 0 0 0 X X X 0 0 0 0 0 0 0 0 0 0 0 0 0 0 0 0 0 0 0 0 X 0 0 0 0 X 0 0 0 0 X 0 0 0 0 0 0 X 0 0 X 0 0 X 0 0 0 0 0 X 0 0 0 0 0 0 0 0 0 0 0 0 0 0 0 0 0 0 X 0 0 0 0 0 X 0 0 0 X 0 0 0 X 0 0 0 0 0 0 X X 0 X X X 0 0 0 0 X X X 0 0 0 0 X 0 0 X X X X X X 0 0 0 0 0 0 0 0 X X 0 0 0 X X X 0 0 0 X 0 0 0 X X 0 X 0 0 0 0 0 0 0 0 0 0 0 X X 0 0 X 0 0 0 0 X 0 0 0 0 X 0 0 0 X 0 0 0 0 0 0 0 0 0 0 0 0 X X 0 0 0 0 0 0 0 0 X 0 0 X
X 0 X 0 0 0 0 0 X 0 0 0 0 0 0 X X 0 0 0 0 0 X 0 0 X X 0 0 0 0 X 0 0 X 0 0 0 0 0 0 0 0 0 0 0 0 0 0 X 0 0 0 0 0 0 0 0 0 0 0 0 0 X X 0 0 0 X 0 0 0 0 0 0 0 X 0 X 0 0 0 0 0 X 0 0 0 0 X 0 X 0 0 0 0 0 X X 0 X X 0 0 0 0 0 0 0 X 0 0 0 X 0 0 0 0 0 0 0 0 0 0 0 X X 0 0 0 0 0 0 X 0 0 0 0 0 0 0 0 0 X 0 X 0 0 0 0 X 0 0 0 0 0 0 0 0 0 0 X X 0 X 0 0 0 0 0 0 0 0 X 0 0 X X X 0 0 0 0 X X 0 X 0 X 0 0 0 0 0 X 0 0 X 0 0 0 0 0 0 X 0 0 X X 0 0 0 X 0 0 X 0 X 0 0 0 0 0 0 0 0 0 0 0 X 0 0 X 0 0 0 0 0 0 0 X 0 0 0 0 0 0 X 0 0 0 0 0 0 0 X 0 0 0 0 0 0 0 0 0 0 X 0 X X 0 0 0 0 0 X 0 0 0 X X 0 0 0 0 0 0 0 0 0 0 0 X 0 X 0 X 0 0 0 0 0 0 X 0 0 0 0 X 0 X X 0 X 0 0 0 0 0 0 0 0 X 0 0 X 0 0 0 0 X X 0 0 0 0 0 0 X 0 0 X 0 0 0 X 0 X 0 0 X 0 0 0 X 0 0 0 0 0 0 0 0 0 0 X 0 0 0 0 0 X 0 0 0 X 0 0 0 0 0 0 0 X 0 X 0 0 X X X 0 0 0 0 0 0 0 0 X
X 0 X 0 0 0 0 0 0 X 0 0 0 X 0 0 0 0 0 0 0 0 0 0 0 0 0 X 0 X 0 0 0 X 0 0 X X X 0 0 0 0 0 0 0 0 0 0 0 0 0 0 0 0 X 0 0 0 0 0 0 X 0 0 X X 0 0 X 0 0 0 0 0 0 0 0 0 0 0 0 X X 0 0 0 0 X X 0 X 0 0 X 0 X 0 0 0 X 0 0 0 X 0 0 0 0 0 0 0 0 X 0 0 X 0 0 0 0 0 0 0 0 0 0 0 X 0 X 0 0 0 0 0 0 X 0 0 0 0 0 0 X 0 0 0 0 X 0 0 X 0 0 0 0 0 X X 0 0 0 0 0 0 0 0 0 X 0 X X 0 0 0 X X 0 X 0 0 0 0 0 0 0 X X 0 0 0 0 0 0 0 0 X 0 0 0 0 X 0 0 0 0 X X X 0 0 0 0 X 0 0 X 0 0 0 0 0 0 0 0 0 0 0 0 0 0 0 X 0 0 0 0 X X 0 0 0 X 0 0 0 0 0 0 X 0 0 0 X X X X 0 0 0 0 0 0 X 0 0 0 0 X 0 0 0 0 0 X X 0 0 X X 0 0 0 0 0 0 0 X 0 0 X 0 0 X 0 0 0 0 0 X 0 X X 0 0 0 X 0 0 0 X 0 0 X 0 0 0 0 0 0 0 X 0 0 0 0 X 0 0 X 0 0 0 0 0 X 0 0 0 0 0 0 0 0 X 0 0 0 X 0 0 0 X 0 X X 0 0 0 X 0 0 0 0 0 0 0 0 0 0 0 0 0 X X 0 X 0 0 0 0 0 X 0 0 0 0 0 X 0 X 0 X 0 X 0 0 0 X
X 0 0 0 0 X 0 0 X X 0 X X 0 0 0 0 X X 0 0 0 0 X 0 0 X 0 0 0 0 0 0 0 0 0 X 0 0 X 0 X 0 0 0 0 0 0 0 0 0 X 0 0 0 0 X 0 0 X 0 0 X 0 0 0 0 0 0 0 0 X 0 0 0 0 0 0 0 0 X 0 0 0 0 0 0 0 0 0 X X 0 0 0 0 0 0 X 0 0 0 0 0 X 0 0 0 X 0 0 0 0 X 0 0 0 0 0 0 0 0 0 0 0 0 0 0 X 0 0 0 0 0 X 0 X 0 X 0 0 0 X 0 0 X 0 0 0 0 0 0 0 0 X 0 X 0 0 X 0 0 0 X X 0 0 0 0 0 X 0 X 0 0 0 0 0 0 0 0 0 0 0 X 0 0 0 0 0 0 0 0 0 X 0 0 0 0 X 0 0 0 X 0 0 0 0 0 0 0 X 0 0 0 0 0 0 0 0 0 0 0 X X 0 0 0 0 0 0 X X 0 0 0 0 X X 0 0 0 0 0 0 0 0 0 0 0 0 0 0 0 0 0 0 0 0 0 0 0 0 0 0 0 0 0 0 0 0 X 0 0 0 0 0 0 0 0 0 0 X 0 X 0 0 0 0 0 0 X 0 0 0 0 0 0 X 0 0 X 0 0 0 0 0 0 0 0 X 0 0 0 X 0 0 0 0 0 0 X X 0 0 0 0 0 X 0 X 0 X 0 0 0 0 0 0 X 0 X 0 0 0 0 0 0 0 0 0 0 X 0 X 0 0 0 0 0 0 0 0 X 0 0 0 0 0 0 0 0 0 0 0 X 0 0 0 0 0 X 0 0 0 0 X 0 0 0 X 0 0 0 X 0 0 0 0 X
X 0 0 X 0 0 0 0 0 0 X 0 X 0 X 0 0 0 0 0 X 0 0 0 0 0 X 0 0 0 X 0 0 X 0 0 X 0 0 0 0 0 0 0 0 0 0 0 0 0 0 X X 0 0 X 0 0 0 0 0 0 X X X 0 0 X 0 0 X 0 0 0 0 0 0 0 0 0 0 X 0 0 0 0 0 X 0 0 0 0 0 0 0 X 0 X X X X X 0 0 0 0 X 0 0 0 0 0 0 0 0 0 0 0 0 0 0 0 0 0 0 X 0 0 0 0 0 0 X 0 X 0 0 0 0 0 0 0 0 0 0 0 0 0 0 X 0 0 0 X 0 0 X 0 0 0 0 0 0 X 0 X 0 0 X 0 0 0 0 0 0 0 X 0 0 X X 0 0 0 0 0 0 0 0 0 0 0 X 0 0 0 0 0 X X 0 X X 0 0 0 X X 0 0 0 0 0 0 0 X X 0 0 X X 0 0 0 0 0 0 0 0 0 0 0 0 0 0 0 X X X 0 0 0 0 0 0 0 0 0 0 0 X X 0 X 0 0 0 0 0 0 0 X 0 0 0 0 0 X X 0 0 0 0 0 0 0 0 0 X 0 0 0 0 0 0 X 0 0 X 0 0 0 X X 0 0 X 0 0 0 0 0 X 0 0 0 0 X 0 0 0 0 0 0 0 0 0 0 0 0 0 0 0 0 X 0 X 0 X 0 0 0 0 0 X 0 X 0 0 0 0 0 0 0 0 X 0 0 0 0 0 X 0 0 0 0 0 0 0 0 0 0 0 0 0 X 0 0 X X 0 0 0 0 0 0 0 0 0 0 0 0 0 0 0 0 0 0 X 0 X 0 0 0 0 0 0 0 0 X
X 0 0 0 X 0 0 0 0 0 0 0 0 0 0 0 0 0 0 0 0 0 0 X X X 0 0 0 0 0 0 0 X 0 0 0 0 X 0 0 0 0 0 0 0 0 X 0 0 0 0 0 X 0 0 0 0 0 0 0 0 X 0 0 0 0 0 0 0 X 0 0 X 0 0 0 0 0 0 0 0 0 0 0 0 0 X 0 X 0 0 0 X 0 X 0 0 0 0 0 0 0 0 X 0 0 0 X 0 0 X 0 0 X 0 0 0 0 X 0 0 0 0 0 0 0 0 0 X 0 X 0 0 0 0 0 X 0 0 X 0 X 0 0 X X 0 0 X 0 0 X X 0 0 0 0 0 X 0 0 X 0 0 0 0 0 0 0 0 0 0 0 0 0 0 0 X X 0 0 0 0 X 0 0 X X X 0 0 0 0 0 0 0 0 0 0 0 0 0 0 0 0 0 0 X 0 0 0 0 0 X 0 0 0 0 0 0 X 0 0 0 0 X X X 0 0 0 X 0 0 0 0 0 X X X X X 0 X X 0 X X 0 0 0 0 0 0 X 0 0 X 0 0 X 0 0 X X 0 X 0 X 0 X 0 0 0 0 X X 0 X 0 0 0 0 0 X 0 0 0 0 0 X 0 0 0 0 0 X 0 0 0 X X X X 0 0 0 0 0 0 0 0 X 0 0 X 0 X 0 X 0 X 0 0 0 0 0 X X 0 0 0 0 0 0 X 0 0 X 0 0 0 0 X 0 0 X 0 0 0 0 X 0 0 0 0 0 0 0 0 0 0 X X 0 X 0 0 X 0 0 X X 0 0 X 0 0 X 0 0 0 0 0 X X 0 0 0 0 0 0 0 0 0 X 0 0 X
X 0 0 0 0 X 0 0 0 0 0 X 0 0 0 0 0 0 0 0 X 0 0 0 0 0 0 0 0 0 X 0 0 0 X 0 0 0 X X 0 0 X 0 X X 0 X 0 0 X 0 X 0 0 0 X 0 0 0 0 0 0 0 0 0 0 0 0 X X 0 X X 0 X X 0 X 0 0 X X 0 X 0 0 0 X 0 0 X X 0 0 0 0 0 0 X 0 0 0 X 0 0 X X 0 0 X 0 0 0 0 0 0 0 0 0 0 0 0 0 0 X X 0 0 0 0 0 0 0 0 0 0 0 0 0 0 0 0 0 0 0 0 0 0 X 0 0 0 0 0 0 0 0 0 0 0 0 0 0 X 0 0 0 X 0 0 X X 0 0 0 0 0 X X 0 0 X X 0 0 0 0 0 0 X X X 0 0 0 0 0 0 0 X 0 0 0 X 0 0 0 0 0 0 0 0 0 0 0 0 0 0 0 X 0 0 0 0 0 0 0 0 X X 0 0 0 0 0 0 0 0 0 0 0 0 0 0 X X 0 0 0 0 0 0 0 0 0 X 0 0 X X 0 0 0 0 X X 0 0 0 0 0 0 X 0 X X 0 0 0 0 X 0 0 0 X X 0 0 X 0 X 0 0 0 0 0 X 0 0 0 X 0 0 0 0 0 X 0 0 0 0 0 0 0 X 0 0 0 0 0 0 0 X 0 0 0 0 0 X 0 0 0 0 X X 0 0 0 0 X X 0 0 0 0 0 0 0 X 0 0 0 0 0 0 0 X X X X 0 X 0 0 0 0 0 0 0 X 0 0 0 0 X 0 0 X 0 0 0 0 0 X 0 0 X 0 X 0 0 X 0 0 0 0 0 0 X
X 0 0 X X 0 0 0 X 0 X 0 X X X X 0 0 0 0 0 0 X X 0 0 0 0 0 0 X 0 0 0 0 0 X 0 0 X 0 0 0 0 0 0 X X 0 0 0 0 0 0 0 0 0 0 0 0 X X 0 0 0 X 0 X X X 0 X X 0 0 0 0 0 0 0 0 0 0 0 0 0 0 X 0 0 0 0 0 X X 0 0 0 X 0 X 0 0 0 0 0 0 0 0 X X 0 0 0 0 0 0 0 0 0 X 0 X X 0 0 X 0 0 0 X 0 0 0 0 0 0 0 0 0 0 0 0 0 0 X 0 0 X 0 X X 0 0 0 0 X X 0 X 0 0 0 X X 0 0 X X 0 0 0 0 0 0 0 0 0 0 0 0 0 X 0 X 0 X 0 0 X 0 0 0 0 0 0 0 0 0 0 0 0 0 0 0 0 0 0 X 0 0 0 0 0 0 X 0 0 0 0 0 0 X 0 0 X 0 0 0 0 0 X 0 0 0 X 0 0 0 0 X 0 0 0 0 X 0 0 0 0 0 0 0 0 0 0 X 0 0 X 0 0 0 0 X 0 0 X 0 0 0 0 0 0 0 0 X 0 0 0 0 0 0 0 0 0 X 0 0 0 0 X X 0 0 0 0 X X 0 0 0 X 0 0 0 0 X 0 0 X X 0 0 0 0 0 0 0 0 0 0 0 0 0 0 0 0 0 0 X 0 X 0 0 0 0 0 X 0 0 0 0 X 0 X 0 X 0 X X X 0 X 0 0 0 0 0 0 X 0 0 0 0 0 0 0 0 0 X 0 0 0 X 0 0 0 0 0 0 0 0 0 X 0 X X 0 0 0 X 0 X X 0 X 0 0 X
X X 0 0 0 X 0 0 0 0 0 0 X 0 0 0 0 X 0 0 0 0 0 0 0 0 X X 0 0 X 0 0 0 0 0 0 0 0 0 0 0 0 X 0 0 0 0 0 0 0 0 0 0 0 0 0 0 0 X 0 0 0 0 0 X 0 0 0 0 0 0 0 0 X X 0 0 0 0 0 0 0 X X 0 0 0 X 0 X 0 0 0 0 0 0 0 0 X X X 0 0 0 0 0 0 X 0 0 0 X 0 X 0 0 0 X X 0 0 0 0 X 0 0 0 X 0 0 0 0 0 0 0 X 0 0 0 X X 0 0 X X 0 0 0 0 0 0 0 X 0 0 0 0 0 0 X 0 X 0 0 0 0 X 0 0 X 0 0 0 0 0 0 0 0 0 0 0 0 0 0 X 0 X 0 0 0 X 0 0 0 0 0 0 0 0 0 X 0 0 0 0 0 0 0 0 0 0 0 0 0 0 0 0 0 0 X 0 0 0 0 0 X 0 0 0 0 0 X 0 0 0 0 0 0 X 0 0 0 0 X X 0 0 0 0 0 0 0 0 0 X 0 0 X 0 0 0 0 0 0 0 0 0 0 0 0 0 0 0 X 0 X 0 X X X 0 X 0 0 0 0 0 0 0 X 0 0 0 0 0 0 0 0 0 0 0 0 0 0 0 0 0 0 X 0 0 0 0 0 0 0 0 0 X 0 0 0 0 X 0 X 0 X 0 0 X 0 X 0 X 0 0 X 0 0 X 0 X X 0 0 0 0 X 0 0 0 0 0 0 0 0 0 0 X 0 0 0 0 0 0 X 0 0 0 0 0 0 0 0 0 X 0 X X X X 0 0 0 X 0 0 0 X 0 0 0 X 0 0 X 0 X
X 0 0 0 0 0 0 0 0 0 X 0 0 0 0 0 0 0 0 0 X 0 0 0 0 0 0 0 X 0 0 X 0 0 0 0 0 X 0 X 0 0 0 0 0 X 0 0 0 0 0 X X 0 0 0 X 0 0 X 0 X 0 0 X 0 0 0 X 0 0 0 0 X 0 X 0 0 0 X 0 0 0 0 0 X X X 0 0 0 0 X 0 0 X 0 0 0 0 X 0 X 0 X 0 0 0 0 0 0 0 X X 0 X 0 0 X 0 0 X 0 0 X 0 0 X 0 0 0 X 0 0 0 0 0 0 X X 0 0 0 0 0 0 0 0 0 0 X 0 0 0 0 0 0 0 0 0 0 0 0 0 0 0 X 0 0 X 0 0 0 0 0 0 0 X 0 0 0 0 0 X 0 0 0 0 0 0 0 0 X 0 0 0 0 0 0 0 0 X 0 0 X 0 0 0 0 0 0 0 0 0 X 0 0 0 0 0 0 0 0 0 0 0 X 0 X 0 X 0 0 X 0 X X 0 0 0 0 0 0 0 0 X 0 X 0 0 0 0 0 X 0 0 X 0 X 0 0 0 0 0 0 0 0 X X 0 0 0 X X 0 0 0 0 0 X 0 0 0 0 0 0 0 0 0 0 X 0 0 0 0 0 0 0 0 X 0 0 X X 0 0 0 X 0 0 X 0 0 X 0 0 0 0 0 0 0 0 0 0 0 0 X X 0 0 0 X 0 0 0 0 0 X 0 0 0 X 0 0 0 X 0 0 0 0 0 0 0 0 0 0 0 0 X X 0 0 0 X 0 0 0 0 0 X 0 X 0 0 0 0 0 X 0 0 0 0 X 0 X 0 0 0 0 0 0 0 0 0 0 X X 0 0 X
X 0 0 0 X 0 0 0 X 0 0 0 0 0 0 0 0 0 0 0 X 0 0 0 0 0 0 0 X 0 0 0 0 0 0 0 0 0 0 X X 0 0 0 0 0 0 0 0 0 0 0 0 0 0 0 X 0 X 0 0 0 0 0 X 0 0 0 X 0 0 X 0 0 0 0 0 0 0 0 X 0 X X 0 0 X 0 0 X 0 0 X 0 0 X X 0 0 0 0 X 0 0 0 0 0 0 0 0 0 0 0 0 0 0 0 0 X 0 0 0 0 0 X 0 0 0 0 0 0 0 0 X 0 0 0 0 0 X X 0 X 0 0 X 0 X 0 X 0 0 0 0 0 X 0 X 0 0 X 0 0 0 0 0 0 X 0 0 0 0 0 0 X 0 0 0 0 0 0 0 0 0 X 0 0 0 0 0 0 0 0 0 0 0 0 0 0 0 X X 0 0 0 0 X 0 0 0 0 0 0 0 0 0 0 0 0 0 0 0 0 0 0 0 0 0 0 0 X 0 0 0 0 0 0 0 X 0 0 0 X 0 X X X X 0 0 X 0 0 0 0 0 0 0 0 0 0 0 0 0 0 X 0 0 0 X 0 0 0 X 0 0 0 X 0 0 0 X 0 X 0 0 0 0 0 0 0 0 0 0 0 0 0 0 0 X X 0 0 0 0 0 0 X 0 0 0 0 0 0 0 X X 0 0 0 0 0 X X X 0 0 0 X 0 0 0 0 X X 0 X 0 X 0 0 0 0 X 0 0 X 0 0 0 0 0 X 0 X 0 X 0 0 0 0 0 0 X 0 0 X 0 0 0 0 X 0 X 0 X 0 X 0 X 0 0 X X 0 0 0 X X 0 0 0 X 0 X 0 0 0 0 X
X 0 0 0 X 0 0 0 0 X X X X 0 0 0 X 0 0 0 0 0 0 0 X 0 X X 0 0 0 0 0 X 0 0 0 0 X 0 0 X 0 0 X X 0 X X 0 0 0 X X X 0 0 X 0 X X X 0 0 0 0 X 0 0 0 X 0 0 0 X 0 0 0 0 X 0 0 0 0 0 0 0 X X 0 0 0 X 0 0 X 0 0 0 X X 0 0 0 0 0 0 0 0 0 X 0 X 0 X 0 0 0 0 0 0 0 0 0 0 0 0 0 0 0 0 0 X X X 0 0 X 0 0 0 0 0 0 0 X 0 0 0 0 0 X 0 0 0 0 X X 0 0 0 0 0 0 0 0 0 0 0 X 0 0 0 0 X 0 0 0 0 0 X 0 0 0 0 0 0 0 0 X 0 0 0 0 0 0 0 0 0 0 0 0 0 0 0 0 X 0 0 X 0 X X 0 0 0 X 0 0 0 0 0 0 0 0 X X X 0 X 0 0 0 X 0 X 0 X 0 0 0 0 0 X 0 0 X 0 X 0 0 0 0 0 0 0 0 X 0 0 0 X 0 0 0 0 0 0 0 0 0 X 0 0 0 0 0 0 0 0 0 0 X 0 0 0 0 0 X 0 0 0 0 0 X 0 0 0 0 0 0 0 X 0 0 X 0 X X 0 0 0 0 0 0 0 0 0 X 0 0 0 0 X 0 0 0 0 0 0 0 0 0 0 X 0 0 0 X 0 0 0 X 0 0 0 X 0 0 0 0 0 X 0 0 0 0 0 0 0 0 X 0 0 0 0 0 0 0 0 0 0 0 0 0 0 0 0 0 X 0 X X 0 0 0 0 0 0 0 0 0 X 0 0 0 0 X 0 X
X 0 0 0 X 0 0 0 0 0 0 0 0 0 0 0 0 0 0 X X 0 0 0 0 0 0 0 0 0 0 X 0 X 0 0 0 0 0 0 X 0 0 0 0 X 0 0 0 X 0 0 X 0 X X 0 0 0 0 0 0 0 0 X 0 0 0 0 0 0 0 0 X 0 0 0 0 0 0 0 X 0 0 X 0 0 0 0 X 0 0 0 0 X 0 0 0 X X 0 0 0 0 0 0 0 0 X 0 X 0 X X X 0 0 X 0 X 0 X 0 X X 0 0 0 0 0 0 0 0 0 0 0 0 X 0 X X 0 0 0 0 0 0 0 0 0 0 0 0 0 X X 0 0 0 0 X 0 X X 0 X 0 0 0 0 X 0 0 0 0 0 0 0 0 X 0 0 0 0 0 X 0 0 0 0 X 0 0 0 X X 0 0 0 0 0 0 0 0 0 0 0 X 0 0 0 0 0 0 0 X 0 0 0 X 0 0 0 0 0 0 X 0 0 0 0 0 0 0 0 0 0 X 0 X 0 X X 0 X X 0 X 0 X 0 0 0 0 0 X 0 0 0 0 0 0 X 0 0 0 0 0 X 0 0 0 0 0 0 0 0 X 0 0 0 0 0 X 0 0 0 X 0 0 0 X X 0 0 X 0 0 0 0 0 0 0 0 0 0 0 X 0 0 0 0 0 0 0 0 0 0 0 0 0 X X X X 0 0 0 0 0 0 0 0 0 0 0 0 0 0 0 0 X X 0 0 X 0 X 0 0 0 X 0 0 0 0 0 0 0 0 0 0 0 0 0 X 0 0 X X 0 0 X 0 0 0 0 0 0 0 X X 0 0 0 0 0 X 0 0 X 0 X 0 0 0 0 0 0 X
X 0 0 0 0 0 0 0 0 0 0 0 0 X 0 0 0 0 0 0 0 0 0 0 0 0 0 0 0 0 0 0 0 X 0 X 0 X 0 0 X 0 0 0 0 0 0 0 0 0 X 0 0 0 0 0 0 X 0 0 0 X 0 0 0 0 X 0 0 0 0 0 0 0 0 0 0 0 0 0 0 0 0 0 0 0 X 0 0 0 0 0 0 0 0 0 0 0 0 0 0 0 0 0 0 0 0 0 X 0 0 0 0 X 0 0 0 0 0 0 X 0 0 0 0 0 0 0 X 0 0 0 X 0 0 0 0 0 0 0 X 0 0 0 X X X 0 0 0 0 0 0 0 0 0 0 0 0 0 0 0 0 0 0 X 0 0 0 0 0 0 0 0 X 0 0 X 0 X 0 0 0 0 X X 0 X X 0 0 0 0 0 X X 0 0 0 0 0 0 0 0 0 0 0 0 0 0 0 0 0 0 0 0 0 0 X X 0 X X 0 0 0 0 X X 0 0 X 0 0 0 0 0 0 X 0 0 0 0 0 0 0 0 X X 0 X 0 0 0 0 0 0 0 0 X X 0 0 0 0 0 0 0 0 X 0 0 0 0 X 0 0 X 0 0 X 0 0 X 0 0 0 X 0 0 0 0 0 X 0 0 0 0 X X 0 X X 0 0 0 0 0 0 0 0 0 0 X 0 X X X 0 0 0 0 0 0 0 0 0 0 X X 0 0 0 0 0 0 0 X 0 X 0 0 X 0 0 0 0 0 X 0 0 0 0 X 0 X X 0 X 0 0 X 0 0 0 0 0 0 X 0 0 X 0 0 0 0 0 0 X 0 0 0 0 0 0 0 0 0 0 0 0 0 0 0 0 0 0 0 0 X
X 0 X 0 0 0 0 0 X 0 0 X 0 0 0 X 0 0 0 0 0 X 0 0 0 0 0 0 0 X X 0 0 0 0 0 0 0 0 0 0 X 0 0 X 0 0 0 0 0 0 0 0 0 0 0 X 0 0 0 X 0 X 0 0 0 0 0 0 0 0 0 X 0 0 0 0 0 0 0 X 0 0 X 0 0 0 0 X 0 0 0 0 0 0 0 0 0 0 0 0 X 0 X 0 0 0 0 0 0 0 0 0 X 0 0 0 X 0 0 0 0 0 0 0 X 0 0 X 0 0 X X 0 0 0 0 0 0 0 0 0 X 0 0 0 0 0 0 0 0 0 0 0 0 X 0 0 X 0 0 0 0 0 0 0 0 X 0 0 0 X 0 0 0 0 0 0 0 0 0 0 0 0 X 0 0 0 0 0 X 0 0 0 X 0 0 0 0 0 0 X 0 X 0 0 0 X 0 0 X 0 0 0 0 X 0 0 0 0 0 0 X 0 0 0 X 0 0 0 X 0 0 0 0 0 0 0 X 0 0 0 0 0 0 X 0 0 0 0 0 0 X 0 0 0 0 0 0 0 0 0 X 0 0 X 0 0 0 X 0 0 X 0 0 0 0 0 0 0 0 0 0 0 0 0 0 X 0 0 0 0 0 0 0 0 0 0 0 0 0 0 0 0 X X 0 0 X 0 0 0 0 0 X 0 0 0 0 0 X 0 0 0 X 0 X 0 0 0 0 0 0 0 0 0 X 0 0 0 0 0 0 X 0 0 0 X 0 0 0 X 0 0 0 X 0 0 X 0 X 0 0 0 0 0 0 0 0 0 0 X 0 0 X 0 0 0 0 X 0 0 0 0 0 0 0 0 0 0 X 0 0 0 0 X X X 0 X
X 0 0 0 0 0 0 0 0 0 X 0 0 0 X X 0 0 0 0 0 0 0 0 0 X 0 0 X 0 0 0 0 0 0 0 0 0 0 0 X 0 0 0 0 0 0 0 0 0 0 0 0 0 X 0 0 0 0 0 0 0 0 X 0 0 0 0 0 0 X 0 0 0 0 X 0 0 0 0 0 0 0 X 0 0 0 0 0 0 X 0 0 0 0 0 0 X 0 0 0 0 0 0 X X 0 X X 0 0 0 X 0 0 X 0 0 0 0 0 0 0 0 0 0 0 0 0 X 0 0 X 0 0 0 0 0 0 0 0 X 0 0 X 0 0 0 0 0 0 0 0 X 0 0 X 0 0 0 0 0 0 0 0 0 0 0 0 0 0 0 0 0 X 0 X 0 0 X 0 X X 0 0 0 0 0 0 X 0 0 0 0 0 0 0 X 0 X 0 0 0 0 0 0 0 0 0 0 0 0 0 0 0 0 0 0 0 0 X X 0 0 0 X 0 0 0 0 X 0 0 0 0 0 0 0 0 0 0 0 X X X X X 0 0 0 X 0 0 0 0 0 0 0 0 X 0 X 0 0 0 0 0 X 0 0 0 0 X 0 0 0 X 0 0 X 0 0 0 0 0 0 X 0 0 X 0 0 0 0 0 0 X 0 0 0 0 0 0 X 0 0 X 0 X X 0 0 0 0 X 0 0 0 0 0 0 0 X 0 0 0 0 0 0 0 0 0 0 0 0 0 X 0 X 0 0 0 0 0 X 0 0 0 X X X 0 0 X X 0 0 0 0 0 0 0 X X 0 X 0 0 0 0 X 0 0 X 0 0 0 X 0 0 X 0 0 0 0 X 0 0 0 X 0 X 0 0 0 0 0 0 0 X
X 0 X X X 0 0 X X 0 X X 0 0 0 X 0 X 0 0 0 0 0 0 X 0 0 0 0 0 0 0 X 0 0 0 0 0 0 X 0 0 X 0 0 X X X 0 0 0 0 0 0 X 0 X 0 0 X 0 X 0 0 0 0 X 0 0 X 0 0 0 0 0 0 0 0 0 0 0 0 X 0 0 0 0 X 0 0 0 0 0 0 0 0 0 0 0 0 0 X 0 0 X 0 0 0 0 0 0 X 0 0 0 0 0 X 0 0 0 0 0 0 0 0 0 0 0 0 0 X 0 0 X 0 0 0 0 0 X 0 0 0 0 0 0 0 0 0 0 X X 0 0 X 0 X 0 0 0 0 0 0 X 0 0 0 0 0 0 0 X 0 0 0 0 0 X 0 0 0 0 0 0 0 X 0 X X 0 0 X 0 0 X X 0 0 0 0 0 0 0 0 0 X 0 X 0 0 0 X X 0 0 0 0 0 0 0 X 0 0 0 0 0 0 0 0 X 0 0 0 0 X 0 0 0 0 0 0 0 0 0 0 0 0 0 0 0 0 0 X 0 0 0 0 0 X X 0 0 0 0 0 0 0 0 0 X 0 0 0 0 0 0 0 0 0 0 X 0 0 0 0 0 X 0 0 X X 0 0 0 0 X 0 X 0 0 0 X 0 0 0 0 X 0 0 X 0 0 0 0 X 0 0 0 0 0 0 X 0 X 0 X 0 0 0 0 0 0 0 X X 0 0 0 0 0 0 0 0 0 X X X 0 0 0 0 0 X 0 0 0 0 X 0 0 0 X X 0 0 0 0 0 0 0 0 0 0 0 X 0 X 0 X 0 0 0 X 0 0 0 0 0 0 0 0 0 0 X 0 0 X X X
X 0 0 0 0 0 0 X X 0 0 0 0 0 0 0 0 0 0 0 0 0 0 0 0 X 0 X 0 0 0 X 0 0 0 X 0 X 0 X 0 0 0 0 0 0 0 0 0 0 0 X X 0 0 X X 0 0 X 0 0 X 0 0 0 X 0 0 0 0 0 0 0 0 0 0 0 0 0 0 0 0 0 X 0 0 0 0 0 0 0 0 0 0 0 0 0 X 0 0 X 0 0 0 X 0 X 0 X 0 0 X 0 0 X 0 0 X 0 0 0 0 0 0 0 0 0 0 0 0 X 0 0 0 0 0 0 0 0 0 0 0 0 0 X 0 0 0 0 0 0 0 0 X 0 0 0 0 0 0 0 X 0 0 0 0 0 0 0 0 0 0 0 0 0 0 0 0 0 0 0 0 X 0 0 0 0 0 0 0 X 0 0 0 X 0 0 0 0 0 0 X 0 0 0 0 0 0 0 0 0 0 0 0 X 0 0 0 X 0 X 0 0 X 0 0 0 X X 0 0 0 0 0 X 0 0 X 0 0 0 0 0 X X 0 0 0 0 0 0 X 0 X 0 0 0 0 0 0 0 0 0 X X 0 X 0 0 X X 0 0 0 0 0 0 0 0 0 0 0 X 0 0 X 0 0 0 X 0 X 0 0 0 0 0 X 0 0 X 0 0 0 0 0 X 0 0 0 0 X 0 0 X 0 0 0 0 0 0 0 0 X 0 0 0 0 0 0 X 0 0 0 0 0 0 0 0 0 0 0 0 0 0 0 0 0 0 X 0 0 0 0 0 0 0 0 0 0 0 0 0 0 0 0 X 0 X 0 0 X X 0 0 X X 0 X 0 0 0 X 0 0 0 0 0 0 0 0 0 0 0 0 X X X X
X 0 0 0 0 X 0 X 0 0 X 0 0 0 0 0 0 X X 0 X 0 0 0 0 0 0 0 0 0 X X 0 0 0 0 0 0 X 0 X X 0 X 0 0 0 0 0 0 0 0 0 0 0 X 0 X 0 0 0 0 X 0 0 X 0 0 0 0 0 0 0 X 0 0 0 0 0 0 0 0 X 0 0 0 0 0 0 X 0 0 0 0 0 0 0 0 0 0 0 0 0 0 0 0 0 0 X X 0 0 0 X X 0 0 X 0 0 X 0 0 0 0 0 0 0 X 0 0 0 0 0 0 0 0 0 0 0 X 0 0 0 0 0 0 0 0 0 0 0 X 0 0 0 0 0 0 0 0 X 0 0 X 0 0 0 0 0 0 0 X 0 0 0 0 0 0 0 0 0 0 0 0 0 0 0 0 0 0 0 0 0 X 0 0 0 0 0 0 0 0 X 0 0 0 0 0 0 0 X 0 0 0 0 X 0 X 0 0 0 0 X 0 0 0 X 0 0 0 0 0 X 0 0 0 0 0 0 0 0 0 0 0 X 0 X 0 0 0 0 0 0 0 0 0 0 X 0 0 0 0 0 0 X 0 0 X 0 0 0 X X X 0 0 X 0 0 0 0 0 0 0 0 0 0 0 0 0 0 0 0 0 0 X 0 X X 0 0 0 0 0 0 0 0 X 0 0 0 0 0 0 0 0 0 0 0 0 X 0 0 X 0 X 0 0 0 0 0 X 0 X 0 X 0 0 0 X 0 0 X 0 0 X X 0 0 0 0 X X X 0 0 0 0 0 X X 0 0 0 0 0 0 0 0 0 0 0 0 0 X X 0 0 0 X 0 0 0 X 0 0 0 0 0 0 0 0 0 0 0 0 X 0 X
X 0 0 X 0 0 0 0 0 0 0 0 0 0 0 0 0 0 0 0 0 0 0 0 X 0 0 0 0 0 0 0 0 0 0 0 0 0 0 0 0 0 0 0 0 0 0 0 0 0 X 0 X 0 0 0 0 X X 0 0 0 X 0 X X 0 0 0 0 0 0 X X 0 0 0 0 0 0 0 X 0 0 0 0 0 0 X 0 0 0 0 0 0 0 X 0 0 0 0 0 0 0 0 0 0 0 0 0 X 0 0 0 0 X 0 0 0 0 0 0 0 0 0 0 0 0 0 0 0 0 0 0 X 0 0 X 0 0 0 0 0 0 0 0 0 0 0 0 0 0 X 0 X 0 0 X X X 0 0 X 0 0 0 0 0 X 0 X 0 0 0 0 X 0 0 0 0 0 0 0 X 0 0 X 0 0 0 0 0 0 0 0 0 0 0 0 0 0 0 0 0 0 0 0 0 0 0 0 0 0 X 0 0 X 0 0 0 0 0 X 0 0 0 0 0 0 0 0 0 0 0 X 0 0 0 0 0 0 0 0 0 0 0 0 0 0 0 X 0 0 X 0 X 0 0 0 0 0 0 X X 0 X 0 0 X 0 0 0 0 0 X 0 0 0 0 0 0 0 0 0 0 0 0 0 0 0 0 0 0 0 0 0 X 0 0 0 0 0 0 0 0 X 0 0 0 0 0 X 0 0 0 0 X X X 0 0 X X 0 0 X 0 0 0 0 X 0 0 X X 0 0 0 0 0 X 0 0 0 0 0 0 X 0 0 0 0 0 0 0 0 0 0 0 0 0 0 X 0 0 0 0 0 0 X X X 0 0 0 0 0 0 0 0 0 0 0 X 0 0 0 0 0 0 0 0 0 0 0 0 0 0 0 X
X 0 0 0 X 0 0 0 0 0 0 0 0 0 0 0 0 0 0 0 0 0 X 0 0 X 0 X 0 0 0 0 X X 0 0 0 0 0 0 0 0 0 0 X 0 0 0 X 0 0 0 0 0 X 0 X 0 0 0 0 0 X 0 0 0 0 X 0 0 0 X 0 0 X 0 0 0 X 0 0 0 0 0 0 0 0 0 0 0 0 0 0 0 X 0 0 0 0 0 0 0 0 0 0 X 0 0 0 0 0 0 0 0 X 0 0 X 0 0 X 0 0 X 0 0 0 0 0 0 0 0 0 0 0 0 0 X 0 0 0 0 0 X 0 0 0 0 X 0 X 0 0 0 0 X 0 0 0 0 0 X 0 0 0 X 0 0 X 0 0 0 0 X 0 X 0 0 0 X 0 0 0 0 X 0 0 0 0 0 0 0 X X 0 X X X 0 X X X 0 0 X 0 0 0 X X 0 0 X 0 0 0 0 0 X X X 0 0 0 0 X 0 0 0 0 X 0 X 0 0 0 0 0 0 X 0 0 X X X 0 0 0 0 0 0 0 0 X 0 0 0 0 0 0 X X 0 0 X 0 0 0 0 0 0 0 0 0 0 X 0 0 0 0 0 X 0 X X X 0 0 0 0 0 0 X 0 0 0 0 0 0 0 0 X X X X 0 0 X 0 X X 0 0 0 0 0 0 0 X 0 0 X 0 0 0 0 0 X 0 0 X 0 0 0 X 0 X 0 0 0 0 0 0 0 0 X X 0 0 0 0 0 0 0 0 0 0 0 0 0 0 X 0 0 0 0 0 0 0 0 0 0 0 0 0 0 X X 0 0 0 0 0 0 X 0 X 0 0 0 0 0 X 0 0 0 0 0 0 X
X 0 0 0 0 X 0 0 0 0 0 0 0 0 0 0 0 0 0 0 0 0 0 0 0 0 X 0 0 0 0 0 X 0 0 X 0 0 X X X 0 X 0 0 X X 0 0 0 X 0 0 0 X X X 0 X 0 0 0 0 0 0 X 0 0 0 0 0 0 0 0 0 0 0 0 0 0 0 0 0 X X 0 0 0 0 X X 0 0 0 0 0 0 0 X X 0 X 0 0 X X X 0 X 0 0 X 0 X 0 0 0 0 0 0 0 X 0 0 0 0 0 X 0 0 0 0 0 0 0 0 0 0 0 0 0 0 0 X 0 0 0 0 0 0 0 0 0 X 0 0 0 X 0 0 0 0 0 0 0 X 0 X X X 0 0 0 0 X 0 0 0 0 0 0 0 X X 0 0 0 0 0 X 0 0 0 0 0 0 0 0 X 0 X 0 0 X 0 0 0 0 X X 0 0 X 0 0 0 0 0 0 0 0 X X 0 0 0 0 0 0 0 0 0 X 0 0 0 X 0 0 0 X X 0 0 0 0 X 0 X 0 0 0 0 0 X X 0 0 X 0 0 X 0 0 X 0 X 0 0 0 0 X 0 0 0 0 0 0 0 X 0 0 0 0 0 X 0 0 0 0 0 0 0 0 0 0 X X X 0 0 X 0 0 X 0 0 0 0 0 0 0 0 0 0 0 0 0 0 0 0 0 0 X 0 0 0 0 X 0 X 0 0 0 0 0 0 0 0 0 0 0 0 0 X 0 0 0 0 X 0 0 0 0 0 0 0 X 0 X 0 0 0 0 X 0 X 0 0 0 0 0 X 0 0 0 0 X 0 0 X X X X 0 0 0 0 X 0 X 0 X 0 X 0 X 0 0 X
X 0 0 0 0 X 0 X 0 X 0 0 0 0 0 0 0 0 0 0 0 0 0 0 X X 0 0 0 0 0 0 0 0 0 0 0 X 0 X 0 0 0 X 0 0 0 0 0 0 0 0 X 0 0 0 X 0 0 0 0 X X 0 0 X 0 0 X 0 0 0 X 0 X 0 0 0 X 0 0 0 X X 0 0 0 0 X X 0 0 X 0 X 0 0 0 0 X 0 0 X 0 0 0 0 0 0 X X 0 0 0 0 0 0 0 0 0 X X X 0 0 X X 0 0 X X 0 0 0 0 0 0 X 0 0 X 0 0 0 X X 0 X X 0 0 X 0 0 0 0 X 0 0 X 0 0 0 0 0 0 0 0 0 0 X 0 X 0 X 0 0 0 0 X 0 0 0 0 X 0 0 0 0 0 0 X 0 0 0 0 0 0 0 X 0 0 0 0 0 0 0 0 0 X 0 0 0 0 X X 0 0 0 X 0 0 0 0 0 0 X 0 0 0 0 0 0 0 0 0 0 0 0 0 X 0 0 0 0 0 0 0 0 0 0 0 X 0 0 X 0 X 0 0 X 0 0 X 0 0 0 0 0 X 0 0 X 0 0 0 0 0 0 0 X 0 0 X 0 0 0 X 0 0 0 0 0 0 0 X 0 0 0 0 0 0 X 0 0 0 0 0 0 0 X 0 0 X X 0 0 0 0 0 0 0 0 X 0 0 0 0 X 0 0 0 X 0 0 0 0 0 0 0 0 X X 0 0 0 X X 0 0 0 0 0 0 0 0 X 0 0 0 X 0 X 0 0 0 0 0 X 0 0 0 0 0 0 0 0 X X 0 X 0 0 0 0 0 0 0 0 0 0 0 X 0 0 0 X X 0 X
X X 0 X 0 X 0 0 0 0 0 0 0 0 X 0 0 0 0 X 0 0 0 0 0 0 0 0 0 0 0 0 0 0 0 0 X 0 0 X 0 X 0 X 0 0 0 0 0 X 0 0 0 0 X X 0 0 0 0 0 0 0 X 0 0 0 0 0 0 X X 0 0 X 0 0 0 0 X 0 0 0 0 0 0 X 0 X X 0 0 0 0 0 X 0 0 0 0 0 X 0 0 0 0 0 0 0 0 0 0 0 0 0 0 0 0 0 0 0 0 0 0 X 0 0 0 X 0 0 X 0 0 0 0 0 X 0 0 X 0 0 0 0 0 0 0 0 0 0 0 X 0 X 0 0 X 0 0 0 0 0 X 0 X 0 0 0 0 0 0 0 0 X 0 0 0 0 0 X 0 0 0 X 0 0 0 0 X 0 X 0 0 0 0 0 0 0 0 0 0 0 X 0 0 0 X X 0 0 0 X 0 0 0 0 0 0 0 0 0 0 0 0 0 0 0 0 0 0 0 0 X 0 0 0 0 0 0 0 0 0 X 0 0 X 0 0 X 0 0 0 0 0 0 0 0 X 0 0 0 0 0 0 0 0 X 0 X 0 0 X 0 X 0 X 0 0 0 0 X 0 0 0 0 0 0 X 0 0 0 0 0 0 X X 0 0 0 0 0 0 0 0 0 X 0 X 0 0 0 0 X 0 0 0 0 X X X 0 0 0 0 0 0 0 0 0 0 0 0 0 0 X 0 0 0 0 0 0 X 0 0 0 0 0 0 0 0 X 0 0 0 0 0 0 0 0 X 0 0 0 0 X 0 0 0 0 0 X 0 X 0 0 0 X 0 0 X 0 0 X 0 0 0 X 0 0 0 0 0 0 X 0 0 0 0 X
X 0 0 X X X 0 0 0 0 0 0 0 0 X 0 0 0 0 0 0 0 X 0 0 0 0 0 0 0 0 0 0 0 X 0 0 0 0 0 0 0 0 X 0 X X 0 0 0 0 0 0 0 0 0 0 X 0 0 0 0 0 0 0 0 0 X 0 0 0 X 0 X 0 0 0 0 0 0 0 0 X 0 0 0 0 0 0 0 0 X 0 0 0 0 0 0 0 0 0 0 0 0 0 0 0 0 0 0 X 0 0 0 0 0 0 0 0 X X X X 0 0 0 0 0 0 0 X 0 0 0 X 0 0 0 0 0 0 0 0 0 0 0 X X X 0 X 0 0 0 0 0 0 0 0 0 0 X 0 X 0 0 X 0 0 0 0 0 0 X 0 0 0 0 0 0 0 0 0 0 0 0 X 0 0 0 0 0 0 0 0 0 0 X X X 0 0 0 0 X 0 0 0 0 X 0 X 0 0 0 X 0 X X 0 0 0 0 0 0 0 0 0 0 0 0 0 0 0 0 X 0 0 0 0 X 0 X X 0 0 X X 0 0 X X 0 0 X 0 0 0 0 0 0 0 0 0 0 0 0 0 0 0 0 0 0 0 0 X 0 0 0 0 X 0 0 0 0 X 0 X 0 X 0 X 0 0 0 0 0 0 0 0 0 0 0 0 0 0 0 0 X 0 0 0 0 X X 0 0 0 0 0 0 0 0 X 0 0 0 0 X X 0 0 0 0 0 X 0 0 0 X 0 0 0 X 0 0 X 0 0 0 0 0 0 0 0 0 0 X 0 X 0 0 0 X 0 0 0 0 0 0 0 0 0 0 0 0 0 0 0 0 0 0 0 0 X 0 0 0 0 X X 0 0 0 0 0 0 X X X
X 0 0 0 0 X 0 0 0 0 0 0 0 0 0 0 X 0 0 0 0 0 0 0 0 0 X X 0 0 0 X 0 0 0 0 0 0 0 X X 0 0 0 0 0 0 0 0 X 0 0 0 0 0 0 0 X 0 0 0 0 0 X 0 0 0 0 0 0 0 0 0 X 0 0 0 0 X 0 0 0 X 0 0 0 0 X 0 0 X 0 0 0 0 0 0 0 0 0 0 X 0 0 X 0 0 0 0 0 X 0 X 0 0 0 X 0 0 0 X 0 0 0 X 0 0 0 0 X 0 0 0 0 X X 0 0 0 X 0 X 0 0 0 0 0 0 0 X 0 X 0 0 0 0 0 0 0 0 0 0 0 0 0 0 0 0 X 0 X 0 0 0 X 0 0 0 0 0 0 0 0 0 0 0 X 0 0 X 0 0 X 0 0 X 0 0 0 0 0 0 0 0 0 0 0 0 0 0 0 0 0 X 0 0 0 X X 0 0 0 0 0 0 0 0 X 0 0 0 X X X 0 0 0 X 0 0 0 0 0 X 0 0 0 0 X 0 0 0 0 0 0 0 X X X 0 X 0 0 0 0 0 0 0 0 0 0 0 X 0 0 0 0 X 0 0 X 0 0 0 0 0 X 0 0 0 0 0 X 0 0 0 0 X 0 0 0 0 0 0 0 0 0 X 0 0 0 0 0 0 0 0 0 0 0 0 X 0 0 X 0 0 0 0 0 0 0 0 0 0 0 0 0 0 X 0 0 0 0 0 0 X 0 0 0 0 0 X X X 0 0 0 0 0 0 X 0 0 0 0 0 0 X 0 0 0 0 0 0 0 X 0 0 0 0 X X X 0 0 X 0 0 0 0 X 0 X 0 0 0 0 X X X
X X 0 X 0 0 X X 0 0 X 0 0 0 0 0 0 0 0 X 0 0 0 0 0 X 0 0 X 0 0 0 0 0 0 0 0 0 0 X 0 0 0 0 X 0 0 X 0 0 0 0 0 0 0 0 X 0 0 0 0 0 0 X 0 X 0 0 0 0 0 X 0 X 0 0 0 0 X X 0 0 0 0 X 0 0 0 X 0 0 0 0 0 0 0 0 0 0 0 X 0 0 0 X 0 0 0 0 0 0 0 0 X 0 0 X 0 X X 0 0 0 X X 0 X 0 X 0 0 0 X X 0 0 0 0 0 0 0 0 0 0 0 0 X 0 0 0 X 0 0 0 0 0 0 X 0 0 X 0 0 0 0 0 0 0 0 0 0 0 0 X X X 0 X 0 X 0 0 X 0 0 0 0 0 0 X 0 0 0 0 0 X 0 0 X 0 0 0 0 0 0 X 0 0 0 0 X 0 0 0 0 0 X X 0 0 0 0 0 0 0 0 X X 0 X 0 0 0 0 X X 0 0 0 0 X X 0 X 0 0 0 0 0 0 0 0 0 0 0 0 0 0 0 0 0 0 0 0 0 0 0 0 X 0 0 0 0 0 0 0 X 0 X 0 0 X X 0 X X 0 0 0 0 0 0 0 X 0 0 0 0 0 0 0 0 0 0 X 0 0 0 X X 0 0 0 0 0 0 0 0 0 0 0 X X 0 X 0 0 0 0 0 0 0 X 0 0 X 0 X 0 0 0 0 0 0 0 0 0 0 0 X 0 0 0 0 X 0 0 0 0 0 0 0 0 0 0 0 0 0 0 0 X X 0 0 X X 0 0 0 X 0 0 0 X 0 0 0 X 0 0 0 0 0 0 X 0 0 0 0 X
X 0 0 X 0 0 0 0 0 X 0 0 0 0 0 0 0 0 0 0 0 0 0 0 X 0 0 0 0 0 0 0 0 0 X 0 0 0 0 0 0 0 0 0 0 X 0 0 0 0 0 0 0 0 0 0 0 0 0 0 0 0 0 X 0 0 0 0 0 0 0 0 X X 0 0 0 0 0 0 X 0 0 0 0 X X 0 0 0 0 0 0 0 0 0 0 0 0 0 0 0 X 0 0 0 X 0 0 0 0 0 0 0 0 0 0 0 X 0 0 X 0 X 0 X 0 0 X 0 0 0 0 0 0 0 0 0 0 0 0 0 0 0 0 0 0 X X X X 0 0 0 0 0 0 X 0 0 0 0 X X 0 X X 0 0 X 0 0 0 0 0 0 X 0 0 X 0 0 0 0 0 0 0 0 0 0 X X 0 0 0 0 0 0 X X 0 0 0 0 X 0 0 0 0 0 0 0 X X X 0 0 0 0 0 0 0 X X 0 0 0 0 X 0 0 0 0 0 0 0 0 X X X 0 X X 0 0 0 0 0 X 0 0 0 0 0 0 0 0 0 0 0 0 0 0 X 0 X X 0 0 0 X 0 0 0 0 X 0 0 0 0 0 0 0 0 0 0 X X 0 X 0 X X 0 X X 0 0 0 0 0 0 X 0 X 0 0 0 0 0 X 0 X 0 0 0 0 0 0 0 0 X X 0 0 0 X X 0 0 0 0 X 0 0 0 X 0 0 0 X 0 X 0 0 0 0 X 0 0 0 X 0 0 0 0 0 0 X X 0 0 0 0 0 0 0 X 0 0 0 0 0 0 0 0 X 0 0 X 0 0 0 X 0 0 0 0 X 0 0 0 0 X 0 0 0 X X X
X 0 0 0 X 0 0 X 0 0 X X 0 X 0 0 0 X X 0 0 0 0 0 0 X 0 0 0 0 0 0 0 X 0 0 0 0 0 0 0 0 0 0 X 0 0 0 0 0 X 0 X 0 0 0 0 0 X X 0 0 0 0 0 0 0 0 0 0 0 0 X 0 0 0 0 0 0 0 0 0 0 X 0 0 X 0 0 0 0 0 0 X 0 0 0 0 0 X X 0 0 0 0 0 0 0 X 0 0 0 X 0 0 0 0 0 0 X 0 0 0 0 0 X X X 0 0 0 0 0 0 0 0 0 0 X 0 0 0 0 0 0 X 0 0 0 0 0 0 0 0 0 0 0 0 0 0 0 X 0 0 0 0 0 X 0 0 0 0 0 0 0 0 0 0 0 X 0 0 X X 0 0 X X 0 0 0 0 X X 0 X X 0 X 0 0 0 0 0 0 0 0 0 X 0 X 0 0 0 0 0 0 0 0 X X 0 0 0 0 0 0 0 0 0 0 0 X 0 0 0 0 0 0 0 0 0 X X 0 0 0 0 0 0 X 0 0 0 X X 0 0 X 0 X 0 0 0 0 0 0 0 0 0 0 0 0 0 0 0 0 0 X X 0 0 X 0 0 X 0 0 X 0 0 0 0 0 0 0 0 0 X 0 X X 0 0 0 0 X 0 0 X 0 0 0 0 0 0 0 0 0 0 0 0 0 0 0 0 0 0 0 0 0 X X X 0 0 0 0 X 0 0 0 0 0 0 X 0 0 0 0 0 0 0 0 0 0 X 0 0 0 0 X X 0 0 0 0 0 0 0 0 0 0 0 0 X 0 X 0 0 0 0 0 X 0 0 0 0 0 0 0 0 0 0 0 0 0 0 0 X
X X 0 X X 0 0 0 0 0 0 0 0 0 0 0 0 0 0 0 0 0 0 0 0 0 0 0 0 0 0 X 0 0 0 X 0 X 0 X 0 0 0 X 0 0 X 0 0 0 0 0 0 0 0 0 0 X 0 0 X 0 0 0 X 0 0 0 0 0 X 0 0 0 0 X 0 0 X 0 0 X X 0 0 0 0 0 0 0 X 0 X 0 X 0 X 0 0 X X 0 X 0 0 X 0 0 X X 0 X 0 X 0 0 0 0 0 0 0 0 X X X 0 X X 0 0 0 0 0 X 0 0 0 X 0 0 0 0 0 0 0 0 0 X 0 X 0 0 X 0 X X 0 0 0 0 0 0 0 X 0 0 0 0 0 0 X 0 X X 0 0 X 0 X 0 0 0 X X 0 0 0 X X 0 X 0 0 0 0 X 0 X 0 0 0 X 0 0 X 0 0 0 0 0 0 0 X X 0 X 0 0 X 0 X 0 0 0 X 0 X X 0 X 0 0 0 0 0 0 0 0 0 0 X 0 0 0 0 X 0 X 0 0 X 0 0 0 0 X 0 0 0 0 0 0 0 0 0 0 0 X 0 0 0 0 0 0 X 0 0 X X 0 0 0 0 0 0 0 0 0 0 0 0 X 0 0 0 0 0 0 0 0 0 0 0 X 0 0 0 0 X 0 X X 0 X 0 0 0 0 0 0 0 0 0 0 0 0 0 0 0 X 0 0 0 0 X 0 0 0 0 0 0 0 X 0 0 0 0 0 X 0 0 0 0 X X 0 0 0 0 X 0 0 X 0 X 0 0 0 0 X 0 0 X 0 0 X 0 X 0 0 0 0 X 0 X 0 0 0 0 X 0 0 0 0 0 0 X X 0 X
X 0 0 0 0 0 X X 0 0 0 0 0 X 0 0 X 0 X X 0 X 0 0 0 0 0 0 X 0 0 0 0 0 0 0 0 0 0 0 0 0 0 0 0 0 0 X 0 0 0 0 0 X 0 X 0 0 0 0 0 0 0 0 0 0 0 0 0 0 0 0 0 0 0 0 0 X 0 0 0 X X 0 X X X 0 0 0 X 0 0 0 0 0 X X 0 0 0 0 0 0 0 0 0 0 0 0 0 0 0 0 X 0 X 0 0 0 X 0 0 X 0 0 X 0 X 0 0 0 0 0 0 X 0 X 0 0 0 0 0 0 0 0 0 0 0 0 0 X 0 0 0 0 0 0 0 0 0 0 0 0 0 0 0 X 0 0 0 0 0 0 0 0 0 0 X X X X X 0 0 X 0 0 0 0 0 0 X 0 0 0 0 0 0 0 X 0 0 0 0 X X 0 X X 0 0 0 X 0 0 X 0 X X 0 0 0 0 0 X 0 0 0 0 0 0 0 0 0 X 0 0 0 0 X 0 0 0 0 0 X X 0 0 0 0 0 0 0 0 0 0 0 0 0 0 0 0 X 0 0 X 0 0 0 X 0 X 0 0 0 0 0 0 X 0 0 0 0 0 0 X 0 0 0 0 0 0 0 0 X 0 0 0 0 X 0 X 0 X 0 0 0 0 X 0 0 0 0 0 0 0 X 0 0 0 X 0 0 0 X X 0 0 0 X 0 0 0 0 0 0 0 X X 0 0 0 X 0 0 0 0 0 0 0 0 0 0 0 0 0 0 0 0 0 0 0 X 0 0 0 0 0 0 0 0 X X X 0 0 0 X 0 0 0 0 0 0 X 0 0 0 X X 0 0 0 0 X X 0 X
X 0 0 0 0 0 0 X X 0 0 0 0 0 X X 0 0 0 0 X 0 0 0 0 0 X 0 0 0 0 0 0 0 X X 0 0 0 0 0 0 0 0 0 0 X 0 0 0 0 0 0 0 X 0 0 0 0 0 0 0 0 X X X 0 0 0 0 0 0 0 0 0 0 0 0 0 X 0 0 0 0 0 0 0 0 X 0 0 0 0 0 0 X 0 X 0 0 0 0 0 0 0 0 0 0 0 0 0 X X 0 X 0 X 0 0 0 0 X X 0 0 X X X 0 X 0 0 0 0 0 0 0 0 0 0 X 0 0 0 0 0 0 0 X 0 0 0 0 0 X 0 0 X 0 0 0 0 0 0 0 0 X 0 0 0 0 0 X 0 0 0 0 0 0 0 X X X 0 0 0 0 0 0 0 0 0 0 0 X 0 X 0 0 0 0 0 X X X 0 0 0 X 0 X 0 0 X 0 X 0 0 0 0 0 0 0 0 X X 0 0 0 0 0 0 0 0 X X 0 0 0 0 X X X X X 0 0 X 0 0 0 X 0 X 0 0 0 0 0 0 X 0 0 X 0 0 X 0 0 X X 0 0 0 0 X 0 0 0 0 0 X 0 0 0 X 0 0 0 0 0 0 X 0 X X 0 0 0 0 0 0 0 0 0 0 0 0 0 0 0 X 0 0 X 0 0 0 0 0 X 0 0 0 X 0 X 0 0 0 0 0 0 X X X 0 0 0 0 X 0 0 0 0 0 0 0 0 0 0 0 0 0 0 0 0 0 X 0 X X 0 0 0 X X 0 0 0 0 0 0 0 X 0 0 0 0 0 X 0 X 0 0 0 0 0 0 0 0 X X X 0 0 X X X X
X X 0 0 0 0 0 X 0 0 0 0 0 0 X 0 X 0 0 X 0 X 0 0 0 0 0 X 0 X X 0 0 0 0 0 0 0 0 0 X 0 0 0 X X 0 X 0 0 0 0 X X 0 0 X 0 0 0 0 X 0 0 0 0 X X 0 0 0 0 0 0 0 X X 0 0 0 0 X 0 0 0 0 0 0 0 0 X 0 X 0 0 0 0 0 0 0 0 0 0 0 0 0 0 0 0 0 0 0 0 X 0 0 X 0 0 0 0 0 0 0 0 0 0 0 0 0 0 0 0 0 0 0 0 0 0 0 0 X 0 X 0 0 0 X X X X X X 0 0 0 0 0 0 0 0 0 0 X 0 0 0 0 0 0 X 0 0 X X 0 0 X 0 X 0 0 0 0 0 0 X 0 X X 0 0 0 X 0 0 0 0 0 0 X 0 0 0 0 0 0 0 0 0 0 0 X 0 0 0 0 0 0 0 0 X 0 0 X 0 0 0 0 0 X 0 X 0 0 0 0 0 0 0 0 0 0 0 0 0 0 0 0 0 0 0 X X 0 0 0 X 0 0 0 X X 0 X X 0 0 0 0 0 X 0 0 0 0 0 0 X X 0 0 0 0 0 0 X 0 0 0 0 X 0 0 0 0 0 0 X X 0 0 0 0 0 X 0 0 0 0 0 0 X 0 0 0 X 0 0 X 0 0 X X 0 0 0 0 0 0 0 0 0 0 X 0 0 0 0 0 0 X 0 X 0 0 X 0 0 0 0 X 0 0 0 X 0 0 0 X 0 0 0 0 0 0 0 0 0 X 0 0 0 0 X 0 0 X 0 0 0 0 0 0 0 0 0 X 0 0 0 X 0 0 0 0 0 0 0 X
X 0 X X 0 0 0 0 0 0 0 0 0 0 0 X 0 0 0 0 0 0 0 0 X 0 0 0 0 0 0 0 0 0 0 0 X 0 X 0 0 X 0 0 0 0 0 0 0 0 X 0 0 0 0 0 X 0 0 0 0 0 0 0 0 X 0 0 0 0 X 0 0 0 0 0 0 0 0 0 0 0 X 0 X 0 X X X 0 0 X X 0 0 X 0 0 0 0 0 0 0 0 0 0 0 X 0 0 0 X 0 0 0 X X X 0 0 X 0 0 0 X 0 0 0 0 0 X 0 0 0 0 0 0 0 0 0 0 0 0 0 0 X X 0 0 0 0 0 0 0 0 X X X X 0 0 0 0 0 X 0 0 0 0 X 0 0 0 0 0 0 0 0 0 X 0 0 0 0 X 0 0 0 0 0 X X 0 0 X 0 X X 0 X 0 0 0 0 0 0 0 0 0 X 0 X 0 X X X 0 0 0 0 0 0 0 0 0 0 0 0 0 0 0 0 0 X 0 0 X X 0 0 0 0 X 0 0 X 0 0 0 0 0 X 0 0 0 0 X X 0 X 0 0 X X 0 0 0 0 0 0 X 0 0 0 0 0 X 0 0 0 0 0 0 0 0 0 X 0 X X 0 0 0 X 0 0 X 0 0 0 0 0 X 0 X 0 0 0 0 0 0 0 0 0 0 0 0 0 0 0 0 X 0 0 X X 0 0 0 0 0 0 0 0 0 0 0 X 0 0 0 X X 0 0 0 0 0 0 0 0 0 0 0 0 0 0 X 0 0 0 0 0 0 0 X 0 0 0 X 0 0 X X 0 0 0 0 0 0 0 X 0 0 0 X 0 0 0 0 X 0 0 0 X 0 0 X 0 X
X 0 0 0 0 0 0 0 0 0 X 0 0 0 0 X 0 0 X 0 0 0 0 0 0 0 0 X X 0 X 0 0 0 0 0 X 0 X 0 X 0 X 0 0 0 X X X X 0 0 0 0 0 X X X 0 0 0 0 0 0 X 0 0 0 0 0 0 0 0 X 0 0 0 0 0 X 0 0 0 0 X 0 X 0 0 X X X X 0 X 0 0 0 0 X 0 0 0 0 0 X 0 X 0 0 0 X 0 0 X X 0 0 X 0 0 0 0 0 X 0 0 0 0 0 0 0 0 0 0 0 0 0 0 0 0 0 0 0 0 0 0 X 0 0 0 0 X 0 X 0 0 0 0 X 0 0 0 0 0 0 0 0 0 X 0 0 X X 0 0 0 0 0 0 X X X 0 X 0 0 0 0 0 0 0 0 X 0 0 0 0 0 0 0 X 0 0 0 0 X X 0 0 0 0 0 0 0 0 X 0 0 0 0 0 0 0 0 0 X 0 0 X X 0 0 0 0 0 0 0 X 0 0 X 0 X 0 0 0 0 0 0 0 0 0 0 X X 0 0 0 0 0 0 0 0 0 0 0 0 0 0 0 X 0 0 0 0 0 0 0 X 0 0 0 0 X X 0 X 0 0 0 0 0 0 0 0 0 0 0 0 0 0 0 X 0 0 0 X 0 0 0 X X 0 0 0 0 0 X 0 0 0 0 0 0 0 0 X 0 0 0 X 0 0 0 0 0 0 X 0 0 0 0 X X X X 0 X 0 0 0 0 0 X 0 X 0 0 X X 0 0 0 0 0 0 0 0 X X 0 0 0 X 0 0 0 X 0 0 0 0 0 0 0 0 0 0 0 X X 0 X X X 0 0 0 X
X 0 0 0 0 X 0 0 0 0 0 X 0 0 0 0 0 0 0 0 0 0 X 0 0 0 0 0 X 0 X X 0 X 0 0 0 0 0 0 0 0 0 0 0 0 0 0 0 0 0 0 0 0 0 X 0 0 0 X 0 0 0 0 0 0 0 0 0 0 0 0 0 0 X 0 0 0 0 X 0 0 0 0 0 0 0 X X 0 X 0 0 0 0 0 X 0 0 0 0 0 X 0 X 0 0 X 0 X 0 0 0 0 X 0 0 0 0 X 0 0 0 X 0 0 0 0 0 0 0 X X 0 0 0 0 0 0 0 0 0 0 0 0 0 0 X 0 0 X 0 0 0 0 0 0 0 0 0 0 X 0 0 0 X X 0 X 0 0 0 0 0 0 0 0 0 X 0 0 0 0 0 0 0 0 X 0 0 X 0 0 0 X 0 0 0 0 0 X 0 0 X 0 X X 0 0 0 0 0 0 0 0 0 0 0 0 X X 0 0 0 0 X 0 0 0 X 0 X X 0 0 0 0 0 0 0 X 0 0 0 0 0 0 0 0 X X 0 0 0 0 0 X 0 0 0 0 0 X 0 0 0 0 X X 0 0 X 0 0 X X 0 0 X 0 0 0 0 0 0 0 X 0 0 0 0 0 0 0 0 0 X 0 0 0 0 X 0 0 0 0 0 0 X 0 X 0 0 0 0 X 0 X 0 0 0 0 0 0 0 0 0 0 0 0 0 0 X 0 X 0 0 X 0 0 X X X 0 X 0 0 0 0 0 0 0 0 0 0 0 X 0 X 0 X 0 0 0 0 0 0 0 0 0 X X X 0 0 0 0 X X 0 X 0 0 0 X 0 0 0 0 0 0 0 0 0 0 X 0 0 0 X
X 0 X 0 X 0 0 0 0 0 0 0 0 0 0 0 0 X 0 0 X 0 0 0 0 0 0 X 0 0 X X 0 0 0 0 0 0 0 0 0 0 X X 0 0 X 0 0 X 0 X 0 0 0 X 0 0 X 0 0 0 0 0 0 0 0 0 X X 0 0 0 0 X 0 X 0 0 0 0 0 0 0 X 0 0 X 0 0 0 0 0 0 0 X 0 0 0 0 0 0 X X 0 0 0 0 0 0 0 0 0 X 0 0 0 0 X 0 X 0 0 X 0 0 0 0 0 0 X 0 0 X X 0 0 0 0 0 0 0 0 0 0 X 0 0 0 X 0 0 0 0 0 0 0 X 0 0 0 0 0 0 0 0 0 X 0 0 X 0 0 0 X 0 0 X 0 0 0 X 0 X 0 0 0 X 0 0 0 0 0 0 0 0 0 X X 0 X 0 0 0 0 0 X X X 0 0 0 0 0 0 0 X 0 0 0 X 0 0 0 X 0 X 0 X 0 X 0 0 X 0 0 0 X 0 0 0 0 0 0 0 0 X 0 0 0 0 X X 0 0 0 0 0 0 0 X X 0 X 0 X 0 0 0 0 0 0 0 0 0 0 0 0 0 0 0 X 0 0 0 0 0 0 0 0 X 0 0 0 0 0 0 0 0 0 0 X X 0 0 0 0 X 0 X 0 0 0 0 0 0 0 0 0 0 X X 0 0 X 0 0 0 0 0 0 0 0 0 0 X 0 0 0 0 0 0 0 0 0 0 X 0 0 0 0 0 0 X 0 0 0 0 X 0 0 X 0 0 0 0 0 0 X 0 0 X 0 0 0 X 0 0 X X X 0 X 0 0 0 0 X 0 0 X 0 0 X X 0 X X 0 X
X 0 0 0 0 0 0 0 X 0 0 0 0 0 0 0 X X 0 0 X 0 0 0 0 X X 0 0 0 X X X X 0 0 X 0 0 0 X 0 0 0 0 0 0 0 0 0 0 0 0 0 0 0 0 X 0 X 0 0 0 0 X 0 0 0 0 0 X 0 X 0 0 0 0 0 0 0 0 0 0 0 0 0 0 0 0 0 0 0 X 0 0 0 0 0 0 0 X 0 X 0 0 0 0 X 0 0 X X 0 0 0 0 X 0 0 0 0 0 0 X 0 0 0 0 0 0 0 0 X 0 0 0 X 0 0 0 0 0 0 0 X X 0 0 0 0 0 0 0 X 0 X 0 X 0 0 0 0 0 0 0 0 0 0 0 0 0 0 0 0 0 0 0 0 0 X 0 0 0 0 X 0 0 0 0 X 0 0 X 0 0 X 0 0 0 0 0 0 0 0 0 0 0 X 0 0 X 0 0 X 0 0 0 X X 0 X X 0 0 0 0 X 0 0 0 0 0 0 X 0 0 0 0 0 0 X X 0 0 0 X X X 0 0 X 0 0 0 X X 0 0 0 0 0 X 0 0 0 0 0 0 0 0 0 X 0 0 0 X 0 0 0 0 0 0 X 0 X 0 0 0 X X 0 0 X 0 0 0 0 0 0 0 0 0 0 0 0 0 0 0 0 0 0 X 0 0 0 0 0 X 0 X 0 0 0 0 0 0 0 0 0 X 0 0 X 0 X 0 0 X X 0 0 0 0 0 0 0 X 0 0 0 0 X 0 0 0 X X 0 0 0 0 0 X 0 X 0 X 0 0 X 0 X 0 0 0 0 0 0 X X 0 0 X 0 0 0 0 0 0 X 0 0 0 0 0 0 X 0 0 X
X 0 0 0 0 0 0 X 0 0 X 0 0 X X 0 X 0 0 0 0 0 0 0 X X 0 X 0 0 0 0 0 X 0 0 0 0 0 0 0 0 0 0 X 0 0 0 0 0 0 0 0 X 0 0 0 0 0 X 0 0 0 0 0 0 0 0 0 0 0 0 X 0 0 0 0 0 0 0 0 0 X 0 0 0 X 0 0 0 0 0 0 0 0 0 0 0 0 X X 0 0 0 0 0 0 0 0 X X X 0 0 X 0 0 0 0 0 X 0 X 0 0 0 X 0 X 0 0 0 0 0 0 0 0 0 X X 0 0 0 0 0 X 0 0 0 0 0 0 0 0 0 0 0 0 X 0 0 0 0 X 0 0 X 0 0 X 0 0 0 0 0 0 X 0 0 0 0 0 0 X 0 0 0 0 X 0 X 0 0 0 0 0 0 0 0 0 0 X X 0 0 0 0 0 0 0 0 0 0 0 0 0 0 0 0 0 0 0 0 0 0 0 X 0 X 0 0 0 X 0 0 0 0 0 X 0 0 0 0 0 0 X 0 0 X 0 0 0 0 0 0 0 0 0 0 0 0 0 0 0 0 0 0 0 0 0 0 X X 0 0 X 0 0 0 0 0 0 0 0 0 0 0 0 X X 0 X 0 0 X 0 0 0 0 0 0 0 0 0 0 0 X 0 0 0 0 0 0 0 0 0 X 0 X 0 0 0 0 X 0 X X 0 X X X 0 0 0 0 0 0 0 X X X 0 X 0 0 0 0 0 0 0 0 0 0 0 0 0 0 X 0 0 0 0 0 0 0 0 0 0 0 0 X 0 0 0 0 0 0 0 0 0 0 0 0 0 X 0 X 0 X 0 0 0 0 X 0 0 0 0 0 X
X X 0 X 0 0 0 0 0 0 0 0 0 0 0 0 X 0 0 0 0 X 0 0 0 0 0 X 0 X 0 0 X 0 X 0 0 X X 0 0 0 0 X 0 0 X X 0 X 0 X 0 0 0 0 0 0 X 0 0 0 0 0 0 0 0 X X 0 0 0 0 X 0 X 0 0 X 0 X 0 0 0 0 0 0 0 X 0 0 0 0 X 0 0 0 0 0 0 0 0 0 0 X X 0 X 0 0 0 0 X 0 0 X X 0 X 0 0 0 0 0 0 X 0 0 0 0 0 0 0 0 0 X 0 0 X 0 0 X 0 0 X 0 X 0 0 0 0 0 0 X 0 0 0 0 0 0 0 0 0 0 0 X 0 0 X 0 0 0 0 0 0 0 X 0 0 0 0 0 0 0 0 X 0 X 0 0 0 0 0 0 X 0 X 0 X 0 X 0 0 0 0 X 0 0 0 0 X 0 0 0 0 0 0 0 0 0 0 X 0 0 0 X X 0 0 0 0 0 0 0 0 0 0 0 X 0 0 0 X 0 0 0 X 0 0 X 0 0 0 0 0 0 0 0 0 0 0 0 0 0 0 0 0 0 0 0 0 0 0 0 0 0 0 0 0 0 0 0 0 0 0 0 0 X X 0 0 0 0 0 0 0 0 0 X X 0 0 0 0 X 0 0 0 0 0 0 0 0 0 X X 0 0 X 0 0 0 X 0 0 X 0 0 0 0 0 0 0 0 X 0 0 0 0 0 0 0 0 0 0 0 X 0 0 0 0 X 0 X 0 0 0 0 X 0 X 0 0 0 0 0 X 0 0 0 0 0 0 0 0 0 0 0 0 0 X 0 0 0 0 0 0 0 0 0 0 0 X 0 0 X 0 0 0 X
X 0 0 0 0 0 0 0 0 0 0 0 0 0 0 0 0 0 X 0 0 X 0 0 0 0 0 0 0 X 0 X X 0 X 0 0 0 0 0 0 0 0 0 0 X 0 X 0 X 0 0 0 0 X 0 0 X 0 0 0 0 X 0 0 0 0 0 0 0 0 0 0 0 0 0 0 0 0 X X X X 0 0 0 0 0 0 0 0 0 0 0 0 0 0 0 0 0 0 X 0 0 0 0 0 0 0 0 0 0 0 0 0 X 0 0 0 0 0 0 0 0 0 0 0 0 0 0 0 0 0 0 0 0 0 0 X X 0 0 0 0 X 0 0 X 0 0 X 0 0 0 X 0 X 0 X 0 0 0 0 X 0 0 0 0 X 0 0 0 0 0 0 0 0 0 0 0 0 0 0 X 0 0 0 0 0 0 X X X 0 0 X 0 X 0 0 0 0 0 X 0 0 0 X X 0 0 0 X 0 X 0 0 0 0 X 0 0 0 0 0 0 0 0 0 0 X 0 X 0 0 0 0 0 0 0 0 0 0 0 0 0 0 0 0 X 0 0 0 0 0 0 0 0 0 0 X 0 0 0 0 0 0 0 0 X X X 0 0 0 0 0 0 0 0 X 0 0 0 0 0 X X X 0 X X 0 0 X 0 0 0 0 0 0 0 0 0 0 0 0 0 0 0 0 X 0 0 0 0 0 0 0 0 0 0 0 0 0 X 0 0 0 X 0 X X 0 0 0 0 0 X 0 0 X X 0 0 0 X X 0 0 0 0 X X 0 0 0 0 0 0 0 0 0 0 0 0 0 0 X 0 0 X 0 X 0 0 0 0 0 X 0 0 X 0 0 X 0 0 0 0 0 0 0 0 0 X X X X X
X 0 0 0 0 0 0 0 0 0 0 X X X 0 0 0 0 0 X 0 0 0 0 0 0 X 0 0 0 0 0 0 0 0 0 0 0 0 0 X 0 0 0 0 0 0 0 X 0 0 0 0 X X 0 X X 0 0 0 X X 0 0 0 0 0 0 0 0 0 0 0 0 0 0 X 0 0 0 0 0 0 0 0 0 0 0 0 0 0 0 0 0 0 0 X 0 0 0 0 0 0 0 0 0 X 0 0 X 0 0 0 0 0 0 0 0 X 0 X 0 0 0 0 0 0 0 0 0 0 0 0 0 0 0 0 0 0 X 0 0 0 0 X 0 0 X 0 0 0 0 X X X X 0 0 0 X 0 0 0 0 0 X 0 0 X 0 0 X 0 X 0 0 0 0 0 0 0 0 X 0 0 X 0 0 0 0 0 0 0 0 0 X 0 0 0 0 0 0 0 0 0 0 0 0 0 0 0 0 0 X 0 0 0 0 0 0 0 0 0 0 X 0 0 X 0 0 X 0 0 X 0 0 0 0 0 X 0 0 X 0 0 0 0 0 0 0 0 0 X X 0 0 0 0 0 0 0 0 0 0 0 0 0 0 0 0 0 0 X X 0 0 0 0 0 0 0 0 0 0 0 0 0 0 0 0 X 0 0 0 0 X 0 0 X 0 X 0 0 0 0 0 0 0 0 0 0 0 0 0 0 0 0 0 0 X 0 0 X 0 0 X X 0 0 0 0 X 0 X 0 0 0 0 X 0 0 0 X 0 X 0 0 0 X X 0 0 0 0 0 X 0 X 0 X X 0 0 0 0 X 0 0 0 0 0 0 0 0 0 0 0 0 X 0 0 0 X 0 0 0 X 0 0 0 0 X 0 0 X 0 0 0 X
X 0 0 X 0 X 0 0 0 0 0 0 0 X 0 X 0 0 0 0 0 0 X 0 0 0 0 0 0 0 0 0 0 0 0 0 0 X 0 0 X 0 0 X 0 0 X 0 0 0 0 0 X 0 0 0 X 0 X 0 0 0 X 0 0 X 0 0 0 X 0 X 0 X 0 0 0 0 X 0 X 0 0 0 0 X 0 X 0 0 0 0 0 X 0 0 0 0 0 0 0 0 0 0 0 0 0 0 0 0 X 0 0 X 0 0 0 0 X 0 0 0 X 0 0 0 0 X 0 0 0 0 0 X 0 0 0 X X 0 0 0 0 0 X 0 0 X 0 0 0 0 0 0 0 0 X 0 0 0 X 0 0 X 0 0 0 0 0 0 0 0 0 0 0 0 0 X 0 X 0 0 0 X 0 0 0 0 0 0 0 0 X 0 0 X 0 0 X 0 0 0 X 0 X 0 0 0 0 X 0 X X 0 0 0 0 0 0 0 0 0 0 0 0 0 0 0 0 0 X 0 0 0 0 0 X 0 0 0 0 X 0 0 0 0 0 0 0 0 0 0 0 0 0 0 0 0 0 0 0 0 0 0 0 0 0 0 0 0 X X 0 0 0 X 0 0 0 0 0 X 0 0 0 0 0 0 X 0 0 X 0 0 0 0 0 0 0 0 X 0 0 0 0 0 0 0 0 0 0 0 0 X 0 X 0 0 0 0 X 0 0 0 0 X 0 0 0 0 X 0 X 0 0 0 X X 0 X 0 X 0 0 0 0 0 0 0 0 0 X 0 X X 0 X X 0 X 0 X X 0 0 X 0 0 X X 0 0 0 0 0 0 0 0 0 0 X 0 0 0 0 0 X 0 0 0 0 0 X X 0 X 0 0 0 X
X 0 X 0 0 0 0 0 0 0 0 0 0 0 0 0 0 0 X X X 0 X 0 0 0 0 0 X 0 0 0 0 X 0 X 0 0 0 0 0 X X 0 X 0 0 0 0 0 0 0 0 0 0 0 0 0 0 X 0 X 0 0 0 0 0 0 0 0 0 0 X 0 0 0 X 0 0 X 0 0 0 X 0 X 0 0 0 0 0 0 0 0 0 X 0 0 0 0 0 0 0 0 0 0 0 0 0 0 0 0 0 0 X X 0 0 0 0 X 0 0 0 0 0 0 0 0 0 X 0 0 X 0 0 X 0 X 0 0 0 0 0 0 X 0 0 X X 0 X 0 X 0 0 0 0 X X 0 X 0 0 X 0 0 0 0 0 0 0 0 0 0 0 0 X 0 0 0 0 X 0 X 0 X 0 X 0 X X 0 0 0 0 0 0 0 0 0 X 0 0 0 0 0 X X 0 0 0 0 0 0 0 0 0 0 0 0 0 0 0 0 0 0 X 0 0 X 0 0 X 0 0 0 X 0 0 0 0 0 0 0 0 0 0 0 X 0 0 0 0 0 0 X 0 0 0 0 X X 0 0 0 0 0 X 0 0 0 X 0 0 0 0 0 0 0 0 0 0 0 X 0 0 0 0 0 X X 0 0 0 X 0 0 0 X 0 0 X 0 0 0 0 0 0 X 0 X 0 0 0 0 X 0 X 0 X 0 0 X X 0 X X 0 0 0 0 0 0 0 0 0 0 0 0 0 0 0 X 0 0 0 0 0 X 0 0 0 0 0 X 0 0 0 0 0 0 X 0 0 0 0 0 0 0 0 0 X 0 0 0 0 0 0 X 0 0 X 0 0 0 0 X X X X 0 0 0 0 0 0 0 0 X
X 0 0 0 0 X 0 X 0 0 0 0 0 0 0 0 0 0 X 0 X 0 X 0 0 0 0 0 0 0 X 0 0 0 0 X 0 X X 0 0 0 0 0 0 0 X 0 0 0 0 0 0 0 0 0 X 0 0 0 X 0 0 0 0 X 0 0 0 0 X X 0 X X 0 X X 0 0 0 0 0 0 0 X 0 0 X X 0 0 0 0 0 0 0 0 0 0 X 0 X 0 X 0 0 0 0 0 0 X 0 0 X 0 X 0 X 0 0 0 0 0 X 0 X X 0 0 0 0 0 0 0 0 0 0 X 0 0 0 0 0 0 0 X 0 X 0 X 0 0 0 0 0 0 0 0 0 0 0 0 0 0 X X 0 0 0 0 0 0 0 0 0 0 0 0 0 0 0 0 0 0 X 0 0 0 0 0 X 0 0 0 X 0 0 0 0 0 X 0 0 0 0 0 0 0 X 0 X 0 0 0 X 0 0 X X X X 0 0 X 0 0 0 0 0 0 0 0 0 0 0 0 X X X 0 0 0 0 0 0 0 0 0 X 0 X 0 0 0 X X 0 0 0 0 X 0 0 0 0 0 0 0 X 0 X 0 X 0 0 0 0 0 0 0 0 0 0 0 0 0 0 0 0 0 X 0 0 0 X 0 X 0 0 0 0 0 0 0 X 0 0 0 0 0 0 0 0 0 0 0 0 X 0 0 0 0 X 0 0 0 X 0 0 0 X 0 0 0 0 0 0 0 0 X X 0 0 X 0 0 X 0 0 0 X X 0 0 X 0 0 0 0 0 0 0 0 0 0 0 0 0 0 0 X X 0 0 X 0 0 0 0 X 0 X 0 X 0 0 0 0 0 X 0 0 0 0 0 0 0 X X
X 0 0 X 0 0 0 0 X X 0 0 0 X 0 0 X 0 0 X 0 X X 0 0 0 0 0 X X 0 0 X 0 X 0 0 X 0 0 0 0 0 X 0 0 0 0 0 0 0 X 0 0 0 0 0 X 0 0 X 0 0 0 0 0 0 0 0 0 0 0 0 0 X 0 0 0 0 X 0 0 0 X 0 0 X 0 X 0 0 0 0 X 0 0 0 0 0 0 0 0 X X 0 0 0 X 0 0 X 0 0 0 0 0 0 0 0 X X 0 0 0 0 0 0 0 0 0 0 0 0 0 X 0 0 0 0 0 0 0 0 0 X 0 0 0 0 0 0 0 X 0 0 X 0 X X 0 0 0 X 0 X 0 0 X 0 0 0 0 0 0 0 0 0 X 0 0 0 0 X 0 0 X 0 0 0 0 0 0 0 0 0 0 0 0 0 0 0 X X 0 0 X 0 0 0 0 0 0 0 0 0 0 X 0 X 0 0 0 X 0 0 0 0 0 0 0 0 0 0 0 0 0 0 X 0 0 0 0 0 X 0 0 0 0 X 0 0 X 0 X 0 0 X 0 0 0 0 0 0 X 0 0 0 0 0 0 0 0 0 0 0 0 0 0 0 0 0 0 0 0 0 0 0 0 0 0 0 0 X 0 0 0 0 0 0 X 0 0 X X 0 X X 0 X 0 0 0 0 0 0 X 0 0 0 0 0 0 0 0 0 0 0 0 0 0 0 0 X X 0 X 0 0 0 0 0 0 0 0 X 0 0 0 0 0 X 0 0 X 0 0 0 0 0 X 0 0 0 0 0 0 0 0 0 0 X 0 0 0 0 X 0 X X 0 X X X 0 0 0 0 0 0 0 X 0 X 0 0 0 0 0 0 X
X 0 0 0 X 0 0 0 0 0 0 X 0 0 0 X 0 0 0 0 0 0 X 0 0 0 0 0 0 0 0 0 0 0 X 0 0 0 X 0 0 0 0 0 0 0 0 0 0 0 0 0 0 X 0 0 X 0 0 0 0 X 0 X 0 0 0 0 0 0 0 0 0 X X 0 X X 0 X 0 0 0 X X 0 0 0 0 0 0 0 X 0 0 X 0 0 X X 0 0 0 0 X 0 0 0 0 0 0 0 0 0 0 0 X 0 0 0 0 0 0 0 X 0 0 0 X 0 0 0 0 0 0 0 0 0 0 0 0 0 0 0 0 0 0 X 0 0 0 X 0 0 0 0 0 X 0 0 0 0 X 0 0 0 0 0 0 0 0 0 X X 0 0 0 0 X 0 0 X 0 0 0 X 0 0 0 0 0 0 X 0 0 0 0 0 0 0 0 0 X 0 0 0 0 X 0 0 0 0 X 0 0 X 0 0 0 0 0 0 0 X 0 0 0 0 0 0 0 0 0 0 0 0 X X 0 0 X 0 X X 0 0 0 0 0 0 X X 0 0 0 0 0 0 0 0 0 0 0 0 0 X 0 0 X X 0 0 0 X 0 0 0 X 0 0 0 0 0 0 0 0 0 0 0 0 0 0 0 0 0 0 0 0 0 0 0 0 0 0 X 0 0 0 0 0 0 0 X 0 0 X X 0 0 0 X 0 0 0 0 0 0 0 0 0 0 X 0 0 X X 0 0 0 X 0 0 0 X 0 0 0 X 0 X 0 0 X 0 0 0 0 X 0 0 X X 0 0 0 X 0 0 0 0 X X 0 0 0 X 0 X X 0 0 X 0 X X X 0 0 X 0 0 0 0 0 X 0 0 0 0 X
X 0 X 0 X X X 0 0 0 0 X 0 0 0 0 0 0 0 0 0 0 0 0 X 0 0 0 0 0 0 0 0 0 0 X 0 0 0 0 X 0 0 0 X 0 0 0 0 0 X X 0 X X 0 0 0 0 0 0 0 0 X 0 0 0 0 0 0 X 0 0 0 0 0 0 0 X 0 0 0 X 0 X X 0 0 0 X X 0 0 0 0 0 X 0 0 0 0 0 0 0 X 0 X 0 X 0 0 0 0 0 0 0 0 0 0 0 0 0 0 0 0 0 X 0 X 0 0 0 0 0 X 0 0 X 0 X 0 0 0 0 0 0 0 0 0 0 0 0 X 0 X 0 0 0 X 0 X 0 0 X 0 X 0 0 0 0 0 0 X 0 0 0 X 0 0 0 0 0 0 0 0 X 0 0 0 0 0 X 0 0 X 0 0 X 0 0 0 0 X 0 X X 0 0 0 0 0 0 0 0 0 0 X 0 0 X X 0 0 0 X 0 0 0 0 0 0 0 0 X 0 X 0 0 0 0 X 0 0 0 0 0 0 X 0 0 X X 0 0 0 0 0 0 0 0 0 X 0 0 0 X 0 X 0 0 0 X 0 0 X X 0 0 0 0 0 0 0 0 0 X 0 0 0 0 0 0 0 0 0 X 0 0 X 0 0 0 0 0 0 X 0 0 0 X 0 0 0 0 0 0 0 0 0 0 0 0 0 0 X X 0 0 X 0 0 0 0 X 0 0 X 0 0 0 0 0 0 0 0 0 0 0 0 0 0 0 0 0 0 0 0 0 0 0 0 X X X 0 0 0 X 0 0 0 0 0 X 0 0 0 X X 0 0 0 0 0 0 X 0 X 0 0 0 X 0 0 0 0 0 0 0 X
X 0 X 0 0 0 0 0 0 0 X 0 0 0 X X 0 0 0 X 0 X 0 X 0 0 0 0 0 0 0 0 X 0 X 0 0 X X 0 0 X 0 X 0 0 0 X 0 0 0 0 0 0 0 0 X 0 0 0 0 0 0 0 0 X 0 0 X 0 0 0 0 0 0 X X 0 0 0 0 X 0 0 0 0 0 0 0 0 X 0 0 0 0 0 0 0 0 0 0 0 0 0 0 0 X X 0 0 0 0 X 0 0 0 0 X X 0 0 0 0 0 X X 0 0 X 0 0 0 0 0 0 0 0 0 0 X 0 0 0 0 0 0 0 0 0 0 X 0 X 0 X 0 0 0 0 0 0 0 X 0 0 0 X 0 0 0 X X 0 0 0 0 0 0 0 X X 0 0 0 0 X X X 0 0 X 0 0 0 0 0 0 X 0 X X 0 0 0 0 0 0 0 0 0 0 X 0 0 0 0 0 0 0 0 0 0 0 0 0 X 0 0 0 X 0 X 0 0 0 0 0 X 0 0 0 X 0 0 0 0 0 0 X 0 0 0 X X 0 0 X X 0 0 0 0 0 X 0 0 0 X 0 0 0 0 0 0 X X 0 0 X X 0 0 0 0 X 0 0 0 0 0 0 X 0 X 0 X 0 0 0 0 0 0 0 X 0 0 0 0 0 0 0 0 0 0 0 0 0 0 0 0 0 0 X 0 0 0 X 0 0 X 0 0 0 0 0 0 0 0 0 0 0 0 0 0 0 0 0 0 0 0 X 0 0 0 0 0 0 0 0 0 0 0 0 0 0 0 0 0 0 0 0 0 X 0 X 0 X X 0 0 0 0 0 0 0 0 0 0 0 0 0 0 0 0 0 0 0 0 0 X
X 0 0 0 X 0 0 0 0 0 X 0 0 X 0 0 0 0 0 0 X 0 0 0 X X 0 0 0 0 0 0 0 0 X 0 0 0 0 X 0 0 0 0 X 0 X 0 0 0 0 0 0 0 0 0 0 0 0 0 X 0 X 0 X 0 0 0 0 0 0 0 X 0 X 0 0 0 0 0 0 0 0 0 0 0 0 X 0 0 0 X 0 0 0 0 0 X 0 X X 0 0 X 0 0 0 0 0 0 X X 0 0 0 0 0 0 0 0 0 X 0 X 0 0 X X 0 X X X 0 0 0 0 0 0 0 0 X 0 0 0 X 0 0 0 0 X 0 0 0 0 X 0 0 0 X 0 0 X 0 0 X 0 X 0 0 X 0 0 0 0 0 0 0 0 0 0 0 X X 0 0 0 0 0 0 X 0 0 0 0 0 X 0 0 0 0 0 X 0 X 0 0 0 X 0 0 0 0 0 X 0 0 0 0 0 0 0 0 0 0 0 X X 0 0 0 0 0 0 0 0 0 0 X 0 0 0 X 0 0 0 0 0 X 0 0 0 0 0 0 0 0 0 0 0 0 0 0 X 0 0 0 0 0 X 0 0 0 0 X 0 0 0 0 0 0 0 0 0 0 0 0 0 0 0 0 0 0 0 0 X 0 0 X 0 0 0 0 0 0 X 0 0 0 X 0 0 0 0 0 0 0 X 0 X 0 0 0 0 0 0 0 X 0 0 X 0 0 X 0 0 0 0 0 X 0 X 0 0 0 0 0 X X X 0 0 0 0 0 0 0 0 X X 0 0 0 0 0 0 X X 0 0 0 0 0 X 0 0 0 0 0 0 0 0 0 0 X 0 0 X X 0 X 0 0 0 0 X X 0 0 0 X
X 0 0 X X 0 0 X 0 0 X 0 0 0 X 0 X 0 X 0 0 0 0 0 0 0 0 0 0 0 0 0 0 0 0 0 X 0 0 0 0 0 0 0 0 0 0 X 0 0 0 0 0 0 0 0 0 0 X 0 0 0 0 X 0 0 0 0 0 0 0 0 0 0 0 0 0 0 0 0 0 0 X X 0 0 X X X 0 X 0 0 0 0 0 0 0 0 0 0 0 0 X 0 0 X 0 0 0 0 0 X 0 0 0 X X 0 0 0 X 0 0 0 0 0 0 0 0 0 0 0 0 X 0 0 0 0 0 0 X X 0 0 0 0 0 0 0 0 0 0 0 0 0 X 0 0 X 0 0 X 0 0 0 0 0 0 0 0 X 0 X 0 0 0 0 0 0 X 0 0 X 0 X 0 0 0 0 0 X X 0 0 X 0 X 0 0 0 0 0 0 0 X X 0 X 0 0 0 X 0 X 0 X 0 0 0 X 0 X 0 0 0 X 0 X 0 0 0 0 0 0 0 X X 0 X 0 0 0 0 0 0 X 0 0 0 0 0 0 0 0 0 0 0 X X 0 0 0 0 X 0 0 0 0 X X X 0 0 X 0 0 0 0 0 0 0 0 0 0 X 0 0 0 0 0 0 X X X 0 0 0 0 X X X 0 0 0 0 0 0 0 0 X X 0 X 0 X 0 0 0 0 X 0 0 0 0 0 0 0 0 0 0 0 0 0 0 0 0 X 0 0 0 0 X 0 0 0 0 0 0 0 0 0 0 0 0 0 0 0 0 0 0 0 0 0 X 0 0 0 X 0 0 0 X 0 X 0 0 0 0 0 0 0 0 0 0 0 0 X 0 0 X 0 0 X 0 X 0 X 0 X
X 0 0 0 0 0 0 0 0 X X 0 0 0 X X 0 X 0 0 X X 0 0 0 0 0 0 0 X X 0 0 X 0 X 0 0 0 0 0 0 0 0 0 0 0 X X 0 0 X 0 0 0 0 0 0 0 0 0 X 0 0 0 0 X 0 0 0 0 0 0 0 X 0 0 0 0 0 0 0 0 0 0 0 0 0 0 0 0 X 0 0 0 0 X 0 0 0 0 0 0 0 0 0 0 0 0 0 0 X 0 0 X 0 0 X 0 0 0 0 0 0 0 0 X X 0 X 0 X X X 0 0 0 0 0 X 0 0 0 0 0 0 0 X 0 0 0 0 0 0 0 X 0 0 0 X 0 0 0 0 X 0 X 0 0 0 X X X 0 0 0 0 0 X 0 0 0 X 0 0 0 X 0 0 0 0 0 X 0 X 0 X 0 X X 0 0 0 0 0 X 0 0 0 0 0 0 X X 0 0 X X 0 0 0 0 X 0 0 0 0 X X 0 0 0 0 0 0 0 0 0 0 0 0 0 0 0 X X 0 0 0 X 0 0 0 0 0 0 X X X 0 0 0 X 0 0 0 0 0 X X 0 0 0 0 0 0 0 0 0 0 0 0 0 0 0 0 0 0 0 0 X 0 0 0 0 0 0 0 0 X X 0 X 0 0 0 0 0 0 0 0 0 0 X X 0 0 0 0 0 0 0 X X 0 0 0 0 0 0 0 X X 0 0 0 0 0 0 0 0 0 0 0 0 0 0 0 X 0 0 0 0 0 X 0 0 0 0 0 0 X 0 0 0 0 0 X 0 0 0 0 0 0 X 0 0 0 0 0 0 0 0 0 0 0 0 0 0 X X X 0 0 0 0 0 0 X X
X 0 0 0 X 0 X 0 0 0 0 X X 0 0 0 0 0 0 X 0 0 0 0 0 0 0 X X 0 0 0 0 0 0 0 0 0 0 0 0 0 0 0 0 X X 0 0 0 0 0 0 0 0 X 0 0 0 0 0 X 0 0 0 X X 0 0 0 X 0 0 0 0 0 0 0 X 0 X 0 0 0 0 0 0 0 0 0 0 0 X 0 0 0 0 0 0 0 0 X 0 0 0 X 0 0 0 X 0 0 0 0 0 X X X 0 0 0 0 0 0 0 X 0 0 0 X 0 0 X 0 X 0 X 0 0 0 0 X X 0 0 0 0 0 0 0 0 0 X 0 0 0 0 0 0 X 0 0 0 X 0 0 0 0 0 0 0 X 0 0 0 0 0 X 0 0 X 0 0 0 0 X 0 0 0 0 0 0 0 0 0 0 X 0 X 0 0 0 0 0 X 0 0 0 0 X 0 0 X 0 X 0 0 0 0 X 0 0 0 0 0 0 0 0 0 0 X 0 X 0 0 X 0 X X X 0 0 0 0 0 0 X 0 X X X 0 0 0 0 0 0 0 0 0 0 0 0 0 0 0 0 X X X X 0 0 0 0 0 0 0 X 0 X 0 0 0 0 0 0 X 0 0 0 0 0 0 0 0 0 0 0 0 0 X 0 X 0 0 X 0 0 0 0 0 0 0 0 0 X X 0 0 0 X 0 X 0 X 0 0 0 X 0 X 0 0 0 0 0 0 0 0 X 0 0 X 0 0 0 0 X 0 0 X 0 0 0 X 0 0 0 0 0 X 0 0 0 0 0 X 0 X 0 0 0 X X 0 0 0 0 0 X 0 0 0 0 X 0 0 X 0 0 0 X 0 0 X X 0 0 X
X X 0 X 0 X 0 0 0 0 0 0 X 0 0 0 0 0 0 0 0 X 0 0 0 0 X X 0 0 X 0 0 0 X 0 0 X 0 0 X 0 0 0 X 0 0 X X X 0 X 0 0 0 X 0 0 0 X 0 X 0 0 0 0 X 0 0 0 X X 0 X 0 0 0 0 0 0 0 X 0 0 0 0 X 0 X X 0 0 0 0 0 0 X X 0 X 0 0 0 X 0 0 0 X X 0 0 0 0 0 X 0 0 0 0 0 0 X 0 0 0 0 0 0 0 0 0 0 0 0 0 0 0 0 0 0 0 0 0 X 0 0 0 0 0 0 X 0 0 0 X 0 0 0 0 0 0 0 X 0 0 0 0 0 X 0 0 0 0 0 X X 0 0 0 0 X 0 X 0 0 0 0 X 0 0 0 0 0 0 0 X X X 0 0 0 0 0 X 0 0 0 0 0 0 0 0 0 X 0 0 X 0 X 0 X 0 0 X 0 X 0 0 X 0 0 0 0 0 0 X X 0 0 X 0 0 X 0 0 0 0 X 0 0 0 0 0 0 0 X 0 0 X 0 0 0 0 0 0 0 0 0 0 0 0 0 X X 0 0 0 X X X 0 0 X 0 0 X X 0 0 0 0 X X X 0 0 0 0 0 0 X 0 0 0 X 0 0 0 0 0 X 0 0 0 0 X 0 0 X 0 0 0 0 X 0 0 0 0 0 0 0 0 X 0 0 0 0 X 0 0 0 0 0 0 0 0 0 0 0 0 0 0 X 0 X X 0 X X 0 X 0 0 0 0 0 0 0 0 X 0 0 0 0 0 0 0 0 0 0 X 0 X X 0 0 0 0 0 X 0 0 0 0 X 0 0 0 X X
X X 0 0 0 0 0 X 0 0 0 X 0 X 0 0 0 0 0 0 X 0 0 X 0 0 0 0 0 0 0 0 X 0 0 0 X 0 0 0 0 0 0 0 0 0 X 0 0 0 0 0 0 0 0 0 0 0 X 0 0 0 0 X 0 0 X X 0 0 0 X 0 0 0 0 0 0 0 0 0 0 0 0 0 X 0 X 0 0 0 0 0 0 0 0 0 0 0 X 0 0 0 0 0 0 0 0 X 0 X 0 0 0 X 0 X 0 0 0 0 0 0 X 0 0 0 0 0 0 0 X 0 0 X 0 0 0 0 0 0 0 0 X 0 X X X 0 0 X 0 X 0 0 X 0 0 0 0 0 X 0 0 0 0 0 0 0 0 0 0 0 X 0 0 0 0 0 0 0 X X 0 0 X 0 0 0 0 0 0 0 0 0 0 X 0 0 0 0 0 X X 0 0 0 X 0 X X 0 0 0 0 0 0 X 0 X 0 0 X 0 0 0 0 0 0 X 0 0 0 0 0 0 0 0 0 0 0 0 X 0 0 0 0 0 0 0 0 0 X 0 0 0 0 0 0 0 0 0 0 0 0 0 X 0 0 0 0 0 0 0 0 0 0 X 0 X X 0 0 0 0 X 0 0 0 X 0 0 0 0 0 0 0 0 X 0 0 X 0 0 0 X X 0 X 0 X X 0 0 X 0 0 0 0 0 0 0 0 0 0 0 0 0 0 X X 0 0 X 0 0 X 0 0 0 0 0 0 0 0 0 0 X 0 0 0 0 X 0 0 0 0 0 0 0 0 0 0 0 0 X 0 0 X X X 0 X 0 0 X 0 0 0 0 0 0 X X 0 X X X 0 0 0 0 0 X 0 0 0 X X X
X 0 X 0 0 0 0 X X 0 0 0 0 X 0 0 0 0 0 X 0 0 0 X 0 0 0 0 0 0 0 0 0 0 0 0 0 X X 0 0 0 0 0 X 0 0 0 0 X 0 0 0 0 0 X X 0 X 0 0 0 X 0 0 X 0 0 0 0 0 X 0 0 X X 0 0 0 X 0 0 0 0 X 0 0 0 0 0 0 0 0 0 X X X 0 0 0 0 0 0 0 0 0 0 0 0 0 0 0 X 0 0 0 0 0 X 0 0 0 0 0 0 0 X 0 0 0 X 0 0 0 0 0 X X 0 0 0 0 X 0 0 0 0 0 0 X 0 0 X 0 0 0 X 0 X 0 0 X 0 0 0 0 0 0 X 0 X 0 0 0 0 0 0 0 0 0 0 0 0 0 0 0 0 0 X X X X 0 X X 0 0 0 X 0 0 0 0 0 0 0 0 0 0 0 0 0 0 0 0 0 0 0 0 0 0 X 0 0 0 0 0 0 0 0 0 0 X X 0 X 0 0 0 0 0 0 0 X 0 0 0 0 0 0 X 0 X X X 0 X 0 X 0 X 0 X 0 0 0 0 X 0 X X 0 X 0 0 0 X X 0 X 0 0 0 0 0 0 0 0 0 0 X 0 0 0 X X 0 0 0 X 0 0 X 0 0 0 0 X 0 0 0 0 0 0 X 0 0 0 0 0 X 0 0 0 X 0 X 0 0 X 0 X X X 0 0 0 0 X X 0 0 X 0 X 0 0 X 0 0 X 0 0 0 0 0 0 0 0 0 0 0 X 0 0 0 0 X 0 0 X 0 0 X 0 0 0 0 0 0 0 X 0 0 0 0 X 0 X 0 0 0 0 0 0 0 X 0 0 X
X X 0 0 0 0 0 0 X 0 X X 0 0 0 0 0 0 0 0 0 0 0 0 0 0 0 X 0 X 0 0 0 0 0 0 0 0 0 0 0 0 X 0 0 0 0 0 0 0 0 0 0 0 X 0 0 0 0 0 0 0 0 0 0 0 0 0 0 0 0 0 0 0 0 0 X 0 0 0 0 0 0 0 0 X X 0 0 X X 0 X 0 0 0 0 0 0 0 0 0 0 X 0 0 X 0 0 0 0 X X 0 X 0 X 0 0 0 X 0 0 0 0 0 0 0 0 0 X 0 0 0 0 0 X 0 X 0 0 0 0 X 0 X 0 0 0 0 0 0 0 0 0 0 0 0 0 0 X 0 0 0 X X 0 X 0 0 X 0 0 0 X 0 0 0 0 0 0 0 0 0 0 0 0 0 0 0 0 X 0 0 0 0 X 0 0 0 0 0 X 0 0 0 0 0 X X X 0 0 0 0 X X 0 0 X 0 0 X 0 X 0 0 0 0 0 0 X 0 0 0 0 0 0 X 0 0 X 0 0 0 0 0 X 0 0 0 0 X 0 0 X 0 0 0 0 X 0 0 0 0 X 0 0 0 0 0 0 0 0 0 X 0 X 0 0 0 0 0 0 0 0 0 0 0 0 0 0 0 0 0 0 X 0 0 0 X X X X X 0 0 0 0 0 0 0 0 0 0 X 0 0 0 X 0 0 0 0 X 0 0 X 0 0 0 X 0 0 0 X X 0 0 0 0 0 0 X 0 0 0 X 0 0 0 0 X 0 0 X 0 0 0 0 0 0 0 0 0 0 X X 0 0 0 X 0 0 X 0 0 0 X 0 0 0 0 0 0 0 X X 0 0 0 0 0 X 0 0 X 0 0 X
X 0 0 0 0 X 0 0 X 0 0 0 0 X X 0 0 X 0 0 0 0 0 X 0 0 X 0 0 0 0 0 0 0 0 0 0 0 0 X 0 0 0 0 X 0 0 0 0 0 X 0 0 0 0 X X 0 0 X 0 0 0 X 0 0 0 X 0 0 X 0 0 X 0 0 0 0 0 X 0 0 0 0 0 0 0 0 0 0 0 0 0 0 0 0 0 0 0 0 0 0 0 X 0 0 0 0 0 0 0 0 0 0 0 0 0 0 0 X 0 0 X 0 X 0 0 X 0 0 0 0 0 X 0 0 0 0 0 0 0 0 0 0 X 0 0 0 0 0 0 0 X 0 0 X 0 X 0 0 0 X 0 X X 0 0 0 X 0 0 0 X X 0 0 0 0 0 0 0 0 0 0 0 X 0 0 0 0 0 0 0 0 0 X 0 0 0 0 0 X 0 0 0 0 0 X 0 0 0 0 0 0 0 X 0 X 0 0 0 0 0 X 0 0 0 0 0 0 0 X 0 0 0 0 0 0 0 0 0 0 0 0 0 0 0 0 0 X X 0 0 0 X 0 X 0 0 X 0 0 0 0 0 0 0 X 0 0 0 0 0 X 0 0 X 0 0 0 X 0 0 X 0 0 X 0 0 0 0 0 0 0 X 0 0 0 0 0 0 0 X 0 0 0 0 0 X 0 0 0 X X 0 0 0 0 0 0 0 0 0 0 0 0 0 0 0 0 0 0 0 0 0 0 0 0 0 0 0 0 X 0 0 X 0 X 0 X 0 0 0 0 0 0 0 X 0 0 X X X 0 0 0 0 0 0 0 0 0 0 0 0 0 X 0 0 0 0 0 0 0 0 X 0 0 0 X 0 0 0 0 0 0 0 0 0 X
X 0 X X 0 0 0 0 0 0 0 0 0 0 0 0 0 X 0 0 0 0 0 0 0 X 0 0 0 0 0 0 0 0 0 0 0 X 0 0 0 0 0 0 0 0 X 0 0 0 X X 0 0 0 0 0 0 0 0 0 0 0 0 0 0 0 0 0 0 X 0 0 0 X X 0 0 0 0 0 0 0 0 0 0 X 0 X X 0 X 0 X 0 0 X 0 0 0 0 0 0 0 0 0 X X 0 0 0 0 0 X 0 0 0 0 0 X 0 X 0 0 0 X 0 X 0 X X 0 0 0 0 X 0 0 0 0 0 0 0 0 0 0 0 0 0 0 0 X 0 0 0 X 0 0 0 0 0 X 0 X X 0 0 0 0 0 0 0 X 0 0 0 X 0 0 0 0 X 0 X 0 0 0 0 X 0 0 0 0 0 0 0 0 0 0 0 0 0 X 0 0 0 X 0 0 0 0 X 0 0 X 0 0 0 0 X 0 X 0 X 0 0 0 0 0 0 0 0 0 X X 0 0 X 0 X 0 X 0 0 0 0 0 0 0 0 0 0 0 0 X 0 0 0 0 0 0 0 X 0 0 0 0 0 X 0 0 0 X X 0 0 0 0 0 0 0 0 0 0 0 0 0 X 0 0 0 0 0 0 0 0 0 0 0 0 0 0 0 0 0 0 0 0 0 0 0 X 0 0 0 X 0 0 0 0 0 0 0 0 0 0 0 0 0 0 0 0 0 0 0 X 0 0 0 X X 0 0 0 X 0 0 0 X 0 0 0 0 0 X 0 X X 0 0 0 0 0 X 0 0 0 0 0 0 X X 0 0 0 0 0 0 0 0 0 0 0 0 X X X X 0 0 X X 0 0 0 0 0 0 0 X
X 0 0 0 0 0 0 0 0 X X X 0 X 0 0 0 0 0 0 0 0 X 0 0 0 0 X 0 0 0 0 X 0 X 0 0 0 0 0 0 0 0 X 0 X 0 X 0 0 0 0 0 0 0 0 0 0 0 0 X 0 X 0 0 0 0 0 0 0 0 0 0 X 0 0 X X 0 0 0 0 0 0 0 X 0 0 0 0 0 0 X X 0 0 0 0 0 0 0 0 0 0 0 0 0 X X 0 0 X X 0 X X 0 0 0 0 0 0 0 0 0 0 0 0 0 0 0 0 0 0 0 0 0 0 0 0 X 0 X X 0 0 0 X 0 0 0 0 0 0 0 0 0 0 0 0 0 0 0 0 0 0 0 0 0 X 0 0 0 0 0 X 0 X 0 0 0 0 0 0 0 0 0 0 X 0 X X 0 X X 0 0 X 0 0 X 0 0 0 X X 0 0 0 0 0 0 0 0 X 0 0 X 0 0 X 0 0 0 0 X 0 0 X 0 0 0 0 0 0 0 0 X X 0 0 0 X X 0 0 0 0 0 0 0 0 X 0 0 0 0 0 0 0 0 X 0 0 0 0 0 X 0 0 0 0 0 0 0 0 0 0 0 0 0 0 0 0 0 0 0 X X 0 X X 0 X 0 0 0 0 0 0 0 0 0 0 0 0 0 0 X X 0 0 0 X 0 X 0 0 0 0 0 0 0 0 X 0 0 0 0 X 0 X 0 0 0 0 0 0 0 0 0 0 0 0 0 0 0 0 0 X X X 0 0 0 X 0 0 0 0 0 X 0 0 0 0 0 0 0 0 0 0 0 0 0 X 0 0 0 0 0 0 0 0 0 0 0 0 X X 0 0 X 0 0 0 X X 0 X
X 0 0 0 0 0 0 0 0 0 0 0 X 0 X 0 0 0 0 0 X 0 0 0 0 0 0 0 0 X X 0 0 0 0 X 0 X X 0 0 X 0 0 0 0 0 0 0 0 0 0 0 X 0 X 0 0 0 0 0 0 0 0 X 0 0 0 0 0 X 0 0 X 0 0 0 0 0 0 0 0 0 X 0 0 0 X 0 0 0 0 0 0 0 0 0 0 X 0 0 0 0 0 0 0 0 0 0 0 0 0 0 0 0 0 0 X 0 0 0 0 0 0 0 0 0 0 0 0 0 0 0 X 0 0 X 0 0 0 0 X 0 0 0 0 0 0 0 0 0 0 0 0 0 0 0 0 X X 0 0 0 0 X 0 0 0 X 0 X 0 X X 0 0 0 0 X 0 0 0 X X 0 X 0 0 0 0 0 X 0 X 0 0 0 0 0 0 0 0 0 X 0 0 X 0 0 0 X X 0 0 0 0 0 0 0 0 X 0 0 0 0 X 0 0 0 0 0 0 X 0 0 0 0 0 X X 0 X X 0 0 0 0 0 X 0 0 0 0 0 0 X 0 0 0 0 X 0 0 X 0 0 0 0 0 0 X 0 0 0 0 0 0 0 X 0 0 0 0 0 0 0 0 0 0 0 0 0 0 0 X X X 0 0 0 0 X X 0 0 X 0 0 0 0 X 0 0 0 X 0 0 0 0 0 0 0 X X 0 X 0 0 0 0 0 0 X X 0 0 0 X X X 0 0 0 0 0 0 0 0 0 0 0 X 0 X 0 0 X 0 X 0 0 0 X X 0 0 0 0 0 0 0 0 0 0 X 0 X 0 0 0 X 0 0 0 X X 0 0 0 0 0 0 0 0 0 0 X 0 0 X
X 0 0 X 0 0 0 X X 0 0 0 0 0 0 0 X X 0 0 X 0 0 0 0 X 0 0 0 X 0 0 X 0 0 0 X X 0 0 X X X 0 X 0 0 0 0 0 0 0 0 0 0 0 0 0 0 X 0 0 0 0 0 X 0 0 0 0 0 X X 0 0 0 0 0 0 0 0 0 X 0 X 0 0 0 0 0 0 0 X 0 0 0 0 0 0 X 0 0 0 0 0 0 0 0 0 0 0 0 0 0 0 0 0 0 0 0 0 0 0 X 0 0 0 0 0 0 0 0 0 0 0 0 X 0 0 0 0 0 0 X 0 0 0 0 0 0 0 0 0 X X X 0 0 X 0 X 0 0 0 0 0 X 0 0 0 0 0 0 0 X 0 0 X 0 0 0 X 0 0 0 0 0 0 0 X 0 X 0 X 0 0 0 0 0 0 0 0 X 0 0 0 0 0 X 0 0 0 0 0 X 0 0 X 0 0 X 0 0 0 0 0 0 0 0 0 0 0 0 0 0 0 0 0 0 0 0 0 0 0 0 0 0 0 0 0 X 0 0 X 0 0 0 0 X 0 0 0 X 0 X X 0 0 0 0 0 X 0 0 0 0 0 0 0 0 0 X X 0 0 0 0 0 0 0 0 0 0 X 0 0 0 0 0 X 0 0 0 X X 0 0 0 X 0 0 0 0 X X X X 0 0 X 0 0 0 X 0 0 X 0 0 X X 0 0 0 0 0 X 0 X 0 X 0 0 0 0 0 0 X 0 0 0 0 0 0 X 0 X 0 0 0 0 0 0 0 X 0 0 0 0 0 0 0 0 X X 0 0 X 0 0 0 0 0 0 X 0 0 0 0 0 0 0 0 0 X X 0 0 0 X
X 0 0 0 0 0 X 0 0 0 0 0 0 0 0 X 0 0 0 0 0 0 0 0 0 0 0 0 0 0 0 X 0 0 X 0 0 0 0 X X 0 X 0 0 0 X X 0 X 0 0 0 X 0 0 0 0 0 X X X 0 X 0 0 0 0 0 0 0 0 0 X 0 0 X 0 0 0 0 X 0 0 0 0 0 0 0 X X 0 0 X 0 0 0 X 0 0 0 0 0 X 0 0 0 0 0 0 0 X X X 0 0 0 0 0 0 X 0 X 0 0 X 0 0 0 0 0 X 0 0 0 0 0 0 X 0 0 0 0 X 0 0 0 0 0 0 X 0 X 0 0 0 0 0 0 0 0 0 X 0 0 0 0 0 0 X X X 0 0 0 X 0 X 0 0 0 0 0 0 X 0 0 X 0 0 0 0 0 0 0 X 0 X 0 X X 0 0 0 0 0 0 0 0 X 0 X 0 0 0 0 0 0 0 0 0 0 0 X 0 X 0 0 X 0 0 0 0 X 0 0 0 0 0 0 0 0 X 0 0 0 0 X 0 0 0 0 0 X 0 X 0 0 0 0 0 0 X 0 0 X 0 0 0 0 0 0 0 0 0 0 X 0 X 0 0 0 X 0 X 0 0 X 0 0 X 0 X 0 X X X 0 X X 0 0 0 0 0 0 0 X 0 X 0 X 0 X 0 0 0 0 0 0 0 0 X 0 0 0 0 0 0 X 0 0 X X 0 0 0 0 0 0 0 0 0 0 0 0 0 0 0 0 0 0 0 0 0 X 0 0 X 0 0 0 X X 0 0 0 0 0 X 0 0 0 X 0 0 X X 0 0 0 0 0 0 0 0 0 0 0 0 0 0 0 0 0 0 0 0 0 X
X 0 0 0 0 0 0 0 0 0 0 0 0 0 0 0 0 X 0 0 0 X 0 0 0 0 0 0 X 0 0 0 0 0 0 0 0 X X 0 0 0 X 0 X X 0 0 0 0 0 0 0 X 0 0 0 0 0 0 0 0 0 0 0 0 0 X 0 X 0 X 0 0 0 0 0 0 0 0 0 0 X 0 0 0 0 0 X 0 0 0 0 0 0 X 0 0 0 0 X 0 X 0 0 0 0 X 0 0 0 X 0 0 0 0 0 0 0 X 0 0 0 0 0 0 0 0 0 0 X 0 0 0 0 0 X 0 0 0 0 0 0 0 0 0 X X 0 0 0 X 0 X X 0 0 0 0 X X X 0 0 0 0 X X 0 0 0 X 0 0 X X 0 0 0 0 X 0 0 0 0 X 0 0 X 0 X 0 0 0 0 0 0 0 0 X 0 0 0 0 0 X X X 0 0 0 X X 0 0 0 0 0 0 0 0 0 0 0 0 0 0 X X X 0 0 X X 0 0 0 0 0 0 0 X 0 0 0 0 X 0 0 X 0 0 0 0 X 0 0 0 0 0 0 0 0 0 0 X 0 0 0 0 X 0 X 0 X 0 X 0 0 0 X 0 0 0 0 0 0 0 X X 0 0 0 0 0 0 0 0 0 X 0 X 0 X 0 X 0 0 0 0 0 0 0 0 0 X 0 0 0 0 0 0 0 0 0 X 0 0 0 0 X 0 0 0 0 0 0 0 0 0 0 0 0 0 0 0 0 0 0 0 0 0 0 0 0 0 0 0 0 0 X X 0 X 0 X 0 0 0 0 X 0 0 X 0 X 0 0 X 0 0 0 X X 0 0 0 0 0 0 X 0 0 X X 0 0 0 X X
X 0 0 0 X 0 0 X 0 0 X 0 0 0 X 0 0 0 X 0 0 X 0 0 0 X 0 X 0 0 0 0 0 0 X 0 X 0 X 0 0 0 0 0 0 0 0 X X 0 X 0 X 0 0 0 0 0 0 0 0 0 0 X 0 0 0 0 0 0 0 0 0 0 0 X 0 0 0 0 X 0 X 0 0 0 0 0 X 0 0 0 0 0 0 X 0 0 0 X 0 0 0 0 0 0 0 0 0 0 0 0 0 0 0 0 0 X 0 X 0 0 0 0 X 0 0 0 X 0 0 0 X X X X X X X 0 0 X 0 0 0 0 0 0 0 0 0 X X 0 0 X 0 0 0 X 0 0 0 0 0 0 0 0 0 X 0 0 0 X 0 0 X 0 0 0 0 0 0 0 X 0 0 0 0 X 0 0 0 X X X 0 0 0 0 0 0 0 0 0 0 X 0 X 0 0 0 0 X 0 0 X 0 0 0 0 0 0 0 0 0 0 0 0 0 0 X X 0 X X 0 0 0 0 0 0 0 0 X X 0 0 0 X 0 0 0 0 0 0 0 0 0 0 0 0 0 X 0 0 0 0 0 0 0 X 0 0 X 0 0 0 0 0 0 0 0 X 0 0 0 X X 0 0 0 0 0 0 0 0 0 0 0 0 0 0 X 0 0 0 0 0 0 0 0 0 X 0 0 0 X 0 0 0 0 0 0 0 X 0 0 X 0 0 0 0 0 0 0 0 0 0 0 0 0 0 0 0 X 0 0 0 0 0 0 0 0 0 0 0 0 0 0 X 0 0 0 0 0 0 0 0 0 0 0 0 X 0 0 0 0 X 0 0 0 0 0 0 0 0 0 X 0 X 0 0 0 0 0 X 0 0 X
X 0 0 X 0 X 0 X 0 0 0 0 X 0 0 0 X 0 X 0 X 0 0 X 0 0 0 0 0 0 0 0 0 0 0 0 0 X 0 0 0 0 X 0 0 0 0 X 0 0 0 0 0 0 0 X 0 0 X 0 0 0 0 0 0 0 0 0 0 0 0 0 0 0 0 0 0 X X 0 0 0 0 0 0 0 X 0 X 0 X X 0 0 0 0 0 0 0 X X 0 X 0 X 0 0 0 0 0 0 0 0 0 0 X 0 0 0 0 0 0 0 0 0 0 0 0 0 0 0 X X 0 0 0 0 0 0 X 0 0 X 0 0 0 X X X 0 0 0 0 0 0 0 0 X 0 X X 0 0 0 0 0 0 0 0 0 0 X 0 X 0 0 X 0 0 0 0 0 0 0 X 0 0 0 0 0 0 0 0 X 0 X X X 0 0 0 X X 0 0 0 X 0 0 X 0 X X 0 0 0 0 0 0 0 0 0 0 0 0 X 0 0 0 X 0 0 0 0 0 0 0 X 0 0 0 0 X X 0 0 0 0 X 0 0 0 0 0 X X 0 0 0 0 0 0 0 0 0 0 X X 0 X X 0 0 0 0 0 0 0 0 0 0 0 0 0 0 0 0 0 X 0 0 0 X 0 0 0 0 X 0 0 0 X 0 X 0 0 X 0 X 0 X 0 0 0 X 0 0 0 0 0 0 0 X 0 0 0 0 0 0 0 0 0 0 X 0 0 0 0 0 0 0 0 0 0 0 0 X X 0 0 X 0 0 0 0 0 0 0 0 0 X 0 X 0 0 0 0 X 0 0 0 0 0 0 0 0 0 0 0 0 0 X X 0 0 0 0 0 0 0 0 0 0 0 0 0 X 0 X X
X X 0 0 0 X 0 X X 0 X 0 0 0 0 0 0 0 0 0 0 X 0 0 0 0 0 0 0 X X 0 0 0 0 0 0 X 0 0 0 X 0 0 0 X 0 0 0 X 0 X 0 X 0 0 0 0 0 X 0 0 X X X 0 0 0 0 0 0 0 0 0 X 0 0 0 X X 0 0 0 X X 0 0 0 0 0 0 0 0 0 X X 0 0 0 0 0 0 0 X 0 X 0 0 0 0 0 0 X 0 0 0 X 0 0 0 0 0 X X X 0 0 X X X 0 0 X 0 X 0 0 X 0 X 0 X 0 X X 0 0 X 0 0 0 0 0 0 0 0 0 0 0 X X 0 0 0 0 0 X 0 0 0 0 0 X 0 X 0 0 X 0 0 0 X 0 0 0 0 0 0 0 0 X X 0 0 0 0 0 0 0 0 0 0 0 0 X 0 0 X 0 X 0 X 0 0 0 0 0 X 0 0 0 0 0 0 0 0 0 X 0 0 0 0 X 0 0 X 0 X 0 0 0 X 0 X 0 X 0 0 0 0 X X 0 X 0 0 0 0 0 0 0 0 0 0 0 0 0 0 X 0 0 X 0 0 0 0 0 0 0 0 0 0 0 0 0 X 0 0 0 0 0 0 0 0 0 0 0 0 X 0 X X 0 0 0 0 X 0 0 0 0 0 0 0 0 0 0 X X X 0 0 0 0 0 0 0 0 0 0 X 0 X 0 0 0 X 0 0 X X X 0 0 0 0 0 0 0 0 0 0 0 X 0 0 0 0 0 0 0 0 0 0 0 0 0 0 0 0 0 X 0 0 0 0 0 0 0 0 X 0 X X 0 0 0 0 0 X X X 0 X X X 0 0 X X
X 0 0 0 0 0 0 0 0 0 0 0 0 0 0 X 0 0 0 X 0 0 X 0 0 0 0 X 0 0 0 0 0 X 0 0 0 0 0 0 0 0 X 0 0 0 0 0 0 0 0 0 0 0 0 0 0 0 X X 0 0 0 X X 0 0 0 0 0 0 0 X X X 0 0 X 0 X 0 0 0 0 0 0 0 X 0 0 0 0 X 0 X 0 0 0 0 0 0 0 0 0 0 0 X 0 0 0 0 0 0 X X 0 0 0 0 0 0 0 0 X X 0 0 0 0 0 X 0 X 0 0 0 0 0 X 0 0 X X 0 0 0 X 0 0 0 X X X X 0 0 X 0 0 0 0 0 X 0 0 0 0 0 0 0 X 0 X 0 0 0 0 X X 0 0 0 0 0 0 0 X 0 0 0 0 0 X 0 0 0 0 0 0 0 0 0 0 0 0 0 0 0 0 0 0 0 X 0 0 0 0 0 0 0 X X X 0 0 X 0 0 0 0 0 0 X 0 X 0 0 0 X 0 0 0 X 0 X 0 0 0 0 0 0 0 0 0 X 0 0 X 0 X X 0 0 0 0 0 X X X 0 0 0 X 0 0 0 0 0 0 X 0 X X 0 0 X X 0 0 0 0 0 X 0 0 0 0 0 0 X 0 0 0 X 0 0 0 X 0 X 0 0 0 0 X X 0 0 0 0 0 X 0 0 0 0 0 X 0 0 0 0 0 0 X 0 X 0 0 0 0 0 0 0 0 0 X X 0 0 0 0 0 0 0 0 X 0 0 0 0 0 0 0 0 0 0 0 X 0 0 0 0 0 X 0 0 X 0 0 0 0 X X 0 0 0 0 0 0 0 X 0 0 0 0 0 0 0 X
X 0 X 0 0 0 0 0 X X X 0 0 0 0 0 0 X 0 0 X 0 0 0 0 0 0 0 0 X 0 X 0 X X 0 0 0 0 X 0 0 X 0 0 0 0 0 0 0 0 0 X 0 0 X 0 0 0 0 X 0 0 0 0 0 0 X 0 0 0 0 0 0 X 0 X X 0 X 0 0 0 0 0 X 0 0 0 X 0 X 0 0 X X 0 0 0 0 X 0 X 0 0 X 0 0 X X 0 0 0 0 0 0 0 0 0 0 0 X 0 X 0 0 X 0 X 0 X 0 0 0 0 0 0 0 0 X 0 X 0 0 0 X 0 0 X X 0 0 0 0 0 X 0 0 X 0 0 X 0 0 0 X X 0 0 0 0 0 0 0 0 0 X 0 0 0 0 0 0 X 0 0 0 X 0 0 0 X X 0 0 0 X 0 0 0 0 X 0 0 X 0 X 0 X 0 0 0 0 X 0 0 0 0 0 X X X 0 0 0 X 0 0 X 0 0 0 X 0 0 0 0 0 0 0 0 0 0 0 0 0 0 0 0 0 0 0 0 0 0 0 0 0 0 0 0 0 0 0 0 0 0 0 0 0 X 0 0 0 X 0 0 0 0 0 X X X 0 0 0 0 0 0 0 0 0 0 0 0 0 0 X 0 X 0 X X 0 0 0 X 0 0 0 0 0 0 0 0 X 0 0 0 0 0 0 X 0 0 0 X 0 0 0 0 0 0 0 X 0 0 0 X 0 0 0 0 0 X 0 X X 0 0 0 0 0 0 0 0 0 0 0 X 0 0 0 0 0 0 0 0 0 0 0 0 0 0 0 0 0 0 X X 0 0 0 0 0 0 0 0 X 0 X 0 0 0 0 0 X 0 0 X
X 0 0 0 0 0 0 0 0 0 X X X 0 0 0 0 0 0 X 0 0 0 0 0 0 0 0 0 0 0 0 X X 0 X 0 0 X 0 X 0 X 0 X 0 0 0 0 X 0 X 0 0 0 0 0 0 X 0 0 0 0 X 0 X 0 X 0 0 0 X 0 0 0 0 0 0 0 0 0 0 X 0 0 0 0 0 0 0 0 X X 0 X 0 0 0 0 X 0 0 0 0 0 0 0 0 0 0 X 0 X 0 0 0 0 0 0 0 0 0 0 0 X 0 0 0 0 0 X 0 0 X X 0 0 0 0 0 0 X 0 0 0 0 0 0 0 0 X 0 X 0 0 X 0 0 0 0 0 0 X 0 0 0 0 X 0 0 0 0 0 X 0 0 0 0 0 0 0 0 0 0 X X 0 0 X 0 0 0 0 0 0 0 0 0 0 0 0 0 X X 0 0 0 0 0 0 0 0 0 0 X 0 0 0 X 0 0 0 0 0 0 X X 0 0 0 X 0 0 0 0 0 0 0 0 0 0 0 0 0 0 0 0 0 X X 0 0 0 X 0 0 0 0 0 0 0 0 0 0 0 0 0 0 0 0 0 0 0 X 0 0 0 0 0 X 0 X 0 0 0 0 0 0 0 0 X X 0 0 0 0 X X 0 0 X 0 0 0 X X 0 0 0 0 0 0 0 0 0 X 0 0 0 0 0 0 0 0 0 0 X X X 0 0 X X 0 X 0 0 0 0 0 0 0 X X 0 0 X 0 0 0 0 0 0 X 0 0 0 0 0 0 0 0 0 0 0 0 0 0 X 0 X 0 0 0 0 X 0 0 0 0 0 0 X 0 0 0 0 0 0 0 0 0 0 0 0 0 0 X 0 X
X 0 0 0 0 X 0 0 0 0 0 X 0 X 0 0 0 0 0 0 X 0 0 X 0 0 X 0 X 0 0 0 0 0 0 X X 0 X 0 0 0 0 0 X 0 0 0 X 0 0 0 0 X 0 X 0 0 0 0 0 0 X 0 X 0 X 0 0 0 0 0 0 0 0 0 X X 0 X 0 0 0 0 0 0 0 X 0 0 0 0 X X 0 0 X 0 0 0 0 0 X 0 0 0 0 0 X X 0 0 0 0 0 0 0 X 0 0 0 0 0 0 0 0 0 0 0 0 0 0 X X 0 0 0 0 0 0 0 0 0 0 0 X 0 0 0 X 0 X 0 X 0 0 0 0 0 0 X X 0 0 X 0 0 0 0 0 0 0 0 0 0 0 X 0 0 0 0 0 0 0 0 0 0 X X X 0 0 0 0 0 0 0 0 X 0 0 0 X X 0 0 0 0 0 0 0 X X 0 0 0 X 0 0 0 0 0 0 0 0 0 0 0 0 0 X 0 0 0 0 0 X 0 X 0 0 0 0 0 0 0 0 0 0 X 0 X 0 0 0 0 0 0 0 0 0 0 0 0 0 0 0 0 0 X X X 0 0 0 0 0 0 X 0 X X X 0 0 0 0 0 0 0 0 0 0 0 X 0 0 X 0 0 0 0 0 0 X 0 0 0 0 X 0 0 0 X 0 X 0 X 0 0 0 X 0 0 0 X 0 X X 0 0 X 0 0 X 0 0 X 0 0 0 0 0 0 0 0 0 0 0 0 0 0 0 0 0 0 0 X 0 0 0 0 0 0 0 0 X 0 0 0 0 0 0 0 0 0 0 0 0 0 0 0 X 0 X 0 0 0 X X X 0 0 0 0 0 X 0 0 X
X 0 X 0 0 0 0 X X X 0 0 X X 0 0 0 0 X 0 0 0 0 0 X X X 0 0 0 X 0 0 X 0 X 0 0 0 0 X 0 X 0 X 0 X 0 0 0 0 0 0 0 X 0 X X 0 0 0 0 0 0 0 X 0 0 0 X X 0 0 X X 0 0 0 X 0 X 0 0 X 0 0 X 0 0 0 0 0 0 0 0 0 0 0 0 0 0 X 0 0 0 X 0 0 0 0 0 0 0 0 0 0 0 0 X 0 0 0 0 X 0 0 0 X 0 X 0 0 X 0 0 X 0 0 0 0 0 0 X X 0 0 0 0 0 0 0 0 0 0 0 0 0 0 0 X 0 0 0 0 0 0 0 0 0 0 0 0 0 0 0 0 0 0 0 0 0 0 0 0 0 X 0 X 0 0 0 0 0 0 0 0 0 0 0 0 0 0 0 0 0 0 0 0 X 0 0 X 0 0 0 0 0 0 X X 0 X 0 0 X 0 0 0 0 0 0 0 0 0 0 0 0 0 0 0 0 X 0 0 0 0 0 0 0 0 X 0 0 0 0 0 0 0 0 0 0 X 0 0 0 0 0 0 0 0 0 0 0 X 0 0 0 0 0 0 0 0 0 0 X X 0 0 0 X 0 0 0 0 0 0 X 0 0 0 0 0 0 0 0 0 0 0 X 0 X 0 0 0 0 0 X 0 X X X X X X X 0 0 X 0 0 0 0 X 0 0 0 0 X 0 0 0 0 0 0 0 0 0 X 0 0 0 X X 0 0 0 X 0 X X 0 0 0 X 0 0 0 0 0 X 0 0 0 0 0 0 0 0 X X 0 0 0 X X X 0 0 X 0 0 0 0 0 X X 0 0 0 X
X 0 0 0 0 0 0 0 0 X 0 0 0 0 0 0 0 0 0 0 0 0 0 0 0 0 0 0 0 0 0 0 X 0 0 0 0 X 0 0 0 0 0 0 0 0 0 0 0 0 0 0 0 0 0 0 0 0 0 0 0 0 0 0 0 0 X 0 X 0 0 0 0 0 0 0 0 X 0 0 0 0 0 X 0 0 0 0 0 X 0 0 0 0 X 0 0 0 X 0 0 0 0 0 0 0 0 X 0 X 0 0 0 0 0 X 0 X X X 0 X 0 X 0 X 0 X 0 0 X 0 0 X 0 0 0 0 0 0 X 0 X 0 0 0 0 0 0 0 0 0 0 X 0 0 0 0 0 0 0 0 0 0 X 0 0 0 0 0 X 0 0 0 0 0 0 0 0 X 0 0 0 0 0 0 0 0 0 0 0 0 0 0 0 0 0 0 X X 0 0 0 0 0 0 0 0 0 0 0 X 0 0 0 0 0 0 0 0 0 X X X 0 X 0 0 0 X X 0 0 0 0 0 X 0 0 0 0 0 0 0 0 0 0 0 0 0 0 0 0 X 0 0 0 0 X 0 0 0 0 0 X 0 0 0 0 X X X 0 0 0 0 0 0 X 0 0 0 0 0 X 0 0 0 0 0 0 0 0 0 0 X X 0 X 0 0 0 0 0 0 0 0 X 0 0 0 0 0 0 0 X 0 0 X 0 0 0 0 X X 0 0 X 0 X X 0 0 0 0 0 0 X 0 0 X 0 0 0 0 0 0 0 0 0 0 X X 0 0 0 0 0 0 0 0 0 0 0 X 0 0 0 0 0 0 X 0 0 0 0 0 0 0 X 0 0 0 X 0 X 0 0 0 X 0 0 0 0 X 0 0 X 0 X
X X 0 0 0 0 0 0 0 0 0 0 X 0 X 0 0 0 0 0 0 0 0 0 0 0 X 0 X 0 X 0 X 0 0 0 0 0 0 0 0 0 X 0 0 0 0 0 0 0 0 X 0 X 0 0 X 0 0 0 0 0 0 0 0 X 0 0 0 X X 0 0 0 0 0 0 0 0 0 0 0 0 0 0 X 0 0 X 0 0 0 0 0 X 0 0 0 X X 0 0 0 0 0 0 0 X 0 X 0 X X 0 X 0 0 0 0 0 0 X 0 0 0 0 0 X 0 0 0 X 0 0 X X 0 0 0 0 0 0 0 0 0 0 0 0 0 0 0 X 0 0 0 0 X 0 X 0 0 0 0 0 0 0 0 0 X X X X X 0 0 0 0 0 0 0 0 0 0 X 0 X 0 0 0 0 0 X 0 0 0 0 X 0 X X 0 X 0 0 0 0 0 0 X 0 0 0 X 0 X 0 0 0 X 0 0 0 0 0 0 0 X 0 0 0 0 X X 0 0 X X 0 0 0 0 0 0 0 0 0 0 X 0 0 0 0 0 0 0 0 0 0 X 0 X 0 0 0 0 0 0 0 X 0 0 0 0 0 X 0 0 0 0 0 0 0 X X 0 0 0 0 0 X 0 0 0 X 0 0 0 0 0 X 0 X 0 0 0 0 0 X X 0 0 0 0 0 0 0 X 0 0 0 0 0 0 0 0 0 0 0 0 0 0 0 0 0 0 0 0 0 X 0 0 0 0 0 0 X 0 0 0 0 0 0 0 0 0 0 0 X 0 X 0 0 0 0 0 X 0 X 0 0 0 0 0 0 X 0 X 0 0 X 0 0 0 0 0 0 0 0 0 0 0 0 0 0 0 X X 0 0 X
X 0 X 0 X 0 0 0 0 0 0 0 0 0 X 0 X X 0 0 0 X 0 0 0 0 X 0 0 0 X 0 0 0 0 0 0 0 0 0 0 0 0 0 X 0 0 0 0 X 0 0 0 X 0 0 0 X X 0 0 0 0 0 0 0 0 0 0 X 0 0 X X 0 0 X 0 0 0 0 X 0 0 0 0 0 0 X X 0 X 0 0 0 0 0 0 0 0 X 0 0 0 0 0 0 0 0 0 0 0 0 X X X 0 0 0 0 X X 0 0 X 0 X 0 0 0 X X X 0 0 0 0 X 0 X X 0 0 0 0 X 0 0 0 0 0 0 0 0 0 X 0 0 0 0 X 0 0 X X X X X 0 0 0 X X 0 0 0 0 0 0 0 0 0 0 0 0 X 0 0 X X 0 0 0 0 0 0 0 0 X 0 X 0 0 0 0 0 X 0 0 0 0 X X 0 0 0 0 0 0 0 0 0 X 0 0 0 0 0 0 0 0 X 0 0 X X 0 0 0 X 0 X 0 0 0 X 0 X 0 X 0 0 0 0 0 0 X 0 0 X 0 X 0 0 0 0 0 0 0 0 0 0 0 0 0 0 0 0 X 0 0 0 0 0 0 X 0 0 X 0 X 0 0 0 X 0 0 X X 0 X 0 0 0 0 0 0 0 0 0 0 X X X 0 0 0 X X 0 0 0 0 0 0 X 0 0 X X X 0 X 0 X X 0 0 0 0 X 0 X 0 0 0 X 0 X X 0 X X X 0 X 0 0 0 0 X 0 0 0 0 0 0 X X 0 X 0 0 0 X 0 0 0 0 0 0 0 0 0 0 X X 0 0 X 0 0 0 X 0 0 0 0 0 X
X 0 X 0 X X 0 X 0 X 0 0 0 0 X 0 0 0 0 X 0 0 0 X 0 0 0 0 0 0 X 0 0 0 0 0 X 0 0 0 0 0 0 0 0 0 0 0 0 0 X 0 0 0 0 0 0 0 0 0 0 0 0 0 0 0 0 0 0 0 0 0 0 X 0 0 0 0 0 0 X 0 0 0 0 0 X 0 0 0 0 0 0 0 0 0 0 X X 0 0 0 X 0 0 0 0 0 0 0 0 X 0 0 0 0 0 0 0 0 0 0 0 0 X X X 0 0 X 0 0 0 X 0 X X 0 0 0 0 0 0 0 0 0 0 0 0 0 0 0 0 0 0 0 0 0 0 0 0 X X 0 0 0 0 0 0 0 0 0 0 0 0 0 0 0 0 0 0 0 0 0 0 0 X 0 0 0 0 0 0 0 0 0 0 0 0 0 0 0 X 0 0 0 0 0 0 0 X 0 0 0 X 0 0 0 0 0 0 0 0 0 0 0 0 0 0 0 0 0 X X X 0 X 0 0 0 0 X 0 0 X 0 0 0 0 0 0 0 0 X 0 0 0 0 X 0 0 0 0 0 0 0 0 0 X 0 0 0 0 0 0 0 X X 0 0 0 0 0 X 0 0 X 0 0 X X 0 0 0 0 0 0 0 0 0 0 X 0 0 0 0 X 0 0 0 0 0 0 0 0 0 0 X 0 0 0 0 X 0 X 0 X 0 0 0 0 0 0 0 0 0 0 X 0 0 0 0 0 0 X X 0 X 0 0 0 X 0 0 0 0 X 0 0 X X 0 0 X 0 0 0 X 0 X 0 0 0 0 0 X X 0 0 0 0 0 0 0 0 X 0 X 0 0 X 0 0 0 0 X 0 0 0 X
X 0 0 X 0 0 0 0 X 0 0 X 0 0 0 0 0 0 X 0 X X 0 0 0 0 0 0 X 0 0 0 0 0 0 0 X X 0 0 0 0 0 X 0 0 0 X 0 0 0 0 0 0 0 0 0 X X 0 0 X 0 X X 0 0 0 X 0 0 0 0 0 0 0 X X 0 0 0 0 X 0 0 0 X X 0 0 0 0 0 0 0 0 X X 0 0 0 0 X 0 0 0 0 0 X X 0 0 X 0 0 X 0 0 0 0 0 0 0 0 0 X 0 X 0 0 0 0 X 0 X X 0 0 X 0 X X 0 X 0 0 0 0 0 0 0 X 0 0 X 0 0 0 0 0 0 0 0 0 0 0 0 0 0 0 0 0 0 0 0 0 0 0 0 0 0 0 0 0 X 0 X 0 0 0 0 0 0 X X 0 0 0 0 0 0 X X 0 0 0 0 X 0 0 0 X 0 0 0 0 0 X 0 0 0 X 0 0 0 0 X 0 0 X 0 0 0 0 0 0 X 0 0 0 0 0 0 0 X 0 0 X X 0 0 0 0 0 0 0 0 0 0 0 X 0 0 0 0 0 0 0 X X 0 0 0 0 0 0 0 X 0 0 0 0 0 0 X 0 0 0 0 0 0 X 0 0 0 0 0 0 0 0 X X 0 X X 0 X 0 X X 0 0 X 0 0 0 0 0 0 0 0 0 X 0 0 X 0 X X 0 0 0 0 0 0 0 0 0 X X 0 0 0 0 0 0 0 X 0 0 0 0 0 0 0 0 X X 0 0 0 0 0 0 0 0 0 0 0 0 0 0 0 0 X 0 0 0 0 0 X 0 0 0 0 0 0 X 0 X 0 0 0 0 0 0 0 0 0 X
X 0 0 0 0 0 X X 0 0 0 0 X 0 0 0 0 0 0 X 0 X X 0 0 X 0 0 0 0 0 0 0 0 0 X 0 X 0 X 0 X 0 X 0 0 0 0 X X X 0 0 0 0 0 0 0 0 0 0 X 0 X 0 0 0 X 0 0 0 0 0 0 0 0 0 0 0 0 0 0 0 0 0 X 0 0 0 0 X 0 X 0 0 0 0 0 0 X 0 0 0 0 X 0 0 0 0 0 0 0 X 0 0 0 0 0 0 0 0 0 X 0 0 0 0 0 0 0 0 0 0 0 0 0 0 0 0 0 X 0 X 0 X 0 X 0 0 0 0 0 0 0 0 0 0 0 0 0 0 X 0 0 0 0 0 0 0 0 0 0 0 0 X 0 0 0 0 0 0 0 X 0 0 0 0 X X 0 0 X 0 0 0 X 0 0 0 0 0 0 X 0 0 0 0 0 X 0 0 0 0 0 0 0 X 0 0 0 0 0 0 0 0 0 0 X 0 X 0 0 X X 0 0 0 0 0 X 0 0 0 0 0 X 0 0 0 0 0 0 0 0 0 0 0 0 0 X 0 0 0 0 0 0 0 X 0 0 0 0 0 0 X 0 0 0 X 0 0 0 0 0 0 0 X 0 0 0 0 0 0 X 0 0 X 0 0 0 0 0 0 X 0 0 0 0 0 0 0 0 X 0 0 X 0 0 0 0 0 0 0 0 0 0 0 0 X 0 0 0 0 X 0 X 0 0 0 X X 0 0 0 0 0 0 0 X 0 0 0 X 0 0 0 0 0 X 0 0 0 0 X 0 0 0 0 0 0 0 X 0 0 0 0 0 0 0 X 0 0 0 0 0 0 0 0 X 0 0 0 X X 0 0 0 0 0 X
X 0 0 0 0 0 0 0 X 0 0 0 0 X 0 0 0 X 0 0 0 0 0 0 0 0 0 0 0 0 0 0 X X X X 0 0 0 0 0 0 0 0 0 0 X X 0 X 0 0 0 0 X 0 0 0 0 0 0 0 0 0 0 0 0 0 0 0 0 0 X 0 0 0 0 X X 0 0 0 0 0 0 X 0 X X 0 X 0 0 0 X 0 0 0 0 0 X X X 0 X X 0 0 0 0 X X 0 0 X X 0 0 0 0 0 0 0 X 0 X 0 0 0 0 0 X X 0 0 0 X 0 0 0 0 0 0 0 X 0 0 0 0 0 0 0 0 0 0 X X 0 0 0 0 0 0 0 0 0 0 0 0 0 X 0 0 0 0 0 X 0 0 0 0 0 0 0 X X X 0 0 0 0 X 0 0 0 0 X 0 X 0 0 0 0 0 0 0 0 0 X 0 X 0 0 0 0 0 0 0 0 0 0 0 0 X 0 0 0 X 0 X 0 0 0 X 0 X 0 0 X 0 0 X 0 X 0 X 0 0 0 0 0 0 0 0 0 0 0 0 0 0 0 0 0 0 X 0 0 X 0 0 0 0 0 0 0 0 0 0 0 X 0 X 0 X 0 0 0 0 0 X 0 0 0 0 0 0 0 0 0 X X X 0 0 0 0 0 0 X X 0 0 X 0 0 0 0 0 0 0 0 0 0 0 0 X 0 0 X 0 0 0 0 X 0 X 0 0 0 X 0 0 0 0 0 X 0 0 0 0 0 0 0 0 X X 0 0 0 X 0 X 0 X X X 0 0 X X X 0 0 X X X 0 0 0 0 0 0 X 0 0 0 0 0 0 0 X 0 0 X 0 0 0 0 0 X
X 0 X 0 0 X 0 0 0 0 0 0 0 0 0 X X 0 X 0 0 0 X 0 X 0 0 0 0 0 0 0 0 0 X 0 0 0 0 X X X X 0 X 0 0 X 0 0 0 0 X 0 0 0 0 0 0 0 0 0 0 0 0 X 0 X 0 0 X X 0 X 0 0 X 0 0 0 0 0 0 0 0 0 0 0 0 0 0 0 0 0 X X 0 X 0 0 0 0 0 X 0 0 0 0 0 0 0 0 0 0 0 X X X 0 X X 0 0 X X 0 0 0 X X X 0 0 0 0 X 0 X 0 X 0 0 0 0 X 0 0 0 X 0 0 0 0 X 0 0 0 0 0 0 X 0 0 0 X 0 0 0 0 0 X 0 0 0 X 0 0 0 X 0 X 0 X 0 0 0 0 0 X 0 0 0 0 0 0 0 0 0 0 0 0 0 X 0 0 0 0 X 0 0 X 0 0 X 0 0 0 X 0 X 0 0 0 0 0 0 X 0 0 0 0 0 0 0 X 0 0 X 0 0 0 0 0 0 0 0 0 0 0 0 0 X 0 0 0 0 0 0 X X 0 0 0 X 0 0 X 0 X X X X X X 0 0 X 0 0 0 0 0 0 0 X 0 0 X X 0 0 0 0 0 0 0 0 X 0 0 X 0 X X 0 0 0 0 0 0 0 0 0 0 X X 0 0 0 0 0 0 X 0 X X 0 0 0 0 X 0 0 0 0 0 X 0 0 0 X X 0 0 0 X 0 0 0 X 0 0 X 0 X 0 X 0 0 0 0 0 X X 0 0 X 0 0 0 0 0 0 0 X 0 0 0 0 0 0 X 0 X 0 0 0 X X 0 0 X 0 0 X X X 0 0 X
X 0 0 X 0 0 0 0 0 0 0 0 X 0 0 X X X 0 0 0 X 0 X 0 X 0 0 X 0 0 0 X 0 0 0 X 0 X 0 0 0 0 X X 0 0 0 0 0 X 0 X X 0 X 0 0 0 0 0 0 X 0 0 X 0 0 0 0 X 0 X 0 X X X X 0 X X 0 0 0 0 0 X 0 0 X 0 0 X 0 X X 0 0 0 X 0 0 0 0 0 X 0 0 X 0 0 0 0 X 0 0 0 0 0 0 0 0 X 0 X X 0 0 0 0 0 X 0 0 0 0 0 0 0 0 0 0 X 0 0 0 X X 0 0 0 0 0 0 0 0 0 0 X 0 0 0 0 0 X 0 0 0 0 0 0 0 0 0 X X 0 0 X X 0 X 0 0 0 0 0 0 0 X 0 0 0 0 0 0 X 0 0 0 0 X X 0 0 0 0 0 0 0 0 0 X 0 X 0 0 0 0 X 0 0 0 0 0 0 0 0 0 0 0 0 X 0 0 0 0 0 X 0 X 0 0 0 0 0 0 0 0 0 0 X 0 0 0 X X X 0 0 0 0 0 0 X 0 0 X 0 0 0 0 0 0 X 0 0 0 0 0 0 0 X X 0 0 0 X 0 0 0 X 0 0 X X 0 X X 0 X 0 X 0 0 0 0 0 X 0 X 0 0 X 0 0 0 X 0 0 0 X 0 0 0 X 0 0 0 0 0 0 0 0 0 X 0 0 0 0 0 0 0 0 0 0 0 0 0 0 0 0 0 0 0 X 0 0 0 0 0 X 0 0 0 0 0 0 0 0 0 0 X 0 X 0 0 X 0 0 0 0 X 0 0 0 0 0 0 0 X 0 X 0 0 X 0 0 0 X
X 0 0 0 X 0 0 0 0 0 0 X 0 0 0 0 X 0 0 0 0 X 0 0 0 0 0 0 0 0 0 X 0 0 0 0 0 0 0 0 X 0 X 0 0 0 0 0 0 0 0 0 0 0 0 0 0 X X 0 0 0 0 0 0 X 0 0 X 0 0 0 0 0 0 0 0 0 0 0 0 0 X X 0 0 0 0 X X 0 0 0 0 0 X X 0 0 X 0 0 X X 0 0 X 0 0 X X 0 0 0 0 0 X 0 0 0 0 0 0 0 0 0 0 0 0 0 0 0 0 0 X 0 0 0 0 X X 0 0 0 0 0 0 X 0 0 0 0 0 0 0 0 0 0 0 0 0 X 0 0 0 X 0 X 0 0 0 0 0 0 X 0 0 0 0 0 0 X 0 0 0 0 0 X X 0 X 0 0 X 0 0 0 0 0 0 X X X 0 0 0 0 0 0 0 0 0 0 0 0 0 0 0 0 0 X 0 0 X 0 0 0 0 X 0 0 0 0 0 0 0 0 X X X 0 0 0 0 0 0 0 X 0 X 0 0 X 0 0 0 0 0 0 0 0 0 0 X 0 0 0 0 0 0 X 0 0 0 0 X 0 0 0 0 0 0 0 X X X 0 0 0 0 0 X 0 0 X 0 X X 0 0 0 0 0 0 X X 0 0 X 0 0 0 0 X X 0 X X 0 0 0 X X X 0 0 X X 0 0 X 0 X 0 0 0 X 0 0 0 0 0 0 0 0 0 0 0 0 X 0 0 0 0 0 X 0 0 0 0 X 0 X 0 0 0 X 0 0 X 0 0 0 0 0 0 X 0 0 X X 0 0 0 0 0 0 0 0 X 0 0 0 0 0 0 0 0 0 X
X 0 0 0 0 0 0 X 0 0 X X 0 0 0 0 0 0 X 0 0 X 0 0 X 0 0 X 0 0 0 X 0 0 X 0 0 0 0 0 0 X 0 0 0 X X 0 X 0 0 0 0 0 0 0 0 0 0 0 0 0 0 0 0 0 0 0 X X 0 X 0 0 0 0 0 X 0 X 0 X X 0 0 0 0 0 X X 0 0 0 0 0 0 0 0 0 0 0 0 0 0 X X 0 0 0 0 X 0 X X 0 0 0 0 0 0 0 0 0 X X 0 X 0 0 0 0 0 X 0 X 0 X X 0 X 0 0 0 X 0 X 0 X 0 0 0 0 0 0 0 0 0 0 0 0 0 0 0 X 0 X 0 0 X 0 0 0 0 0 X 0 0 0 0 X 0 0 X 0 0 0 0 0 0 0 0 0 0 0 0 0 0 0 0 0 0 0 0 0 0 0 0 0 0 0 0 0 X 0 0 0 0 0 0 0 0 0 0 0 0 X 0 0 0 0 0 X 0 X 0 0 0 0 0 0 0 0 0 0 0 0 X 0 0 0 0 0 X X 0 0 X 0 0 0 0 0 0 0 0 X 0 0 0 0 0 0 X X 0 X 0 0 0 0 X 0 0 X 0 X X 0 0 X 0 0 0 0 X X 0 0 0 0 X X 0 0 0 0 0 0 0 0 0 0 0 0 0 0 0 0 0 0 0 0 X 0 0 0 0 0 X 0 0 0 X 0 0 0 0 0 0 0 0 0 0 0 0 X 0 0 0 X 0 0 X 0 0 0 0 0 0 X X 0 0 X 0 0 X 0 X 0 0 0 0 0 0 0 0 X 0 0 0 X X 0 0 X 0 0 X 0 0 0 0 0 X X 0 0 0 X
X 0 X 0 0 0 X 0 0 X 0 0 0 0 0 X 0 X 0 0 0 0 0 X 0 0 0 X 0 X 0 0 X 0 0 0 X 0 0 0 0 0 0 0 X 0 0 0 0 0 X 0 0 0 0 0 X 0 X 0 0 0 0 X X 0 0 X 0 X 0 0 0 X 0 0 0 X 0 0 X 0 X 0 0 0 0 0 0 0 0 X 0 0 0 0 0 0 0 0 0 0 0 0 0 0 0 0 0 0 X 0 X 0 X X 0 0 X X 0 X X X 0 X X 0 0 0 0 X X X 0 0 0 0 X 0 0 X 0 X X 0 X 0 0 0 0 0 0 0 X 0 0 0 0 0 0 0 0 0 X 0 0 X 0 0 X 0 X 0 0 X X 0 X 0 0 0 0 0 0 X 0 X 0 0 0 0 0 0 X X X X 0 0 X X 0 0 0 0 X 0 0 X 0 0 0 0 0 X 0 0 0 X 0 X 0 0 0 X 0 0 0 0 X 0 0 X 0 0 0 0 0 0 0 X 0 0 0 X 0 0 0 0 0 0 0 X X 0 0 X 0 0 X 0 X 0 0 0 0 0 0 0 0 0 0 0 0 0 X 0 0 0 0 0 0 0 0 0 X 0 X 0 0 0 0 0 X 0 X 0 0 0 0 0 0 0 0 0 0 0 0 X 0 X 0 0 0 X 0 0 X 0 0 0 0 0 0 0 0 0 0 0 0 0 X 0 0 X 0 0 0 0 0 0 X 0 0 0 0 0 0 X 0 X 0 0 0 0 0 0 0 0 0 X 0 0 0 0 0 0 0 X 0 0 0 0 0 0 0 0 0 0 0 0 0 X X 0 0 0 0 0 0 0 0 0 0 0 X 0 0 X
X 0 0 0 0 0 0 X 0 X 0 0 0 0 0 0 0 X 0 X 0 X 0 0 0 0 X 0 0 0 0 0 0 0 X X X 0 0 0 0 0 0 X X 0 0 0 0 0 0 0 0 X 0 0 0 0 0 0 0 0 X 0 0 0 0 0 0 0 0 0 0 0 0 X 0 X 0 0 0 0 0 0 0 0 0 0 X 0 0 0 0 0 X 0 X 0 0 0 0 0 0 0 0 0 0 0 0 0 0 0 0 0 X 0 0 0 0 0 0 0 0 0 0 0 X 0 X X 0 X 0 0 0 0 X 0 X 0 0 0 0 X X 0 0 X X 0 0 0 0 0 0 X 0 0 0 0 0 0 0 0 0 0 0 0 0 X 0 X 0 0 0 0 0 X 0 0 X 0 X X X 0 0 X 0 X 0 0 0 0 X X 0 0 X X 0 0 X 0 0 0 X 0 0 0 0 0 0 X X 0 0 0 0 0 X 0 X X 0 0 0 0 0 0 0 0 0 0 0 0 0 0 0 X 0 X 0 0 X 0 0 0 0 0 X 0 0 0 0 X X 0 0 0 0 X 0 0 0 0 0 X 0 0 X X 0 0 0 0 X 0 0 0 0 0 X 0 X 0 0 0 X 0 X 0 X 0 0 X 0 0 X 0 X 0 0 0 0 X 0 X 0 X 0 0 0 0 X 0 0 X X 0 0 0 0 0 0 0 0 X 0 X 0 0 0 0 X 0 X 0 0 0 0 X 0 0 0 X 0 0 0 0 0 0 X 0 0 0 0 X 0 0 0 0 X 0 X 0 0 0 0 X 0 0 0 0 X X 0 0 0 X 0 0 0 0 0 0 0 0 0 0 0 0 X 0 X 0 0 X 0 X
X X 0 0 0 0 0 0 0 0 0 0 X 0 0 0 X 0 0 0 X 0 0 0 0 0 X X 0 0 0 0 0 0 0 0 X 0 0 0 X X 0 0 0 0 0 X 0 0 0 0 0 X X 0 0 X 0 0 0 0 0 0 0 0 0 X 0 0 0 0 X 0 0 0 0 0 X 0 X 0 X 0 0 0 X 0 X 0 0 X X X 0 X X 0 0 0 0 X X 0 0 0 X 0 0 0 X 0 0 0 X X X 0 0 0 0 0 0 0 0 0 0 0 X 0 0 0 0 X 0 0 X X 0 0 0 0 0 0 0 0 0 0 X 0 0 X 0 0 0 X X X 0 0 0 0 0 0 X 0 0 X 0 0 0 0 0 0 X 0 0 0 0 0 X X 0 0 X 0 X 0 0 0 0 0 0 0 0 0 0 X X 0 0 0 0 0 0 0 0 0 0 0 0 X 0 0 X X X 0 0 0 0 0 0 X 0 X 0 X 0 0 0 0 0 X 0 0 0 0 X 0 0 X X 0 0 0 0 0 X 0 0 0 0 0 X X 0 0 0 0 0 0 0 0 0 0 0 0 0 0 0 X X 0 0 0 X 0 X 0 X X 0 0 X X 0 X 0 0 0 0 X 0 0 0 0 0 0 0 X X 0 0 0 X 0 0 X X 0 0 X 0 X 0 0 X X 0 0 0 0 0 0 0 0 0 0 0 X X 0 0 0 0 0 X 0 0 0 0 X 0 0 X X 0 0 X X 0 0 0 0 0 0 X X 0 0 0 0 0 0 X X 0 X 0 0 X X 0 0 0 0 0 0 X 0 0 X 0 0 0 0 0 0 0 0 0 0 X 0 0 0 0 0 X
X X 0 X 0 0 0 0 0 0 0 0 0 0 0 0 0 0 0 X 0 0 0 0 0 0 0 0 0 0 0 0 0 0 0 0 0 0 0 0 0 0 0 0 0 0 0 0 0 0 0 X 0 0 0 0 0 0 0 0 X 0 X 0 0 0 X 0 0 0 0 X 0 0 0 X 0 X 0 0 X 0 0 0 0 0 0 0 0 0 0 0 0 X 0 0 0 0 X 0 0 0 X 0 0 0 0 0 0 X 0 0 0 0 0 0 0 0 0 0 0 0 0 0 0 0 0 0 0 X 0 0 0 0 0 0 0 0 0 0 0 0 0 0 0 X X X 0 X 0 0 0 0 0 0 0 0 0 0 X 0 0 0 0 0 X X 0 0 X 0 0 X 0 X 0 0 0 0 0 0 0 0 0 0 0 0 0 0 0 0 0 X 0 0 0 X 0 0 0 0 0 0 0 X 0 0 0 0 X 0 0 X 0 0 0 0 0 X 0 0 0 0 0 0 0 X 0 X X 0 X 0 0 0 0 0 0 0 0 0 0 0 X X 0 0 0 0 0 0 X 0 0 0 0 0 0 0 0 X 0 X 0 0 0 0 0 0 0 X 0 0 0 0 0 0 X X 0 0 0 0 X 0 0 0 0 0 0 0 0 X 0 0 0 X 0 X 0 0 0 0 X 0 0 X 0 0 0 X 0 0 0 X X 0 0 0 0 0 0 0 0 0 0 0 0 0 0 0 X 0 0 0 0 0 0 0 X 0 0 0 0 0 0 0 0 X 0 0 X X 0 X 0 0 0 0 0 0 X 0 0 0 0 0 0 0 0 0 X 0 0 0 0 0 0 X 0 X 0 X 0 0 0 0 X 0 0 0 0 X 0 0 0 0 X X
X 0 0 0 0 0 0 0 0 0 0 0 0 0 0 0 0 0 X 0 0 X 0 0 0 0 X 0 0 0 0 0 X 0 0 0 X 0 0 0 0 0 0 0 0 0 0 0 0 0 0 0 0 0 0 0 X X X 0 0 0 0 X X 0 0 0 0 0 0 0 0 0 0 0 0 0 0 0 0 X 0 X 0 X X X 0 0 X X 0 X X 0 0 0 0 X 0 0 0 0 0 0 X 0 0 0 0 0 0 0 0 0 X 0 0 X 0 0 0 0 0 0 0 0 X 0 X 0 X 0 0 0 0 0 X 0 0 0 0 0 0 X 0 0 0 0 0 0 0 0 0 0 0 0 0 0 0 0 0 0 0 0 0 0 0 0 X 0 0 X 0 X 0 0 0 0 0 0 0 0 X X 0 X 0 0 0 0 0 0 0 0 0 0 X 0 0 0 0 0 0 0 0 0 0 0 X 0 X X 0 0 X 0 X 0 0 0 0 X 0 X 0 0 0 0 0 0 0 0 X 0 0 0 X X 0 0 0 X 0 0 0 X X X 0 0 0 X 0 0 0 0 0 0 0 0 0 0 0 0 X 0 0 0 0 0 0 X 0 X 0 0 0 0 X X 0 X 0 0 X 0 X 0 0 0 0 0 X 0 0 0 0 0 0 0 0 0 0 0 0 0 0 0 X 0 0 0 0 X 0 0 0 0 0 0 0 0 0 0 X 0 X 0 0 0 0 0 0 0 X 0 0 0 0 0 0 0 0 0 X 0 0 0 0 X X 0 0 X X 0 0 0 0 0 0 0 0 0 0 0 0 0 0 0 X 0 0 0 0 0 0 0 0 0 0 X X 0 X X 0 0 0 0 0 X 0 0 0 0 0 X
X 0 0 0 0 X 0 X 0 X 0 0 0 0 0 0 X 0 0 X X 0 0 0 0 0 X 0 0 0 0 0 0 0 0 0 0 X X 0 0 0 0 X 0 0 X X 0 0 X 0 0 0 0 0 0 X 0 0 0 0 X 0 0 0 0 0 0 0 0 0 0 0 0 0 0 X 0 0 X 0 X X 0 0 X X 0 0 0 X 0 0 0 0 0 0 0 0 0 0 0 X 0 0 0 0 0 0 0 0 X 0 0 X 0 0 0 0 0 0 X 0 X X 0 0 0 0 0 0 X X 0 0 0 0 0 0 0 0 0 0 0 0 0 X 0 0 0 X 0 X X X 0 0 0 0 0 0 0 0 X 0 0 0 X 0 0 0 0 0 0 0 0 0 0 X 0 0 X 0 0 X X X 0 0 X X 0 0 X 0 X 0 0 0 0 0 0 X 0 0 0 X X X 0 0 0 0 X 0 0 0 0 0 0 0 0 0 0 0 0 0 0 0 0 0 0 0 0 X X 0 0 0 0 0 0 0 0 X 0 X 0 0 X 0 0 0 0 0 0 0 0 0 0 0 X 0 X 0 0 0 X X 0 0 0 0 0 0 0 0 0 0 0 0 0 0 0 X 0 0 0 0 0 0 X 0 0 0 X X 0 0 0 0 0 0 0 0 0 0 X 0 0 0 0 0 0 0 0 0 0 X 0 0 X X X 0 X 0 0 0 0 0 0 X 0 0 0 0 0 0 0 X 0 0 0 X 0 0 X 0 0 0 X 0 0 X X 0 0 0 X 0 0 0 X 0 X 0 0 0 0 0 X 0 0 0 0 0 0 0 X 0 0 X X 0 0 0 X X 0 X 0 0 0 X 0 0 0 X
X 0 X X 0 0 0 0 0 X 0 0 0 0 0 0 0 X 0 0 0 X 0 0 0 0 0 X 0 0 0 X 0 X 0 0 0 X 0 0 0 0 0 0 0 0 0 0 0 0 0 0 0 0 X 0 0 0 0 0 0 0 X X 0 0 0 0 0 0 0 0 0 0 0 0 0 0 0 0 0 0 0 0 0 X 0 0 X 0 X 0 0 0 0 0 0 0 0 0 0 0 0 0 X 0 0 0 0 0 0 0 0 X 0 0 0 0 X X X 0 0 0 0 0 0 0 X 0 X 0 X 0 0 0 0 X X 0 0 0 0 0 0 0 0 0 0 0 0 X 0 0 0 X 0 0 0 X 0 0 0 0 0 0 0 0 0 0 0 0 0 0 0 0 0 0 0 0 0 0 0 0 0 0 X 0 0 0 0 0 0 0 X 0 0 0 0 0 0 X 0 0 X 0 0 0 0 X 0 X X X 0 X 0 0 0 0 0 0 X 0 X 0 0 0 0 0 0 X X 0 X 0 0 0 X 0 0 0 0 X 0 0 0 0 0 X 0 0 X 0 0 0 0 0 X 0 0 0 0 0 0 0 0 0 0 0 0 0 0 0 0 0 0 X 0 0 0 0 X 0 0 0 0 0 X 0 X X X 0 0 0 0 0 0 0 0 0 0 0 0 0 0 0 0 0 X 0 0 0 X 0 X 0 0 0 X 0 X 0 X X 0 0 0 0 0 0 X 0 0 0 X 0 0 0 0 0 0 0 0 0 X 0 X 0 X X 0 0 0 X X 0 0 0 0 X 0 X 0 0 0 X 0 0 0 0 0 0 0 X 0 0 X 0 0 X X 0 0 0 0 X 0 0 0 0 0 0 0 0 0 0 0 X
X 0 X 0 0 X 0 0 X 0 0 0 0 0 0 0 0 0 0 0 0 0 0 0 0 X 0 0 X 0 0 0 0 0 0 0 0 0 0 0 0 0 0 0 X 0 0 0 0 0 0 0 0 0 0 X 0 X 0 0 0 0 0 0 0 0 0 X 0 0 0 X X X X 0 0 0 0 X 0 0 0 X 0 0 X 0 X 0 0 0 X 0 0 0 0 0 X 0 X 0 0 0 X 0 0 0 0 0 X 0 0 0 0 X X 0 0 X 0 0 0 0 0 0 0 0 0 0 0 0 0 X 0 0 0 X 0 0 0 X 0 0 X 0 X 0 0 0 0 0 0 X 0 0 0 0 X X 0 0 0 0 X 0 0 0 0 0 0 0 X 0 X 0 X 0 0 0 0 0 0 0 0 0 0 0 0 0 0 0 0 0 0 0 0 0 0 0 0 0 0 0 0 X 0 X 0 0 0 0 0 0 X 0 0 0 0 X X 0 0 0 0 0 0 0 X 0 0 0 0 0 0 0 0 0 0 0 0 0 X X 0 0 0 X 0 0 0 0 0 X 0 0 X X X X 0 0 X X 0 0 0 0 0 0 0 X 0 X X 0 0 0 0 0 0 0 X 0 0 0 0 0 X 0 X X 0 0 0 X 0 0 0 X 0 X X 0 0 X 0 0 0 0 0 X 0 0 0 0 X 0 0 0 0 0 0 X 0 0 0 0 X 0 0 0 0 X 0 0 0 X 0 0 0 0 0 0 0 0 0 0 0 X 0 0 0 X 0 0 X X 0 0 0 0 0 X X 0 0 0 0 0 0 0 0 0 0 X 0 0 0 0 X X X 0 0 0 0 X 0 0 0 X 0 0 0 0 0 0 0 X
X X 0 X 0 0 X 0 0 0 X 0 0 0 0 0 X X 0 0 X 0 0 0 0 0 0 0 0 0 X X 0 X 0 X 0 X X X 0 0 0 0 0 0 0 0 0 X 0 0 X 0 X 0 0 0 0 0 0 X 0 X 0 X 0 0 X 0 0 X 0 0 0 0 0 0 X 0 X 0 X 0 0 0 0 0 0 0 0 0 0 X X 0 0 0 0 X X 0 0 0 X 0 0 0 0 0 0 0 0 X 0 0 X 0 0 0 0 0 X 0 0 0 0 0 0 X X 0 0 0 0 X 0 0 0 0 X 0 0 0 0 0 X 0 0 0 0 X 0 0 0 0 0 X 0 X 0 0 0 0 0 0 0 X 0 X 0 0 0 X X 0 0 0 0 0 0 0 0 X 0 0 0 0 0 0 0 X 0 X 0 0 0 0 0 0 0 X X 0 0 0 X 0 0 0 0 0 0 0 X 0 0 0 0 X 0 0 X 0 X 0 0 0 0 0 0 0 X X X 0 0 0 0 0 0 X X 0 0 0 0 0 0 0 X X 0 0 0 0 0 0 0 0 0 0 X X 0 0 0 0 0 0 0 0 0 0 0 0 X 0 0 0 X 0 0 0 0 0 0 0 X 0 0 0 0 0 0 0 0 0 0 X 0 0 0 X 0 0 0 0 0 0 0 X 0 0 0 X 0 0 0 0 X X 0 0 0 0 0 0 X X 0 0 0 X 0 0 0 0 0 0 0 0 0 X 0 X X 0 X 0 X 0 X 0 0 0 X 0 X 0 0 X 0 0 0 0 0 0 0 0 0 X X 0 0 0 0 0 X X 0 0 0 0 0 0 0 X 0 0 X 0 0 0 0 X X 0 0 X
X 0 0 X 0 0 0 0 0 0 0 0 0 0 X 0 0 0 0 0 0 0 X X X 0 0 0 0 0 0 0 0 0 0 0 0 0 0 0 0 0 0 X X 0 0 0 0 0 X 0 0 0 0 0 X X 0 X 0 0 0 0 0 0 0 0 X 0 0 X X 0 0 0 0 0 X X 0 0 0 0 0 0 0 0 0 0 0 0 0 0 0 0 0 0 0 0 X 0 0 0 0 0 0 X 0 0 0 X X 0 0 0 0 0 X 0 0 0 0 0 0 0 X 0 0 0 0 0 0 0 0 0 X 0 0 0 0 0 X 0 0 0 0 0 0 0 0 0 0 0 X 0 0 0 0 0 0 0 X 0 0 X 0 0 0 X X 0 X 0 X 0 0 0 X 0 0 X 0 0 0 0 X 0 0 X 0 X 0 0 0 0 X 0 0 X 0 0 0 0 0 0 X 0 X X 0 0 0 0 0 0 0 0 0 X 0 0 X 0 X 0 0 0 0 0 X 0 0 0 0 X 0 0 0 0 X 0 0 0 0 0 0 0 0 0 0 0 X X 0 0 0 0 0 0 0 0 0 0 0 0 0 X X 0 0 0 0 0 X X 0 0 0 0 0 0 0 0 0 0 0 0 0 0 0 0 X 0 X X 0 0 0 X X 0 0 X 0 0 0 0 X 0 0 X 0 0 X X 0 0 0 0 X 0 0 0 0 X 0 0 0 0 0 0 X 0 X 0 0 0 0 0 X 0 X X 0 0 0 X 0 X 0 X 0 0 X 0 0 X 0 0 X 0 X 0 0 0 0 0 X 0 0 0 0 X 0 0 0 0 0 0 0 0 X 0 0 0 0 0 X 0 0 0 X 0 0 0 X 0 0 X
X X 0 X 0 0 0 0 0 0 0 0 X 0 0 0 X 0 0 0 0 X 0 0 0 0 0 0 0 0 0 X 0 0 X 0 0 0 0 0 0 0 0 0 X 0 0 0 0 0 X X 0 0 0 0 0 0 0 0 0 0 X 0 0 0 0 0 0 0 0 0 X 0 X 0 0 0 X 0 X 0 0 X X 0 0 0 0 X 0 X 0 0 0 0 X 0 0 0 0 X 0 0 0 0 0 0 0 X 0 X 0 X 0 0 0 0 0 0 0 X 0 0 0 0 0 0 0 0 0 X 0 0 0 0 0 0 X 0 X 0 0 0 0 0 X X 0 0 0 0 X 0 0 0 0 0 0 0 0 0 0 0 0 0 0 X X 0 0 0 0 0 0 X 0 X 0 0 X 0 0 0 0 0 0 0 X X X X 0 0 0 0 X 0 0 0 0 0 0 0 X 0 X X 0 X 0 0 0 0 0 0 0 0 0 X X 0 0 0 0 0 0 0 0 0 0 0 0 X X 0 0 0 0 0 0 0 0 0 0 0 0 0 0 0 0 0 0 0 0 0 0 0 0 0 X 0 X 0 X X 0 X X 0 0 X 0 X 0 0 0 0 0 0 0 0 0 0 0 0 0 0 0 0 X 0 0 0 0 X X 0 0 0 X 0 0 X 0 0 X 0 0 0 0 0 0 X 0 0 0 X X 0 0 X 0 0 0 X 0 0 0 0 0 0 0 0 0 0 0 0 X 0 0 0 X 0 X 0 0 0 0 X 0 0 0 0 X 0 0 0 0 X 0 0 0 0 X 0 0 X X X 0 0 0 0 0 0 0 0 0 0 X X X 0 X 0 0 X 0 0 0 X 0 0 0 0 0 0 0 X
X 0 0 0 0 0 0 0 0 0 0 X 0 0 X X 0 X X X X 0 0 0 X 0 0 0 X X 0 0 0 0 0 0 X 0 0 0 X X 0 0 0 0 0 0 0 X 0 0 0 X 0 0 0 0 0 0 0 X 0 0 0 0 0 0 0 0 0 0 X 0 X 0 0 0 0 X X X X 0 0 0 0 0 0 0 X 0 0 0 0 0 0 0 0 X 0 X 0 X 0 0 0 X 0 0 0 X 0 0 0 0 0 0 X 0 X 0 0 0 0 X 0 0 0 X X 0 0 0 0 0 0 X 0 X X X X X 0 X 0 0 0 0 X 0 0 0 0 0 0 0 X 0 0 0 X 0 X X 0 0 0 X X X X X 0 0 0 0 0 0 X X 0 0 0 0 X 0 0 0 0 0 0 0 0 X 0 0 0 0 X 0 0 0 0 0 0 X 0 X X 0 0 0 0 0 0 0 X 0 0 0 0 0 X 0 X 0 X 0 0 0 0 0 0 0 0 0 0 0 0 X 0 X 0 0 0 0 X 0 0 0 0 0 0 0 X 0 0 0 0 0 0 X 0 0 0 X 0 0 0 0 0 0 0 0 0 0 0 0 0 0 X 0 0 0 0 X X 0 X 0 X 0 0 0 0 0 0 0 X X X 0 0 0 0 0 0 0 0 X 0 0 X 0 X 0 0 0 0 0 0 0 0 0 X 0 0 0 0 0 0 0 0 0 0 0 0 0 0 0 X 0 0 0 0 0 X 0 0 0 0 0 0 0 0 0 0 0 0 0 0 0 0 X 0 0 X 0 0 0 0 X 0 X 0 0 0 X 0 0 0 0 0 0 0 0 X 0 0 0 0 X 0 0 0 X X X
X 0 0 0 0 0 0 0 0 0 0 0 X X X X X 0 X 0 0 0 X 0 0 0 0 0 0 0 X X 0 0 0 0 0 0 0 0 0 0 0 X 0 0 0 0 0 0 X 0 0 0 0 0 X 0 0 X X X X 0 X 0 0 0 0 0 0 0 0 0 0 0 0 0 0 0 0 0 0 0 0 0 0 0 0 0 0 0 0 0 X X 0 0 0 0 X 0 0 0 0 0 X 0 0 0 0 0 0 0 0 0 0 0 0 0 0 0 0 0 0 X 0 0 0 0 0 X 0 0 0 0 0 0 0 X 0 0 0 X 0 0 0 0 0 0 0 0 X X X 0 X 0 0 0 X 0 X 0 0 0 0 0 0 0 X 0 0 0 0 0 0 0 0 0 0 0 0 X 0 0 0 0 0 X 0 X 0 0 0 0 0 0 0 X 0 0 X 0 X X 0 0 0 0 0 0 X 0 X 0 0 0 0 X X X X 0 0 0 X 0 0 0 X 0 0 0 0 0 0 0 0 X 0 0 0 0 0 X 0 0 0 0 0 0 X 0 X 0 0 X 0 0 0 X X 0 0 X 0 0 X 0 X 0 0 0 0 0 0 0 0 0 0 0 X 0 0 0 X 0 0 0 0 0 0 X 0 0 X 0 0 X 0 0 X 0 X 0 X 0 0 0 0 0 0 0 0 0 0 X 0 0 0 0 X 0 0 0 0 X 0 0 0 0 0 0 0 X 0 0 0 0 0 X 0 X 0 X X 0 0 0 0 0 0 0 X 0 X X 0 0 0 0 0 0 0 0 0 0 X 0 0 X 0 0 0 X 0 0 0 0 0 0 X 0 0 0 0 0 0 0 0 0 0 0 0 0 0 0 0 X
X 0 0 0 0 0 X 0 0 0 0 0 0 0 0 0 X X X 0 0 0 X X X X 0 0 0 0 0 0 0 0 0 0 0 X 0 X 0 0 0 0 X 0 0 0 X 0 X 0 0 X 0 X 0 0 0 0 0 0 0 X X X 0 0 0 0 0 0 0 0 0 0 0 0 0 X 0 0 0 X X 0 0 X 0 0 X 0 0 0 X 0 0 0 0 0 0 0 0 0 0 0 0 0 0 0 0 0 0 X 0 0 X 0 0 X X X 0 0 0 X 0 0 0 0 0 0 0 0 0 X X 0 0 X 0 0 0 0 0 0 X X 0 X 0 0 0 0 0 X 0 0 X 0 X X 0 0 0 0 0 X X 0 0 0 0 0 X 0 X 0 0 X 0 X X 0 X X 0 0 0 X 0 X 0 0 0 0 0 0 0 0 0 0 0 0 0 0 X 0 0 0 0 0 0 0 0 0 0 0 0 0 0 0 0 0 X 0 X 0 X X 0 0 0 0 0 X X X 0 X X 0 0 0 0 X 0 0 0 X 0 0 X 0 0 X 0 X X X 0 0 0 0 0 X 0 X 0 0 X 0 X 0 0 0 0 0 0 0 X X X 0 0 X 0 0 0 0 0 X 0 0 0 0 X X 0 0 0 0 0 X 0 0 0 0 X 0 X X 0 0 0 0 0 0 0 0 0 0 0 0 0 0 0 X 0 X X 0 0 X 0 0 0 0 0 0 0 0 X 0 0 0 0 0 0 0 0 0 0 0 0 0 0 0 0 0 0 0 X 0 0 0 0 0 0 0 0 X 0 0 0 0 0 0 0 0 0 0 0 0 0 0 0 X 0 0 X X 0 0 0 X 0 0 0 X
X 0 X X 0 X 0 0 0 0 X X 0 0 0 X 0 X 0 0 0 X X 0 0 0 0 0 0 X 0 0 0 X 0 X X X X 0 0 0 X 0 0 0 0 0 0 0 0 0 0 X 0 0 0 0 0 0 0 0 0 0 0 X X 0 X 0 0 X 0 0 0 X 0 0 X 0 0 X 0 X X 0 0 0 0 0 0 0 0 0 0 X 0 0 0 X 0 X 0 X 0 0 0 0 X X 0 0 X 0 X X 0 X 0 0 0 0 0 X 0 0 0 0 0 X 0 0 X 0 X 0 0 X 0 0 X 0 0 0 0 0 X X 0 0 0 0 X X 0 0 0 0 X 0 X X 0 0 0 0 0 0 0 0 0 0 0 0 0 0 0 0 X 0 0 0 0 X 0 0 0 X 0 0 0 0 0 0 0 0 X 0 0 0 0 X 0 0 0 0 0 0 0 0 X 0 0 0 0 X 0 X X 0 0 0 0 0 0 0 0 X 0 0 0 0 0 0 0 X 0 0 0 X 0 0 0 0 0 0 0 X 0 X 0 0 0 0 X 0 0 0 0 0 X 0 0 X 0 0 0 X 0 0 0 0 0 0 0 X 0 0 X 0 X 0 0 0 0 0 0 0 0 0 0 0 0 0 0 X 0 0 0 0 0 0 0 0 0 0 0 0 0 0 0 0 0 0 0 X 0 X 0 X 0 0 0 0 0 X 0 0 0 0 0 X 0 X 0 0 0 0 0 0 0 X X 0 X 0 0 X 0 X 0 0 0 0 X X 0 0 0 0 0 0 0 X 0 0 X 0 0 0 X 0 0 0 0 0 0 0 0 0 0 X 0 0 0 0 X 0 0 X 0 X 0 0 0 0 0 0 X X
X 0 0 X X 0 0 0 0 0 X 0 0 0 X 0 0 0 0 X X 0 0 0 0 X 0 X 0 0 0 0 0 0 0 X 0 0 0 0 X 0 0 0 0 0 0 0 0 0 X 0 0 0 X 0 0 0 0 0 0 0 0 0 X 0 0 0 0 0 X 0 0 X 0 0 X 0 0 0 0 X 0 0 0 0 0 X 0 0 X 0 0 X 0 0 0 0 0 0 0 0 0 0 0 0 0 0 X 0 0 0 0 0 0 0 0 0 0 0 0 0 0 0 0 0 X 0 X X 0 X X 0 0 0 0 0 0 X 0 0 0 0 X 0 X 0 X X X 0 0 0 0 0 0 0 0 X 0 0 X 0 X 0 X 0 0 0 0 0 0 0 0 X 0 X X 0 0 0 0 0 0 0 0 0 X 0 0 0 0 0 0 X X 0 0 0 0 0 0 0 0 0 0 0 0 0 0 0 0 0 0 X 0 0 0 X X X 0 0 0 0 0 0 0 0 0 0 0 0 0 0 X 0 0 0 0 0 0 X X X 0 0 0 0 0 0 0 0 0 X X 0 0 0 X 0 0 0 0 0 0 0 0 0 0 0 X 0 0 X 0 0 0 X X 0 0 0 0 0 0 0 X 0 0 0 X X 0 0 0 X 0 0 X 0 0 0 X 0 0 0 X 0 0 0 0 X 0 0 0 0 0 0 0 X 0 0 0 0 0 X 0 0 0 0 0 X 0 0 0 0 X 0 0 0 0 0 X X 0 0 X 0 0 0 0 0 0 0 0 X 0 0 0 0 0 0 0 0 X 0 0 0 X 0 0 0 X 0 X 0 X 0 0 0 X 0 0 0 0 0 0 X 0 0 0 0 0 0 0 0 X X
X 0 X X X 0 0 0 X X 0 0 0 X 0 0 0 X 0 X 0 0 0 0 0 0 X X 0 0 0 0 X 0 0 X 0 X 0 0 X X 0 0 0 0 X 0 0 0 0 X 0 0 0 0 0 0 X 0 0 X 0 X 0 X X 0 X 0 0 0 0 0 0 0 0 0 0 0 X 0 0 X 0 0 0 0 0 0 0 0 0 0 0 0 0 0 0 X 0 0 X 0 X 0 0 0 X X 0 0 X X 0 0 0 0 0 0 0 0 0 0 0 X 0 0 0 0 X X 0 0 0 0 X 0 0 0 0 0 0 0 0 0 X 0 X 0 X 0 X 0 0 0 0 0 0 0 0 0 0 0 0 0 0 0 0 X 0 0 0 X X X 0 X X 0 0 0 0 X 0 0 X X 0 0 0 0 0 X X 0 0 0 0 0 X 0 X X 0 0 0 0 0 X 0 0 0 0 X X 0 0 0 0 0 X 0 X 0 0 X 0 0 X 0 0 0 0 0 0 X 0 X X 0 0 0 0 0 0 X 0 0 0 0 X 0 0 0 0 X 0 0 0 0 0 X 0 0 X 0 0 X 0 0 0 0 0 X 0 0 0 X 0 0 0 X 0 0 X 0 0 0 X 0 X 0 X 0 X 0 X 0 0 0 0 0 X 0 0 0 0 0 0 0 X 0 0 0 0 0 X 0 X 0 0 0 0 0 X X X 0 X 0 0 X X 0 0 0 X 0 X 0 0 0 0 X 0 X 0 X 0 X 0 0 0 0 X 0 0 0 X 0 0 0 0 0 0 0 0 0 0 0 0 0 X 0 X 0 0 0 0 0 0 0 X 0 0 0 0 0 X 0 0 0 0 0 0 0 0 0 X
X X 0 0 0 X 0 X 0 0 X X 0 0 0 0 0 0 0 0 0 0 0 X X 0 0 X 0 0 0 0 0 0 0 0 0 0 0 0 X 0 X 0 0 0 0 0 0 0 0 0 0 0 0 X 0 0 0 0 0 0 X 0 X 0 X 0 0 X 0 0 X 0 0 0 X X 0 0 0 0 0 X 0 X X 0 0 0 0 0 0 0 X 0 0 0 0 0 X 0 0 0 0 0 0 0 0 0 X 0 0 0 0 0 X 0 X X X 0 0 0 0 0 X X 0 X 0 0 0 0 0 0 0 0 0 0 X 0 X 0 0 0 0 0 0 0 0 0 0 0 0 0 0 0 0 0 0 0 0 0 0 0 0 0 0 X 0 0 0 0 0 0 0 0 X 0 0 0 X 0 X 0 X 0 0 0 0 0 0 0 X 0 0 0 0 X 0 X 0 0 0 0 0 0 0 0 0 0 0 0 0 0 0 0 0 X 0 0 0 0 0 0 0 X 0 0 0 0 0 0 0 0 0 X 0 0 0 0 0 0 0 X 0 0 0 0 0 X X 0 0 0 0 X 0 0 X X 0 0 0 0 0 0 0 0 0 0 X 0 0 0 0 0 0 0 0 0 0 0 0 0 X 0 0 0 X 0 0 0 0 0 0 0 X X 0 X 0 X 0 X 0 X 0 0 X 0 0 0 0 X 0 0 0 0 X 0 0 0 X 0 0 0 X 0 0 0 0 0 0 0 0 0 0 X 0 0 0 0 0 0 X 0 X 0 0 0 0 0 0 0 0 0 0 0 X 0 0 0 0 0 0 X 0 X X 0 X X 0 0 0 0 0 X X 0 X 0 0 0 0 0 0 0 0 0 0 X 0 X 0 0 0 X
X 0 0 0 0 0 X 0 0 X 0 0 0 X 0 X 0 X 0 0 0 0 0 0 0 0 0 X X 0 0 0 0 0 0 0 0 0 0 0 0 0 0 X 0 0 0 0 0 0 0 0 0 0 0 0 0 X 0 0 0 0 0 0 0 X 0 0 0 0 0 0 0 0 0 0 0 0 0 0 0 0 0 0 X 0 0 0 0 X X X 0 X X 0 X 0 0 0 0 0 0 0 0 0 X 0 X 0 X 0 0 X 0 0 0 0 0 0 0 X 0 X 0 0 X 0 0 0 0 0 0 0 0 0 X 0 X X 0 0 0 X 0 0 X 0 0 0 0 0 X 0 0 0 0 0 0 X 0 0 0 0 0 X 0 0 X 0 0 0 0 0 X 0 0 0 X X 0 X 0 0 0 0 0 0 0 0 0 0 0 0 0 0 0 X 0 0 0 0 X X 0 0 X 0 0 X 0 0 0 0 0 0 0 0 0 0 0 0 X 0 0 0 0 0 0 X 0 0 X 0 0 0 0 0 0 0 0 X 0 X 0 0 0 0 0 0 X 0 0 0 0 0 0 0 0 0 0 X 0 0 0 0 0 X 0 X 0 0 0 0 0 0 0 X 0 0 0 0 0 X 0 0 0 X X X X 0 0 0 0 0 0 0 X X 0 0 0 0 X X 0 0 0 0 X 0 0 0 X 0 0 0 0 X 0 0 0 0 0 X X 0 0 0 0 0 0 0 0 0 0 0 0 0 0 0 0 0 0 0 X 0 0 0 0 X 0 0 0 0 0 0 0 0 X 0 0 X 0 0 0 X 0 0 X 0 0 0 0 0 0 0 0 X 0 0 0 0 0 0 X 0 0 0 0 0 0 0 0 0 0 X 0 X
X 0 0 0 X 0 0 0 X 0 X 0 0 0 0 0 0 0 0 X 0 0 X 0 X X X 0 0 0 0 0 0 0 X X 0 0 X 0 0 X 0 0 0 0 0 X 0 0 0 0 0 0 0 0 0 0 0 X 0 0 0 0 0 X X 0 X 0 0 0 0 X 0 X X 0 X X 0 0 X 0 X 0 0 X 0 0 0 X 0 0 0 0 0 X 0 0 0 X 0 0 0 0 0 0 0 X 0 0 0 0 0 0 0 0 X 0 X X 0 X 0 0 0 0 0 0 0 X 0 0 0 0 X 0 0 0 0 0 0 0 0 0 0 X 0 0 0 X 0 0 X 0 0 0 X 0 0 0 0 X 0 0 X 0 0 X 0 0 X 0 0 0 0 0 0 0 0 0 0 0 X 0 0 0 0 0 0 X 0 X 0 0 0 X 0 0 0 0 0 0 0 0 0 0 0 0 X 0 0 0 0 0 0 0 0 0 X X 0 0 0 0 X X 0 0 0 0 X 0 0 0 X 0 0 0 0 X X 0 0 X 0 X X 0 0 0 X 0 0 0 X 0 0 X 0 0 0 0 X X 0 0 X 0 X 0 0 X 0 0 0 0 0 0 X 0 0 0 X 0 0 0 0 0 0 0 0 0 0 0 0 X 0 0 0 0 0 X 0 X X 0 0 0 0 0 0 0 0 0 0 0 0 0 0 X X 0 0 0 0 X 0 0 0 0 0 X 0 0 X 0 0 X 0 0 0 X X X 0 0 0 0 0 0 X 0 0 X 0 X 0 0 0 0 0 X 0 0 X 0 0 X X 0 X 0 X 0 0 0 0 0 0 0 0 0 0 0 0 0 0 0 0 0 0 0 0 0 0 0 0 X
X 0 0 0 0 0 0 0 0 0 0 0 0 0 0 0 0 0 0 0 0 0 0 0 0 X 0 0 0 0 0 0 0 0 0 0 0 0 0 0 0 0 0 0 0 0 0 0 0 0 0 0 0 X 0 X 0 0 0 0 0 X 0 0 0 0 0 0 0 0 0 X 0 0 0 0 0 0 0 0 0 0 0 0 0 0 X X 0 0 0 X 0 0 0 0 0 0 0 0 0 0 0 0 0 0 0 0 0 0 0 0 0 X 0 0 0 0 0 X X 0 X 0 0 0 0 0 X 0 0 0 X 0 0 0 0 0 0 0 0 0 0 X 0 0 X 0 0 X 0 0 0 0 X 0 0 0 0 0 0 0 0 0 0 0 0 0 0 0 0 X 0 X 0 0 0 X 0 0 0 0 0 0 0 0 0 0 X X 0 X 0 0 0 0 0 0 0 0 0 0 0 0 X 0 0 0 0 0 0 0 X 0 0 0 0 0 0 X 0 0 0 0 0 X 0 X 0 X 0 X 0 X 0 0 0 0 0 X 0 0 0 X 0 0 0 X 0 0 0 0 0 0 0 X 0 0 0 0 0 0 X X 0 0 0 X 0 0 X 0 0 0 0 0 0 0 0 0 0 X 0 0 X 0 0 0 0 0 0 X 0 0 0 0 0 0 0 0 0 0 X X 0 0 0 0 0 0 0 X 0 X 0 0 0 0 0 0 X 0 X 0 0 0 0 0 X 0 0 0 0 X 0 X 0 0 X X X 0 0 0 0 X 0 0 0 0 0 0 0 X X 0 0 0 0 0 0 0 X 0 X 0 0 0 X 0 X 0 X 0 0 0 0 0 0 0 0 X 0 X 0 0 0 0 0 0 X 0 0 X 0 0 0 0 0 X
X 0 0 0 0 0 0 X 0 0 0 0 X 0 0 0 0 0 0 X 0 0 0 0 X 0 0 0 0 0 0 0 0 0 0 X 0 0 0 X 0 X 0 0 X 0 0 0 0 X 0 0 0 0 0 0 0 0 0 0 0 0 0 0 0 0 0 0 0 0 0 X 0 0 0 0 0 0 0 0 0 0 X 0 0 X 0 0 0 0 0 0 0 0 X 0 0 0 0 X X 0 0 X X 0 0 0 0 X X X 0 0 0 0 X 0 0 0 0 0 0 0 0 0 0 0 0 0 X X 0 0 0 0 0 0 0 0 0 0 0 0 X 0 0 0 0 0 X 0 0 0 0 0 0 0 0 X 0 0 X 0 X 0 0 0 0 0 0 0 0 0 0 0 0 X 0 0 0 0 0 0 0 X 0 0 0 X 0 0 0 0 X 0 0 0 0 0 0 0 0 0 0 0 0 0 0 0 0 X X X 0 0 0 X 0 0 0 X 0 X 0 0 0 0 0 0 0 X 0 X X 0 0 0 0 0 0 0 0 0 0 0 0 X X X 0 0 0 0 X 0 X 0 0 0 0 0 0 0 0 0 0 0 0 X 0 0 0 0 0 X X 0 X 0 0 X 0 0 X 0 X 0 X 0 0 0 X 0 0 0 0 X 0 0 0 0 0 0 0 0 0 0 0 0 0 0 0 0 0 0 0 0 X 0 X 0 0 0 0 0 0 0 0 0 0 0 0 X 0 0 0 0 0 0 0 0 X 0 0 0 X X 0 0 X 0 X 0 X 0 0 0 0 0 0 X 0 0 0 0 X 0 X 0 0 0 0 0 0 0 0 0 0 0 0 0 0 X 0 0 0 X 0 0 0 0 0 0 0 0 0 0 0 X
X 0 0 0 0 0 0 0 0 0 0 0 0 0 0 X 0 X X 0 0 0 0 0 0 0 0 0 0 0 X X 0 0 0 0 0 0 X X 0 0 0 0 0 0 0 0 0 0 0 0 X 0 X X X 0 0 0 0 0 0 0 0 0 0 X 0 0 X X 0 0 0 X 0 X 0 0 X 0 0 0 X 0 X X 0 X 0 0 0 0 0 0 0 0 0 0 X 0 0 0 0 0 0 0 0 X 0 0 0 0 0 0 0 X 0 X 0 0 0 0 0 0 0 0 X 0 0 0 0 0 0 0 0 0 0 0 0 X X 0 X 0 0 0 0 0 0 0 0 0 0 0 0 0 0 0 0 0 X 0 X 0 0 0 X 0 0 0 0 0 X 0 0 X 0 0 X X 0 0 0 0 0 0 X 0 0 0 0 X X 0 0 0 0 0 0 0 0 X 0 X 0 0 0 0 0 0 0 0 X X 0 0 0 0 0 0 X 0 0 0 0 0 0 0 0 0 X 0 0 0 0 0 0 0 0 X 0 0 0 X 0 0 X 0 0 0 X 0 X 0 0 X 0 0 0 X 0 0 X 0 X 0 0 X 0 X 0 0 0 X 0 0 X 0 0 0 0 0 0 X 0 0 0 0 0 0 X 0 0 X 0 0 0 0 0 0 0 0 0 0 0 0 0 0 X 0 0 0 0 0 X 0 0 0 0 X 0 X 0 0 0 0 0 0 0 X X 0 X 0 0 0 0 0 X 0 0 0 X X 0 0 X 0 0 0 0 X 0 X 0 0 0 X 0 0 0 0 0 0 0 0 0 0 0 0 0 X 0 0 0 X 0 0 X X 0 0 0 0 0 0 0 0 0 X 0 0 0 0 0 0 0 X
X X 0 X 0 0 0 0 0 0 X 0 0 0 X 0 0 0 0 0 0 X 0 X 0 0 0 0 0 0 0 0 0 0 0 X 0 0 X 0 X 0 X 0 0 0 0 X 0 0 0 0 0 0 0 0 0 0 0 X X X 0 X 0 0 0 0 0 0 X 0 0 0 0 0 0 0 0 0 0 0 0 0 0 0 0 X 0 0 0 0 0 0 0 0 X 0 X 0 0 0 0 0 0 0 0 X X 0 0 X 0 0 0 0 0 0 0 X 0 X 0 0 X X 0 X X 0 0 X 0 0 0 0 0 X 0 0 0 0 0 0 X 0 X 0 0 X X 0 0 0 0 0 X 0 0 X 0 0 0 0 0 0 0 0 0 0 0 X 0 0 0 0 0 0 0 0 X 0 0 X 0 0 0 0 0 0 0 0 0 0 0 X 0 0 0 0 0 0 X X X 0 0 0 0 0 0 0 X X 0 X 0 0 X 0 0 0 0 0 0 0 0 0 0 0 0 0 0 0 0 0 0 0 0 0 0 0 X 0 0 0 0 0 0 X 0 0 0 X 0 0 0 0 0 0 0 0 0 0 X 0 0 0 0 0 0 0 0 X X X X 0 0 0 0 0 0 0 0 0 0 X 0 0 0 0 0 0 0 0 0 0 0 0 0 0 0 0 X 0 0 0 0 0 X 0 0 0 0 0 0 0 0 0 0 0 0 0 X 0 0 0 0 0 0 0 X 0 0 0 0 0 0 0 0 0 0 0 0 0 0 0 0 0 X 0 0 0 0 0 0 0 0 X X 0 0 0 X 0 0 0 0 0 0 0 0 0 0 X 0 X 0 0 0 0 0 0 0 0 0 X 0 X 0 X 0 0 X 0 0 0 0 X
X 0 0 0 0 X X 0 0 0 0 0 0 X 0 X 0 0 0 0 0 X 0 X X 0 0 0 0 X 0 0 0 0 0 0 0 0 X 0 X 0 0 0 0 0 0 0 0 0 0 0 X 0 X 0 X 0 X X 0 X 0 0 X X 0 0 0 0 0 0 0 0 0 0 X 0 0 0 0 0 X 0 0 0 0 0 0 0 0 0 X 0 0 0 0 0 0 0 0 0 0 X 0 X 0 0 X 0 0 X 0 0 0 0 0 0 0 0 0 X 0 X 0 0 0 0 0 X X 0 0 0 0 X X 0 0 0 0 0 X X X 0 0 X X 0 0 X 0 0 X 0 X 0 0 X 0 0 X 0 0 X 0 X X 0 X X 0 0 0 X 0 X X 0 0 X 0 0 0 0 X X 0 0 0 X 0 0 0 0 0 0 0 X 0 0 0 0 0 X 0 0 X 0 0 X X 0 0 0 X 0 X 0 X 0 0 0 X 0 X X 0 0 0 0 0 X 0 0 0 0 X 0 0 0 X 0 0 0 X 0 0 0 0 0 0 0 0 0 0 0 0 0 0 0 0 0 0 0 0 X 0 0 X 0 0 0 0 X 0 X X 0 0 0 0 X 0 X 0 0 0 0 0 0 X 0 0 X 0 0 0 0 0 0 0 0 0 0 0 0 0 0 0 X 0 0 0 0 X 0 0 0 X 0 0 0 0 0 0 0 0 0 0 0 0 0 0 0 0 X X 0 0 0 X X 0 0 0 0 0 X 0 0 0 0 0 X 0 0 X X 0 0 X 0 X 0 0 X 0 0 0 0 X 0 0 0 0 X 0 0 0 X X 0 0 0 0 0 0 0 0 X 0 0 X 0 0 0 0 X
X 0 0 0 X 0 0 0 0 0 0 0 0 0 0 0 0 0 X 0 0 0 X 0 0 X 0 0 X 0 X 0 X X 0 0 X 0 X 0 0 0 0 0 0 0 0 0 X 0 0 0 0 X 0 X 0 0 X X 0 0 0 0 0 0 0 0 0 X 0 0 0 0 X X 0 0 0 0 0 0 X X X 0 0 0 X 0 0 0 0 0 0 0 0 0 0 0 0 0 0 0 X X 0 X 0 0 X 0 0 0 0 0 X 0 0 X X X 0 0 0 0 0 0 0 X X 0 0 0 0 0 0 0 0 0 X X 0 0 0 0 0 0 X 0 0 X 0 0 0 0 X 0 X 0 0 X 0 0 0 0 0 0 0 0 0 0 0 X 0 0 0 X 0 X X 0 0 0 X X 0 0 0 X 0 0 0 0 0 0 0 0 0 0 0 0 X 0 0 0 0 0 X 0 0 0 0 0 0 0 0 0 0 X 0 0 0 X X 0 0 0 0 0 X 0 0 0 0 0 0 0 0 0 0 0 0 X 0 X X 0 X 0 0 X 0 0 0 0 0 0 0 0 0 0 0 0 0 X 0 0 0 X 0 X 0 0 0 0 0 0 0 X 0 0 0 0 X X 0 X 0 X 0 X 0 0 X 0 X 0 0 0 X 0 0 0 0 X 0 0 X 0 X 0 0 0 0 0 X X 0 0 X X 0 0 0 0 0 0 X 0 0 0 X 0 0 0 0 X 0 0 0 0 0 0 0 0 0 0 0 0 0 0 0 0 0 0 0 0 0 0 0 0 0 0 0 0 0 X 0 0 X X 0 0 X 0 0 0 X 0 0 0 0 0 X 0 X 0 0 0 0 0 0 0 0 X X 0 0 X
X 0 0 0 0 0 X 0 0 0 0 0 0 0 0 0 X X 0 0 0 0 X 0 0 0 X 0 0 0 0 0 X 0 0 0 0 0 0 0 0 0 0 X X 0 0 0 X X 0 X X 0 0 X X 0 0 0 X 0 0 0 0 0 0 X X 0 0 0 0 0 0 X X 0 X X 0 0 X 0 0 X 0 0 0 0 0 0 0 0 0 0 0 0 0 0 0 0 0 0 0 0 0 0 0 0 0 X 0 0 0 X X 0 0 0 X 0 0 0 0 0 0 0 0 0 0 0 X 0 0 0 X 0 X 0 0 0 0 0 X 0 0 0 0 0 X 0 0 0 0 0 0 0 X 0 0 0 0 X 0 X 0 0 X 0 0 0 0 0 0 0 0 0 0 X 0 0 0 0 0 0 0 0 0 0 0 0 0 0 0 0 X X 0 X 0 0 0 0 0 0 0 0 X 0 0 0 0 0 X 0 X X 0 0 0 0 0 0 X 0 0 0 0 0 0 0 0 0 0 0 0 X 0 0 X 0 0 0 0 X 0 0 0 X 0 0 0 0 0 0 X X 0 0 0 X 0 X 0 X 0 0 0 0 0 0 0 0 0 0 0 0 0 0 0 0 0 0 X X 0 0 0 0 0 0 0 0 0 0 X 0 0 0 0 0 X 0 0 0 0 0 X 0 0 0 0 X 0 0 0 0 0 0 X 0 0 0 0 X 0 X 0 0 0 0 0 0 0 X 0 0 X X 0 0 0 0 X 0 0 0 0 X X 0 0 0 X 0 0 0 X 0 X X 0 0 0 0 0 0 0 0 0 X 0 X X X 0 0 X X 0 0 0 0 0 0 0 0 0 0 0 X 0 0 0 0 0 0 0 X
X X 0 X 0 0 0 0 X 0 0 0 0 0 0 0 0 0 X X 0 0 0 0 0 0 0 0 0 0 0 X 0 X 0 0 0 0 0 0 0 0 0 0 0 0 0 X 0 0 X 0 0 0 0 0 0 0 0 X 0 0 0 0 0 0 X 0 0 0 0 0 0 0 0 0 0 X 0 0 0 0 0 0 0 0 0 0 0 0 0 X X 0 X 0 X X 0 0 0 X 0 0 0 X 0 X X 0 0 0 0 0 X 0 0 X 0 0 0 0 0 0 0 0 0 0 0 X 0 X X X 0 0 X 0 0 X 0 X 0 X 0 0 X 0 0 0 0 0 0 0 0 0 0 X 0 0 0 0 0 X 0 0 X 0 0 X 0 0 X 0 X 0 0 0 0 X 0 X 0 0 0 0 0 0 X 0 X X 0 X 0 X 0 0 X 0 0 0 0 0 0 0 X 0 X 0 0 0 0 0 0 0 X X 0 0 0 X 0 0 0 0 X X 0 0 0 X X 0 0 0 0 0 X 0 0 0 0 0 X 0 0 0 0 0 0 0 0 0 0 0 0 0 0 0 0 0 0 0 0 0 0 0 0 0 0 0 0 0 0 X 0 0 0 0 0 0 0 X 0 0 0 0 0 0 0 0 0 0 X X X X 0 0 0 0 0 0 0 0 0 0 X X 0 0 0 0 0 0 0 0 0 0 0 0 0 0 0 0 X 0 0 0 0 0 X 0 0 0 0 0 0 X X 0 0 X 0 0 0 0 X 0 0 0 X 0 0 0 0 X 0 0 X X 0 0 0 0 0 0 0 0 0 0 X 0 0 0 0 0 0 0 0 0 X 0 0 X 0 X X 0 X X 0 0 X X 0 0 0 X
X 0 0 0 0 0 0 X 0 0 0 0 0 X 0 0 0 0 0 0 0 0 X X 0 0 0 X 0 0 0 0 0 0 0 0 X 0 0 0 X 0 0 0 X 0 X 0 0 X 0 0 0 0 0 0 0 0 0 0 0 0 X 0 0 0 0 0 0 0 0 0 0 0 X 0 X 0 0 0 0 0 0 0 0 0 X 0 X X 0 X 0 0 0 0 0 0 0 0 0 0 0 0 X 0 0 0 0 0 0 0 X 0 0 0 0 0 0 X 0 0 0 0 X 0 0 0 0 0 0 0 X 0 0 X X 0 0 0 0 0 0 0 X 0 0 X 0 X 0 0 X 0 0 0 0 0 0 0 0 0 X 0 0 X 0 0 0 X 0 0 0 0 0 0 X X 0 X 0 X X 0 0 0 0 0 0 0 0 0 X 0 0 0 0 0 0 0 0 0 X 0 0 X 0 0 0 0 0 0 0 0 0 X 0 X X 0 0 X 0 0 0 0 0 0 0 0 0 0 0 0 X 0 0 0 0 0 X 0 0 0 0 0 0 0 0 0 0 0 0 0 0 0 0 0 0 0 0 0 0 X 0 0 0 0 0 0 0 0 0 0 X 0 0 0 0 X 0 X X 0 0 0 0 0 0 0 0 X 0 0 0 0 0 X 0 X 0 0 0 0 0 0 0 0 0 0 0 0 0 X 0 0 0 0 X X 0 0 X 0 X 0 0 X 0 0 0 0 0 0 0 0 0 0 0 0 0 0 0 0 X 0 0 0 X 0 0 0 0 0 0 0 0 X 0 0 X 0 0 0 0 0 0 0 X 0 0 X 0 X X X X 0 0 0 0 X X 0 0 0 0 0 0 X 0 0 0 0 0 0 0 0 0 X
X 0 0 X 0 X 0 0 X X 0 0 0 0 0 0 0 X 0 X 0 0 0 0 0 0 0 0 0 0 0 0 0 0 0 0 X 0 0 0 0 0 0 0 0 0 0 X 0 0 0 0 0 0 0 X 0 0 0 0 0 0 0 0 X 0 0 0 X 0 0 0 X 0 0 0 0 0 0 0 0 0 0 0 X X 0 0 X 0 0 0 0 0 0 X X X 0 X 0 X X X X 0 0 X X X 0 X 0 0 0 0 X 0 0 X 0 0 X 0 0 X 0 X 0 0 0 X 0 X 0 X X 0 0 0 0 0 0 0 0 0 0 0 0 0 0 X 0 0 0 0 X 0 0 0 0 0 0 0 X X 0 X 0 X X 0 0 0 X 0 0 0 0 0 0 0 X X 0 0 X 0 X 0 0 0 0 0 0 X 0 0 0 0 0 0 0 0 X 0 0 0 0 0 0 0 0 X 0 X X 0 0 0 0 0 0 X 0 0 0 0 X 0 X 0 0 0 0 0 0 0 0 0 0 0 0 0 X 0 0 X 0 0 0 0 0 0 X 0 0 0 0 0 0 X 0 0 0 0 X 0 0 0 0 0 X X 0 0 X 0 0 0 X 0 0 0 0 0 0 0 X 0 0 0 0 0 0 0 X X 0 0 X 0 0 X 0 0 0 X 0 0 0 X X X 0 0 0 0 0 0 0 0 0 0 X 0 0 0 0 0 0 0 0 0 0 X 0 0 0 0 0 0 X 0 0 0 0 X 0 X 0 0 X 0 0 0 0 0 0 0 X 0 0 X 0 0 0 0 0 0 X 0 0 X X 0 0 X 0 X 0 X 0 0 0 0 X 0 0 0 0 0 0 X 0 X 0 0 0 X
X X X 0 X 0 0 0 0 0 0 0 0 0 0 0 0 X 0 0 0 0 0 0 0 0 0 X 0 0 X 0 0 0 0 0 0 0 0 X 0 0 0 0 0 0 X 0 0 0 0 X 0 0 0 X 0 0 0 0 X X 0 0 0 0 0 0 0 0 0 0 0 X X 0 0 0 0 0 X 0 0 X 0 0 0 0 0 X X 0 0 0 0 0 0 0 X 0 X 0 0 0 X 0 X 0 0 X 0 0 0 X X 0 0 0 0 0 0 0 X 0 0 0 0 0 0 0 0 0 0 0 0 X 0 0 X 0 0 0 0 0 X 0 X 0 0 0 0 X 0 X 0 0 0 0 0 X 0 X X 0 0 0 0 0 0 0 0 X 0 0 0 0 0 0 0 X 0 0 X 0 0 0 0 0 X 0 0 0 0 0 0 0 0 0 0 X 0 X X 0 X 0 X 0 0 0 0 0 0 0 X 0 0 0 X 0 0 0 0 0 0 0 0 0 0 0 0 0 0 0 0 X 0 X 0 0 0 X 0 0 0 0 0 X 0 0 0 0 0 0 X X 0 0 0 0 0 X 0 0 0 0 0 0 0 0 X X 0 0 0 0 0 0 0 0 X X 0 0 0 X 0 0 0 0 0 0 0 X X 0 0 0 0 0 0 0 0 0 0 0 0 0 0 X 0 0 0 X X 0 X X 0 0 0 0 0 0 X 0 0 X X 0 0 0 X 0 0 X 0 X 0 0 0 0 0 0 X 0 0 0 0 X 0 0 0 0 X X 0 X X 0 0 0 0 0 0 0 0 0 X 0 X X 0 0 0 0 0 0 0 0 0 0 0 0 X 0 0 0 X 0 0 0 0 0 0 0 0 0 0 X
X 0 0 0 0 0 X 0 X 0 X 0 0 0 0 X 0 0 X 0 0 0 0 0 0 0 0 0 0 0 0 0 0 0 X 0 0 X X 0 X 0 0 X X 0 0 0 X 0 0 X 0 0 0 X 0 X X X 0 0 0 0 0 0 X 0 0 0 X 0 0 0 0 0 0 0 0 0 0 0 0 0 0 0 0 0 0 0 0 X 0 0 X 0 X X 0 0 0 0 X X 0 0 0 X 0 0 0 0 0 0 0 X X X 0 0 0 0 0 0 X 0 0 0 X 0 0 X 0 0 0 0 0 0 0 0 0 0 0 0 0 0 X 0 0 0 0 X X X 0 X X 0 0 0 0 0 0 0 0 0 0 0 0 0 0 X 0 0 0 0 0 0 0 0 X 0 0 X X 0 X 0 0 0 0 0 X 0 0 X 0 0 0 0 0 X 0 0 0 0 0 0 0 0 X 0 X X X X X 0 0 0 0 0 0 0 X 0 X 0 0 0 0 0 0 0 0 X 0 0 0 0 0 0 0 0 0 0 0 0 0 0 X 0 0 0 0 X 0 0 0 0 0 0 0 0 0 0 X 0 0 0 0 0 0 0 0 0 X X 0 0 X X 0 0 X 0 0 0 0 X 0 0 X 0 0 0 0 0 0 0 0 0 0 X 0 0 0 0 X 0 0 0 0 X X 0 0 0 0 0 0 X 0 X 0 0 0 0 0 0 0 0 0 0 0 0 X 0 0 0 0 0 0 0 0 X 0 0 0 0 0 0 0 X X 0 0 0 0 X X 0 X 0 0 X 0 0 0 0 0 0 0 0 0 0 0 0 0 0 0 0 0 0 0 0 X 0 0 0 0 X 0 0 0 0 X X 0 X
X 0 0 0 0 0 0 0 X 0 X 0 0 0 X 0 0 0 0 X X 0 0 X 0 0 X 0 0 X 0 X 0 0 0 0 0 0 X 0 0 0 0 X 0 0 0 0 X 0 0 0 X 0 0 X 0 X X 0 0 0 0 0 0 0 0 0 0 X 0 0 X X 0 0 0 0 0 X 0 0 0 0 0 0 X 0 0 X 0 0 0 0 0 0 0 0 0 X X 0 0 0 0 X 0 X 0 0 X 0 0 0 0 X 0 0 0 0 X 0 0 0 0 0 0 0 0 0 0 X 0 X 0 X 0 0 0 0 0 0 0 0 0 0 0 0 0 0 0 0 0 0 0 X X 0 0 0 0 X 0 X 0 0 0 0 0 0 0 X 0 0 0 X 0 0 0 0 0 0 0 0 0 0 X X 0 0 X 0 0 0 X 0 0 X 0 X 0 X 0 X 0 0 0 X 0 0 0 0 0 0 0 0 X 0 0 0 0 0 0 0 0 0 0 0 0 0 0 0 0 0 X 0 0 X 0 0 0 0 0 0 0 0 0 0 0 0 0 0 X 0 0 0 0 X 0 X X 0 0 0 0 0 0 0 0 0 0 0 X X 0 0 0 0 0 0 X 0 0 0 0 X X X 0 0 0 0 0 0 0 0 0 0 0 0 0 X X X 0 0 X 0 0 0 0 0 0 X 0 0 0 0 X 0 0 0 0 X 0 0 0 0 0 0 X 0 0 0 0 0 0 0 0 X 0 0 X 0 0 0 0 0 0 0 0 0 0 0 0 0 0 X 0 0 0 0 0 X X 0 X 0 0 0 X 0 0 0 0 0 X X 0 0 0 0 0 0 0 0 0 0 0 0 0 0 0 0 0 0 0 0 0 X
X 0 X 0 0 0 0 0 0 0 0 0 0 0 0 0 0 0 0 0 X 0 0 X X X 0 0 0 0 0 0 0 0 0 0 0 0 0 0 0 X X 0 0 0 0 0 0 0 0 X 0 0 0 0 0 0 0 0 0 0 0 0 0 0 0 X X 0 0 0 X 0 0 0 0 0 0 0 0 0 0 0 0 0 X X 0 X 0 0 0 X 0 0 0 0 X 0 0 0 0 0 0 0 0 X 0 0 0 0 0 0 0 0 0 0 0 X 0 0 0 0 X 0 0 0 0 X 0 0 0 0 0 0 0 0 0 0 X 0 0 0 X 0 0 0 0 0 0 X 0 0 0 X X 0 0 X 0 0 0 X 0 0 X 0 X X 0 X 0 0 0 0 X 0 0 X 0 X 0 0 0 0 X 0 0 0 0 0 0 X 0 0 0 0 X 0 0 0 X 0 0 0 0 X 0 0 0 X 0 X 0 X X X 0 0 0 X X 0 X 0 0 0 0 0 X 0 0 0 0 0 0 X 0 0 X 0 0 0 X 0 0 0 0 0 X 0 0 0 0 0 0 0 0 0 0 0 X 0 0 0 X 0 0 X 0 0 X 0 0 0 X 0 0 0 0 0 0 0 X 0 0 0 0 0 0 0 0 0 0 0 X 0 X 0 0 0 0 0 0 X 0 0 0 0 0 0 0 0 0 0 0 0 0 0 0 0 0 0 0 X 0 0 0 0 0 0 0 0 0 X 0 0 X 0 0 0 0 0 X 0 0 0 X 0 0 X X 0 0 0 0 0 0 X X 0 0 0 0 0 0 0 0 0 0 0 0 0 0 0 0 0 0 0 X X X 0 0 0 0 X X X X 0 0 0 0 0 X X 0 X
X 0 0 0 0 X 0 0 0 0 X X 0 X 0 0 0 0 0 0 0 0 0 0 0 0 0 0 X X 0 0 0 X X X X 0 0 0 X 0 0 X 0 0 X 0 0 0 X 0 X 0 0 0 X X 0 0 0 0 0 0 0 0 X X 0 0 0 0 0 0 X 0 0 0 0 X X 0 0 0 0 0 0 X 0 X 0 X X X 0 0 0 0 0 0 0 X 0 X 0 X 0 0 0 0 0 0 0 X X 0 X 0 0 X 0 0 0 0 0 0 0 0 X 0 0 0 0 0 X X 0 0 0 0 0 0 0 0 0 0 0 0 0 0 X 0 0 0 X X X 0 X X 0 0 0 0 0 0 0 X X X X 0 0 X 0 0 0 0 0 0 0 X 0 X 0 X 0 X 0 X 0 0 0 0 0 0 0 X 0 X 0 0 0 X 0 0 0 X 0 0 0 0 0 0 0 0 X 0 0 X 0 0 X 0 0 0 0 X X 0 X 0 0 0 0 0 0 0 0 X 0 0 X 0 0 0 0 0 X X 0 0 0 0 0 0 X 0 0 0 0 0 0 0 0 0 0 0 0 X 0 X X 0 0 0 X 0 X 0 X 0 X X 0 0 X 0 0 0 0 0 0 X 0 X 0 X X 0 X X 0 0 0 0 0 X 0 0 0 0 X X X 0 X 0 0 0 0 0 0 0 0 0 0 0 0 0 0 X X 0 0 X 0 0 0 0 X 0 0 X 0 0 0 X 0 0 X 0 X 0 0 0 0 X 0 X 0 0 0 X 0 0 0 0 0 X 0 0 0 0 0 0 0 0 0 0 0 0 0 X 0 0 0 0 0 0 0 0 0 0 0 0 0 0 0 X
X 0 X 0 0 0 0 0 0 0 X X X 0 0 0 0 0 0 0 X 0 X 0 0 0 0 0 0 0 0 X X 0 X 0 0 0 X 0 0 0 X 0 0 0 0 0 0 0 0 0 0 0 0 0 X 0 0 0 0 0 0 0 X 0 0 0 0 0 X 0 0 0 0 0 0 0 0 0 0 0 0 0 0 X 0 0 0 0 0 0 0 X X 0 X 0 0 0 X 0 0 0 0 0 X X 0 0 0 0 0 X X 0 0 0 0 0 0 0 X 0 0 0 0 0 0 0 0 0 0 0 X 0 0 X 0 0 0 0 0 0 X 0 0 0 0 0 0 X 0 0 X X 0 X 0 X 0 0 0 0 0 0 0 0 0 X X X 0 0 0 0 0 0 0 0 0 X 0 0 0 X X X X X 0 X 0 0 X X 0 0 X 0 0 0 0 0 0 0 0 X 0 0 X 0 0 X 0 0 0 X X X X X 0 0 0 X 0 0 0 0 0 0 0 0 0 0 0 0 X 0 X 0 0 0 0 0 0 0 0 0 0 0 0 X X 0 0 0 0 X 0 0 0 0 0 0 X X X 0 X 0 0 0 0 0 0 0 0 X 0 0 0 0 0 0 0 0 0 0 0 X X X 0 0 0 0 0 0 0 0 0 0 0 X 0 0 0 0 0 X 0 0 0 0 0 X X 0 0 0 0 X 0 0 0 X X X 0 0 0 0 0 0 0 0 0 0 0 0 0 0 0 0 0 0 0 0 0 0 X 0 X 0 0 0 0 0 0 0 0 0 0 0 0 X 0 0 0 X 0 0 0 0 0 0 0 0 0 0 0 0 0 0 0 X 0 0 0 0 X X 0 0 0 0 0 X
X 0 0 0 0 0 0 0 0 0 0 X 0 0 0 X 0 X 0 0 X 0 0 0 X 0 0 0 0 0 X 0 0 0 0 0 X 0 0 X X 0 0 0 0 0 0 X 0 X 0 0 0 X 0 0 0 0 0 X X X 0 X 0 0 0 0 0 X X 0 0 0 0 0 X 0 X 0 0 0 0 0 0 0 X 0 0 0 0 X 0 0 0 0 0 0 0 0 X 0 0 0 0 0 0 0 0 X X 0 0 0 X 0 0 0 0 0 0 0 0 0 0 0 0 0 0 0 0 0 0 0 0 0 0 X X 0 0 X 0 0 X 0 0 0 0 0 0 0 0 0 0 X 0 0 0 0 0 0 0 0 0 0 0 0 0 0 X 0 0 0 0 0 0 0 0 0 0 0 0 0 0 0 0 0 0 0 0 X 0 0 0 0 0 0 0 0 0 0 0 0 X X 0 0 0 X 0 0 0 X 0 0 0 0 X 0 X X 0 X 0 X 0 0 0 X X 0 0 0 0 0 X 0 0 0 0 0 0 0 0 0 0 0 0 0 0 0 X 0 0 0 0 0 0 0 0 0 0 X 0 0 0 0 0 0 0 0 0 0 X 0 0 0 0 0 0 0 0 0 0 X X 0 0 0 0 0 0 X 0 0 0 0 0 0 X X 0 0 0 0 X 0 0 X X 0 X 0 0 0 0 0 X 0 X X 0 X X X 0 0 0 0 0 X 0 0 X 0 X 0 0 0 0 X 0 0 0 X X X 0 X 0 0 0 0 0 0 0 0 0 X 0 X 0 0 0 0 0 0 0 0 X 0 X 0 0 0 0 0 0 0 0 0 0 0 0 0 X 0 X 0 0 0 0 0 0 X X X 0 X
X 0 X 0 0 0 0 0 0 X 0 0 0 0 X 0 X 0 0 X 0 X 0 X 0 0 0 0 0 0 0 X 0 X 0 X 0 0 0 0 0 0 0 X X 0 0 0 0 0 0 0 0 0 0 0 0 0 X X 0 0 0 0 0 X 0 0 0 0 0 0 0 0 0 0 0 0 X 0 0 0 0 X 0 0 0 0 0 0 0 0 0 0 0 0 0 0 0 0 X 0 0 0 0 0 X 0 0 X 0 0 0 0 0 0 0 X 0 0 0 0 0 0 0 0 0 0 0 X 0 0 0 0 0 0 0 0 X 0 0 0 0 0 0 0 0 0 0 X 0 0 0 0 X 0 0 X 0 X 0 X 0 X X 0 0 0 X X 0 0 0 0 X 0 0 0 0 X 0 0 0 0 0 X 0 X X 0 X 0 X X 0 X X 0 0 0 X X 0 0 X X X 0 0 0 0 0 0 X 0 X 0 0 0 0 X 0 0 0 0 X X 0 0 0 0 0 0 0 0 0 0 X X 0 X X 0 0 0 0 X 0 X 0 0 0 0 0 0 0 X 0 0 0 X 0 0 0 0 0 X 0 0 X X 0 0 0 0 0 0 0 0 X 0 0 X X 0 0 0 0 0 0 0 0 0 0 0 0 0 0 X 0 0 X 0 0 0 0 0 X X X 0 0 0 0 0 0 X 0 X 0 0 0 0 0 0 0 X 0 0 0 X 0 X 0 X 0 X 0 0 X X 0 X 0 0 0 0 0 0 0 X 0 0 0 0 X 0 X 0 0 0 0 0 0 0 0 0 0 0 0 0 X 0 X 0 0 0 0 0 0 0 0 0 0 0 0 0 0 0 X 0 0 0 0 0 0 0 0 0 X
X X X 0 X 0 0 0 0 0 0 X 0 X 0 X 0 0 X 0 0 X 0 0 0 0 X 0 0 0 0 0 0 0 0 0 0 0 0 X 0 X 0 0 0 0 X X X 0 0 0 0 X 0 0 0 0 0 0 0 0 0 0 X 0 0 0 0 0 X 0 0 X 0 0 0 0 0 0 0 0 0 0 0 0 0 0 0 0 0 0 0 0 X 0 0 0 0 X 0 0 0 0 X X 0 0 0 0 0 0 0 0 0 0 0 0 0 0 0 0 0 0 0 0 0 X 0 0 0 0 0 0 0 0 0 0 0 0 0 0 X 0 0 0 0 X 0 0 0 0 0 X 0 0 0 0 0 0 0 0 0 X 0 0 0 0 0 0 X X 0 0 0 0 0 0 0 0 X 0 0 X X 0 0 0 0 X 0 0 0 0 0 0 0 X 0 X 0 0 0 0 0 0 0 0 0 0 X 0 0 0 0 0 0 X 0 0 0 0 0 0 0 0 0 0 0 0 0 X 0 0 X 0 0 0 0 X 0 0 X 0 X 0 X 0 0 X 0 0 X 0 0 0 X X 0 0 0 0 0 0 0 X X X 0 0 0 X 0 0 0 0 0 0 X 0 0 0 0 X 0 0 0 0 0 0 0 0 0 0 X 0 0 0 X 0 0 0 X 0 0 0 X 0 0 0 0 0 0 0 0 0 X X 0 X 0 0 X 0 0 0 0 X 0 0 0 X 0 X X X 0 0 0 0 0 0 X 0 0 0 0 0 0 X X 0 X 0 0 0 0 0 X 0 0 0 X 0 0 0 0 0 0 0 0 0 0 0 X X 0 0 0 X 0 X 0 X 0 0 0 0 0 0 0 X 0 0 0 0 X 0 X X
X 0 0 0 0 0 0 0 X 0 X 0 0 0 0 0 0 0 0 0 X 0 0 0 0 0 0 0 0 0 0 0 X 0 0 0 0 0 0 0 0 0 X 0 0 0 0 0 0 X 0 0 0 0 X 0 0 0 X 0 0 0 X 0 0 X 0 0 0 0 0 X 0 0 0 0 0 0 X 0 0 X 0 X 0 0 X 0 0 X X 0 0 0 0 0 0 X 0 0 0 0 0 0 0 X 0 0 0 0 0 0 0 X 0 0 0 X 0 0 0 0 0 0 0 X 0 X 0 0 X 0 0 0 X 0 0 X 0 0 0 0 0 0 0 X 0 X X 0 X 0 0 0 0 0 0 0 0 0 X 0 0 0 0 0 0 0 0 0 0 0 X 0 X X 0 0 0 0 0 0 X 0 0 0 0 0 X 0 0 X X 0 X 0 0 X 0 0 X 0 0 0 X X 0 0 X 0 0 X 0 X 0 0 0 X 0 X 0 0 0 0 0 0 0 0 0 0 X 0 X 0 0 X X 0 0 X 0 0 0 X 0 0 X 0 0 0 X 0 0 0 0 0 0 0 0 X X X X 0 0 0 0 0 X 0 0 0 0 0 0 0 0 0 X 0 0 0 0 0 0 0 0 0 0 0 X 0 0 0 0 0 0 0 X 0 0 0 X 0 0 0 0 0 0 0 0 X 0 X 0 X X 0 0 0 0 X 0 0 0 0 0 X 0 0 0 0 X X 0 X X 0 0 X 0 0 X X 0 0 X 0 0 0 0 0 0 0 X X 0 0 0 0 X X 0 0 X 0 0 0 X 0 X 0 0 0 X 0 X 0 0 0 X 0 X 0 X 0 0 0 0 X 0 0 0 0 0 0 0 0 X X
X 0 0 X 0 0 0 0 0 0 0 0 0 X 0 0 X 0 X 0 X X X 0 X 0 0 0 X 0 0 0 0 0 0 0 0 0 0 0 0 0 0 0 0 0 X X X 0 0 0 0 0 X X 0 X 0 X 0 0 0 0 0 0 0 0 0 0 0 0 0 0 0 0 X 0 0 0 0 0 0 X X 0 X 0 0 0 0 0 0 0 0 0 0 0 0 0 0 0 X 0 0 0 0 X 0 0 X X 0 0 0 0 X 0 0 X 0 X 0 X 0 0 0 X 0 0 0 0 X 0 X 0 0 0 0 X 0 0 0 0 0 0 X 0 0 0 X 0 0 0 0 0 X X 0 0 X X X 0 0 0 0 X 0 X X 0 0 0 0 0 0 0 0 X 0 0 0 0 0 X 0 X 0 0 0 0 X 0 0 0 0 0 0 0 0 0 0 0 X 0 0 0 0 X 0 0 0 0 X 0 0 0 0 X 0 0 0 X 0 X 0 0 0 X 0 0 0 X 0 0 0 0 0 X 0 X 0 0 0 0 0 0 0 0 0 0 0 0 X 0 0 0 X 0 0 0 0 0 0 0 0 0 0 0 0 0 X X 0 0 0 0 0 0 0 0 X 0 0 0 0 0 0 0 0 0 0 X 0 0 0 0 0 0 0 0 0 0 0 0 X 0 0 0 X 0 0 0 0 0 0 0 0 X 0 0 X 0 0 0 0 0 0 0 0 0 0 0 0 0 0 X 0 0 0 0 0 0 0 0 0 0 0 0 0 0 0 0 0 0 0 0 0 0 0 0 X 0 0 0 0 0 0 0 0 0 0 0 0 0 X 0 0 0 0 0 0 X 0 0 0 0 0 0 0 0 0 0 X X X X 0 X
X 0 0 X 0 0 X 0 0 0 0 0 X 0 0 X 0 0 0 0 0 0 0 0 0 0 0 0 0 0 X 0 0 X 0 X 0 0 0 X X 0 0 0 0 X 0 0 0 0 0 0 0 X 0 0 0 0 X 0 0 X 0 0 0 0 0 X 0 0 0 0 0 X 0 X 0 X 0 X 0 0 X X 0 0 X 0 0 0 0 0 0 0 0 0 0 0 0 0 X 0 0 0 0 0 0 0 0 X 0 0 X 0 0 0 0 0 X 0 0 0 0 0 0 0 0 0 0 0 0 0 0 0 X 0 0 0 0 X 0 0 X 0 0 0 X 0 0 0 0 X 0 0 0 0 0 0 0 0 0 0 0 0 0 X 0 0 0 0 0 0 0 X 0 0 0 0 0 0 0 0 0 X 0 0 0 0 0 0 X 0 0 0 0 0 0 X 0 0 0 0 0 0 X 0 0 X 0 0 0 0 0 0 0 0 0 0 0 0 X 0 0 0 0 X X 0 0 0 0 0 0 0 0 X 0 0 0 0 X X 0 X 0 0 0 0 0 0 X 0 X 0 0 X 0 0 0 X X 0 0 0 0 X 0 0 0 0 0 0 0 0 0 0 X 0 X X 0 0 0 0 X 0 0 0 0 0 0 0 0 0 0 0 0 0 X 0 0 0 X 0 0 X X 0 0 0 0 0 0 0 0 0 0 X X 0 0 0 0 X X X 0 0 0 0 0 0 0 X 0 X X 0 0 0 0 X 0 X X 0 0 0 0 0 0 0 0 X 0 X 0 0 X 0 0 0 0 0 0 0 0 0 0 0 0 X X 0 0 0 0 0 X 0 0 0 X 0 0 X X X 0 0 0 0 0 X 0 0 0 0 0 X
X 0 0 0 0 0 0 X 0 0 0 0 0 X 0 0 0 0 0 0 0 X 0 X 0 0 X 0 0 0 0 X 0 0 X 0 0 0 X 0 X X 0 0 0 0 0 0 X 0 0 0 X 0 0 0 0 X 0 0 X X 0 0 X 0 0 0 0 X 0 X 0 0 0 0 X X 0 X 0 0 0 X 0 0 0 0 0 0 0 X X 0 0 X 0 X 0 0 X X 0 0 0 0 0 0 0 0 0 0 0 0 0 X 0 X 0 0 X 0 0 X 0 0 0 X X X 0 0 0 0 0 0 0 0 0 X X 0 0 0 X 0 0 0 0 0 0 0 X 0 0 0 0 X X 0 X 0 0 0 0 0 X 0 0 0 0 0 X 0 0 0 0 0 0 0 X 0 0 0 0 X 0 0 0 0 0 0 0 0 0 0 0 0 0 0 0 0 X 0 X 0 0 X 0 X 0 0 0 0 0 X 0 0 0 X 0 0 X X 0 0 0 0 0 0 0 0 0 0 0 0 0 0 0 X 0 X X X 0 0 0 0 0 0 0 X X X X 0 X 0 0 0 0 0 X 0 0 0 0 0 0 0 0 0 0 0 0 0 0 X 0 0 X 0 X 0 0 0 X 0 0 0 0 0 0 0 0 0 X X 0 0 X 0 0 0 0 0 0 0 0 0 X 0 0 0 0 0 0 X X 0 0 0 X 0 0 0 0 0 0 0 0 0 0 0 0 0 0 X 0 0 0 0 0 X 0 X 0 X X 0 0 0 X 0 X 0 0 0 0 0 0 0 0 X 0 0 0 0 0 0 0 0 0 X 0 0 0 0 X X 0 0 0 0 0 X 0 X 0 0 0 0 0 X 0 0 X 0 0 X
X 0 0 0 0 0 0 X 0 0 0 0 0 0 X 0 0 0 0 0 0 0 X 0 0 X 0 0 0 0 0 0 X 0 0 0 0 0 0 0 0 0 0 0 0 0 X 0 0 0 0 0 0 0 0 0 0 0 X 0 0 X 0 0 0 0 0 X 0 0 0 0 0 0 0 X 0 X 0 0 0 X X X 0 0 0 0 X 0 0 0 0 0 0 X 0 X 0 0 0 0 0 X 0 X 0 0 X 0 X 0 0 0 0 X X 0 0 0 0 0 0 0 0 0 0 0 0 0 0 0 0 0 0 0 0 0 0 0 0 0 X 0 0 0 0 0 0 0 0 0 0 X X X 0 0 0 0 0 X 0 0 X 0 X 0 0 0 0 0 0 0 0 0 X 0 0 0 X 0 0 X X 0 0 0 X 0 0 0 0 X 0 X 0 0 0 0 X 0 X X 0 0 0 0 X 0 0 0 0 0 0 0 0 X 0 0 X X 0 0 0 0 0 0 X X 0 0 0 0 0 0 0 0 0 0 0 0 0 0 0 0 X 0 0 0 0 0 0 0 X 0 0 0 0 0 0 0 0 0 X X X 0 0 0 0 0 0 0 0 0 0 0 0 0 X 0 0 0 0 X 0 0 X 0 X 0 X 0 0 0 0 0 0 0 0 0 0 0 0 0 X 0 0 0 0 0 0 0 0 X X 0 0 0 0 0 X X X 0 X X 0 0 0 0 0 0 0 0 X 0 0 X 0 0 0 X 0 0 0 0 X 0 0 0 0 0 0 0 0 0 X 0 0 X 0 0 0 0 0 X X 0 0 0 0 X 0 0 0 0 0 0 0 0 0 0 0 X 0 X 0 0 0 0 X 0 0 0 0 X 0 X
X 0 0 0 X X 0 0 0 0 0 0 0 0 0 X 0 0 0 0 0 0 0 0 0 X X 0 0 0 0 X X 0 0 0 0 0 0 0 0 0 0 0 0 X 0 0 X 0 0 0 X 0 0 X 0 0 0 0 0 0 0 X 0 0 0 0 0 0 0 0 0 0 X X 0 X 0 X 0 0 X X 0 0 0 0 0 0 0 0 0 0 X 0 0 0 0 X X 0 0 0 X 0 X 0 0 X X X 0 X 0 0 0 0 0 X 0 0 0 0 0 0 0 0 0 0 0 0 0 0 0 0 0 X 0 X 0 0 0 0 X 0 0 0 0 0 X 0 0 0 0 0 0 0 X 0 X 0 0 0 0 0 X 0 0 0 X X 0 0 0 X X X 0 0 0 0 0 X 0 0 0 0 0 0 0 0 0 0 0 0 0 0 0 0 0 0 0 0 0 0 0 0 0 0 0 0 0 0 0 0 0 0 X 0 0 0 X X 0 0 0 X 0 0 0 0 0 0 0 0 0 0 0 0 0 0 0 0 0 0 0 0 0 0 0 0 0 0 0 0 X X 0 0 0 0 0 0 0 0 X 0 0 0 0 0 0 0 0 0 0 0 0 0 X 0 0 0 X 0 0 0 0 X X 0 0 0 0 X 0 X X X 0 0 0 X X 0 0 0 0 0 0 0 0 0 0 0 0 0 0 0 X 0 0 0 0 X 0 X 0 0 X 0 X 0 0 0 0 0 X X 0 0 0 0 0 0 0 0 X 0 X 0 0 0 0 X X X 0 0 0 0 0 0 0 0 X 0 0 0 0 X X 0 X 0 0 0 0 X 0 0 0 0 X X X X 0 X 0 0 0 0 0 0 0 0 0 X
X 0 0 0 0 0 0 0 0 0 0 0 0 X 0 0 0 0 0 0 X 0 0 X X 0 0 0 0 0 0 0 0 X 0 0 0 0 0 X 0 0 0 0 0 X X 0 0 X 0 0 X 0 0 0 0 X X 0 0 0 X 0 0 0 0 0 0 0 0 X 0 0 0 X 0 0 X 0 0 0 0 0 0 0 0 X 0 0 0 0 0 0 0 0 0 0 X 0 X 0 0 X 0 0 X 0 X X X 0 0 0 0 0 0 X 0 X 0 0 X 0 0 0 X X 0 0 0 X 0 0 0 0 0 0 0 X 0 0 0 0 X 0 0 0 0 0 0 0 0 0 0 X 0 0 0 0 X 0 X 0 X 0 0 0 0 0 0 0 0 X X 0 0 0 X 0 0 0 0 0 0 X 0 0 X 0 0 0 0 0 X 0 0 0 0 X 0 0 0 0 X 0 0 0 0 0 0 0 0 X 0 0 0 0 0 0 0 0 0 0 0 0 0 0 0 0 0 X 0 0 X 0 0 0 0 0 0 0 0 0 0 0 0 0 0 0 0 0 0 0 X 0 0 0 0 0 0 0 0 0 0 0 X 0 X X 0 0 0 X 0 0 0 0 0 0 0 0 X 0 0 X 0 0 0 0 X 0 0 0 0 0 0 X 0 0 0 0 0 0 X 0 0 X X 0 0 0 X 0 0 0 0 X 0 0 X 0 X X 0 X 0 0 X 0 0 0 0 0 0 0 0 0 X X 0 0 0 0 X 0 0 0 0 X 0 0 0 0 0 0 X 0 0 X 0 0 X 0 0 0 X 0 0 0 0 0 0 0 0 0 0 0 0 0 X X 0 0 0 X X 0 0 0 0 0 0 0 X 0 0 0 0 X
X 0 0 0 0 0 0 0 0 X X 0 0 0 0 0 0 0 0 0 X 0 0 0 0 X 0 0 0 0 X 0 0 0 0 0 0 0 0 0 0 0 X 0 0 X 0 0 0 0 0 0 0 0 X 0 0 0 0 0 0 0 0 0 0 0 0 0 0 0 0 0 0 0 0 0 0 0 0 X 0 0 0 0 0 0 0 0 0 0 0 0 X 0 0 X 0 0 0 X 0 0 0 0 0 0 0 X 0 0 0 0 0 0 0 0 0 0 0 X 0 0 0 0 0 0 0 X 0 0 0 0 0 0 0 0 0 0 0 X 0 0 0 0 0 0 0 X 0 0 X X 0 0 0 X 0 0 0 0 0 0 0 0 0 0 0 X 0 0 0 0 0 0 X 0 0 0 0 0 0 0 0 X 0 0 0 0 0 0 X 0 X 0 0 0 0 0 0 0 0 0 0 0 0 0 0 0 0 X 0 0 0 0 0 0 0 0 0 0 0 X 0 0 0 0 0 0 0 0 0 0 0 0 0 X 0 0 0 0 X 0 0 0 0 0 0 0 0 0 X X 0 0 0 X 0 0 0 X X X 0 0 0 0 X 0 0 0 0 X 0 0 0 X 0 0 0 0 X 0 0 0 0 0 0 0 0 0 X 0 0 0 X 0 X 0 X 0 0 0 0 0 0 0 X X 0 0 0 X 0 0 0 0 0 0 0 0 0 0 0 0 0 0 X 0 X 0 0 0 0 0 0 0 X 0 0 0 0 0 0 0 0 X 0 0 X 0 0 0 0 0 0 0 0 0 X 0 0 X 0 X X 0 0 0 0 0 0 0 0 0 0 0 0 0 0 0 0 0 0 0 0 0 0 0 0 0 0 X 0 0 0 0 X 0 0 X
X 0 X X 0 0 X 0 0 0 0 0 0 0 0 X X 0 0 0 X 0 0 0 0 0 0 0 0 0 0 0 X 0 0 0 X 0 X X 0 0 X 0 X X 0 0 X X X 0 0 0 0 0 X 0 0 0 0 0 0 0 0 0 0 X 0 0 0 X 0 0 0 0 X 0 X X 0 0 0 0 0 0 0 0 0 0 0 0 0 0 0 X 0 0 0 X 0 X 0 0 0 0 0 0 0 X 0 0 X 0 0 0 0 X 0 0 0 X 0 0 0 X 0 X 0 0 0 0 0 0 0 0 X 0 0 0 0 0 X 0 0 0 0 0 0 0 0 0 0 0 0 0 0 0 0 X 0 X X X 0 X 0 0 X X 0 0 0 X 0 0 X 0 0 0 0 0 X 0 X 0 0 X 0 0 X 0 0 0 0 X 0 X X 0 0 0 X 0 0 0 0 X 0 0 0 0 0 0 0 0 X 0 X 0 0 0 0 0 0 X 0 0 0 0 0 X X 0 X 0 0 X 0 0 0 0 0 0 X 0 0 0 0 0 0 0 0 0 0 0 0 0 0 0 0 0 0 0 0 0 0 X 0 0 0 0 X 0 0 0 0 0 X 0 0 0 0 0 0 0 0 0 0 0 0 0 0 X 0 0 0 0 0 0 0 0 X 0 0 0 0 0 X 0 0 0 0 0 0 0 X 0 0 0 X 0 0 0 0 0 0 X 0 0 0 0 0 0 0 0 0 0 0 0 0 0 0 0 0 0 0 0 0 0 0 0 0 0 X X X 0 X 0 0 0 0 0 X 0 0 0 0 0 0 0 0 X X 0 0 X X X 0 0 0 0 0 0 0 0 X X 0 0 0 0 X 0 0 0 0 X
X X 0 0 0 0 0 0 0 0 0 0 X 0 0 0 0 0 0 0 0 0 0 0 0 0 0 0 0 0 0 0 0 0 0 0 0 0 0 0 X 0 0 0 0 0 0 0 0 0 0 0 X 0 0 X X 0 0 0 0 X 0 X 0 0 0 0 0 X 0 0 0 0 0 0 X 0 0 0 X 0 0 0 X 0 0 X 0 X 0 0 0 X 0 0 0 0 0 0 0 0 0 0 X 0 0 0 0 X 0 0 0 X 0 0 0 X 0 0 0 0 0 0 0 0 X 0 0 X X 0 X X 0 0 0 0 X 0 0 0 0 0 0 X 0 0 X 0 0 0 0 0 0 0 0 0 0 0 X 0 0 0 0 0 0 0 0 0 X 0 0 0 0 0 X X 0 0 X 0 0 0 X X X 0 0 0 0 0 0 X 0 0 0 0 0 0 0 0 0 0 0 X 0 X X X X 0 0 0 0 0 0 0 0 0 0 0 X 0 0 X 0 0 X 0 0 0 0 0 0 0 X 0 0 0 0 0 0 0 0 0 0 0 0 0 0 0 0 0 0 X 0 0 0 0 X 0 0 0 0 0 0 0 0 0 0 X 0 0 0 0 0 0 0 0 X X 0 X 0 X X 0 0 X 0 X 0 0 0 0 X 0 0 0 0 0 0 0 0 0 X 0 0 0 0 0 0 0 X X 0 X X 0 0 0 0 0 0 0 0 0 0 0 0 0 0 X 0 0 0 0 0 0 0 0 0 0 0 0 0 0 X 0 0 0 0 X 0 X X 0 X 0 0 0 0 0 0 0 0 0 0 0 0 0 0 X 0 0 0 0 0 0 0 X 0 0 0 0 0 0 0 0 0 0 0 0 0 X 0 0 X X
X X 0 0 0 X 0 0 X 0 0 0 0 0 0 0 0 0 0 X 0 0 X 0 0 0 0 0 0 0 0 0 0 0 X 0 0 0 X 0 0 0 X 0 0 X 0 0 X 0 0 0 X 0 X 0 X 0 X 0 0 0 0 0 X 0 0 0 X 0 0 0 X 0 0 0 0 0 0 0 0 X 0 0 0 0 0 0 0 0 0 0 0 0 X 0 X X 0 0 0 0 0 X 0 0 0 0 0 0 0 0 0 0 0 0 0 0 0 X X X 0 0 X 0 0 0 0 X 0 0 0 X 0 0 X 0 0 0 X 0 0 0 0 0 0 X 0 0 0 0 X 0 0 0 0 0 0 0 0 0 0 X 0 0 0 0 0 X 0 X 0 0 0 0 0 0 0 0 X 0 0 0 0 0 0 X 0 0 0 0 0 0 0 X 0 X X 0 0 X 0 0 0 0 0 0 X 0 0 0 0 X 0 X 0 0 X X X 0 0 0 X X 0 X 0 0 0 0 0 0 0 0 0 0 0 0 X 0 0 0 0 X 0 0 0 0 X 0 0 X 0 0 0 X X 0 0 0 0 0 0 0 0 0 0 0 0 0 0 0 0 0 0 X 0 X 0 X 0 0 X 0 0 0 0 0 X X X 0 X X X 0 X 0 0 0 0 0 X X 0 0 0 X X 0 0 0 0 0 0 0 0 0 0 0 0 0 X 0 0 0 0 X X 0 0 0 0 X 0 0 0 0 0 0 0 0 0 0 0 0 0 0 X 0 0 0 0 X 0 0 0 0 X X 0 X 0 0 0 X 0 0 0 0 0 X 0 0 0 0 X 0 X 0 0 0 0 0 0 0 0 0 0 0 0 0 X X 0 X 0 X
X 0 0 0 0 0 0 0 0 X 0 0 X 0 0 0 0 0 X X X 0 0 0 0 0 X 0 X 0 0 0 0 0 X 0 0 0 0 0 0 0 0 0 0 0 0 0 X 0 X X 0 0 0 0 0 0 0 0 X 0 X 0 0 0 X X 0 0 0 0 0 0 0 0 0 X 0 0 0 0 0 0 0 0 X 0 0 0 0 0 X 0 0 X 0 0 0 0 0 X 0 0 0 0 X X 0 0 X 0 X 0 0 0 0 X X 0 0 0 X 0 0 0 0 0 0 0 0 0 X 0 0 0 X 0 X 0 0 0 0 0 0 0 0 X 0 0 0 0 0 0 0 0 0 0 0 0 0 0 0 X 0 0 X X X 0 0 0 X 0 0 0 0 0 0 0 0 0 0 0 0 X 0 0 0 0 0 0 X 0 0 0 0 0 0 0 0 0 0 0 0 0 0 0 0 X 0 X 0 0 0 0 0 0 0 0 X 0 0 0 0 0 0 0 0 0 X 0 0 0 0 X X 0 0 0 0 0 X 0 0 0 X 0 0 0 0 0 0 0 0 0 0 0 0 0 X 0 0 0 0 X 0 X 0 0 X 0 0 X 0 0 0 0 0 X 0 0 0 0 X X 0 0 0 0 X 0 0 X 0 X 0 X 0 0 0 0 0 X 0 0 0 0 0 0 0 0 0 0 0 0 0 0 0 0 0 0 0 0 0 0 X X 0 X 0 X 0 0 0 X 0 X 0 0 X X 0 X 0 0 0 X X X 0 X 0 X 0 0 0 0 0 0 0 0 0 0 0 0 X 0 0 0 0 0 0 0 0 0 0 0 0 0 0 0 0 0 X X 0 0 0 0 0 0 0 X 0 0 0 X 0 X
X X 0 X X 0 0 0 0 0 0 0 X 0 0 0 0 0 0 0 0 0 0 0 X 0 0 0 0 0 0 0 X 0 0 X X 0 X 0 0 0 0 0 0 0 0 0 0 0 0 X X 0 0 0 0 0 X 0 0 0 0 0 X 0 0 0 0 0 0 0 0 0 0 0 X X 0 0 0 0 0 0 0 0 0 0 0 0 0 0 X 0 0 0 X 0 0 0 0 0 0 0 0 0 0 0 0 0 X 0 0 0 X 0 0 0 X 0 0 0 0 0 0 X 0 0 0 X X 0 0 0 0 0 0 0 0 0 0 0 0 0 0 0 0 0 0 X 0 0 0 X 0 0 0 X 0 0 0 0 0 0 0 0 0 X 0 0 0 X 0 0 0 0 0 0 0 0 0 X X 0 0 0 0 0 0 0 0 0 X X 0 0 0 X X 0 0 0 0 0 X 0 0 X 0 0 0 0 0 0 X 0 X 0 0 0 0 0 0 0 0 0 0 0 0 0 X X 0 0 X 0 0 X 0 0 0 0 0 0 0 0 0 X 0 0 0 X 0 0 0 0 X 0 0 0 0 0 0 X 0 0 0 0 0 0 0 0 0 0 0 0 0 0 X 0 0 0 0 0 0 0 0 0 0 X 0 0 0 0 0 0 0 0 0 X 0 0 X 0 0 X 0 0 0 0 0 X 0 0 0 0 0 0 0 0 0 0 0 X 0 0 0 X 0 0 0 0 0 0 0 0 0 X 0 0 0 0 0 0 0 X 0 0 X X 0 0 0 0 0 0 0 0 0 0 0 X 0 0 0 0 0 0 0 X 0 0 0 0 0 0 0 0 0 0 0 0 0 0 0 X X 0 0 0 0 0 0 0 0 0 0 X 0 X
X 0 0 0 0 0 0 0 0 0 X 0 0 0 0 0 0 X 0 X 0 0 0 0 0 0 0 0 0 0 X 0 X 0 0 0 X 0 0 0 0 X 0 0 0 0 0 0 0 X X 0 X 0 X X X 0 X 0 X 0 0 0 0 X 0 X 0 X 0 X 0 X X 0 0 0 0 0 0 0 0 X 0 0 X 0 0 0 0 X 0 0 0 0 0 0 0 0 0 0 0 0 0 0 0 0 0 0 0 X 0 0 0 0 0 0 0 0 0 0 0 0 0 0 X 0 0 0 X 0 0 0 0 0 0 0 0 0 0 0 X 0 0 0 0 0 X 0 X 0 0 0 0 X X 0 0 0 0 0 0 0 X 0 0 0 X 0 X X 0 0 X 0 0 0 X 0 0 X 0 0 0 X 0 0 0 0 0 0 0 0 X 0 0 0 0 0 0 X 0 0 X 0 0 X 0 0 0 0 0 0 X 0 0 0 0 0 0 0 0 0 0 0 0 0 X 0 0 0 X 0 0 0 0 0 0 X 0 0 X 0 0 0 0 0 X 0 0 0 X 0 0 0 0 0 0 0 0 0 0 X 0 X 0 0 0 X 0 0 0 0 X 0 X X 0 0 0 0 0 0 0 X 0 X 0 0 0 0 0 0 0 0 X 0 0 0 0 X 0 X X 0 X 0 0 X 0 0 X X 0 X 0 0 X 0 0 0 0 0 X 0 0 0 0 0 0 X X 0 0 0 0 0 0 0 0 0 0 0 0 0 0 X 0 0 0 0 0 0 0 0 0 0 X 0 0 0 0 X 0 0 0 0 0 0 0 0 0 X 0 0 0 0 0 X X 0 0 0 0 X 0 0 0 0 0 0 0 X 0 0 0 0 X X
X 0 0 0 0 0 0 0 0 0 0 0 0 X 0 0 0 0 0 0 0 0 X 0 X 0 X X 0 0 0 0 0 X 0 0 0 0 0 0 0 0 0 0 0 X X 0 0 0 0 X 0 X 0 X 0 0 X 0 0 0 0 0 X 0 0 0 0 0 0 X 0 0 0 0 0 0 0 X 0 0 0 0 0 0 0 X 0 0 0 X 0 0 X 0 0 0 0 0 0 0 0 X 0 0 0 0 0 0 X 0 0 0 0 0 X 0 0 0 0 X 0 0 0 0 X 0 0 0 X 0 0 0 0 0 0 0 0 X 0 0 0 0 0 0 0 X 0 0 X 0 0 X 0 0 X 0 0 X 0 0 0 0 0 0 0 0 0 X 0 0 X 0 0 0 X 0 0 0 X 0 0 0 0 0 0 X 0 X 0 0 0 0 0 X 0 X X 0 0 0 0 0 X 0 0 0 0 0 0 0 0 0 0 X 0 0 0 0 0 0 0 0 0 0 0 0 0 0 0 0 0 0 X 0 0 X 0 0 0 0 X X 0 0 0 X 0 0 X 0 0 0 0 0 0 0 X 0 0 0 0 0 X 0 0 0 0 0 0 X 0 0 0 0 0 0 0 0 X X 0 0 0 X X 0 X 0 0 0 X X 0 0 0 0 0 X X 0 0 0 0 0 X X X 0 X X 0 0 0 0 0 0 X X 0 0 X X 0 0 0 0 0 0 X 0 0 0 0 0 0 0 0 0 0 X X 0 X 0 0 0 X 0 0 X 0 0 0 0 0 X 0 X 0 0 0 0 0 0 0 0 0 0 X 0 0 0 X X 0 0 X X 0 0 0 X X 0 0 0 X 0 0 0 0 0 0 0 X 0 0 X
X 0 0 0 0 0 0 0 0 X X 0 0 X 0 0 0 0 0 0 0 0 0 0 0 0 0 0 X X 0 0 0 0 0 0 0 0 0 0 0 0 0 0 0 0 0 0 0 0 0 X X X 0 X 0 0 0 0 X 0 X 0 X 0 0 0 0 0 0 0 X X X 0 0 0 0 0 0 0 0 0 0 0 0 0 0 0 0 0 0 0 X 0 0 0 X 0 0 0 0 0 0 0 0 0 0 0 0 0 0 X 0 0 0 0 0 0 X 0 0 0 X 0 X 0 0 0 0 0 0 0 0 0 0 X X 0 0 0 0 0 0 0 0 0 0 0 0 0 0 X X 0 0 0 0 0 0 0 X 0 0 X 0 X 0 0 0 0 0 X X X X 0 0 0 X 0 0 0 0 0 0 0 X 0 0 0 X X 0 X 0 0 0 0 0 0 0 0 0 0 0 X X 0 0 0 X 0 0 0 0 0 0 0 0 X X 0 X 0 0 X 0 0 0 0 0 X 0 0 X 0 0 0 X 0 0 0 X 0 0 0 0 X X 0 0 0 0 0 0 0 X 0 X 0 X 0 X 0 0 X 0 X X 0 0 0 0 X 0 0 0 0 0 X 0 0 0 0 0 0 0 X 0 0 X 0 0 X 0 0 X 0 0 0 X X 0 0 0 X 0 0 0 0 0 0 0 0 0 X X 0 0 0 0 0 0 X X 0 0 X 0 0 0 0 X 0 0 0 0 0 0 0 0 X 0 0 X 0 0 0 0 0 X 0 0 0 0 0 X X 0 X 0 0 X X 0 0 X 0 0 0 0 0 0 X 0 0 0 0 0 0 0 0 0 0 0 0 0 0 0 0 0 0 0 X 0 X X X
X 0 X 0 0 0 X X 0 0 0 X X 0 0 0 X 0 0 0 0 0 0 0 0 X 0 0 0 0 0 0 0 0 0 0 0 0 X 0 0 0 0 0 0 X X X 0 0 0 0 X 0 X X 0 X 0 0 X 0 0 0 0 X 0 0 0 0 0 0 0 0 0 0 0 0 0 0 0 0 0 0 0 0 0 0 0 X 0 0 X 0 0 0 X 0 X 0 0 X 0 0 0 X 0 0 X X 0 0 0 0 0 0 X X 0 0 X 0 0 0 X 0 0 0 0 0 0 0 0 X 0 0 0 0 0 X 0 0 0 0 X 0 0 0 X 0 0 0 0 X 0 X 0 0 0 0 0 0 0 0 0 X 0 X 0 X X 0 X X X 0 0 0 0 0 0 0 0 0 0 0 0 X X 0 0 0 0 0 0 0 0 X 0 0 0 0 0 0 0 0 0 0 0 X 0 0 0 0 0 X 0 0 0 0 0 0 X 0 0 0 X 0 0 0 0 X X 0 X 0 X 0 0 X 0 0 0 0 0 0 X 0 0 0 0 0 0 0 X 0 X 0 0 0 0 0 0 0 0 X 0 X 0 X 0 X 0 0 0 0 X 0 X 0 X 0 0 0 0 0 0 X X 0 0 0 X X 0 0 0 0 0 X X 0 0 0 0 0 0 0 0 0 0 X X X 0 0 0 0 X 0 0 0 X 0 0 0 X 0 0 0 0 0 0 0 X 0 0 0 0 0 0 0 X 0 0 0 X 0 0 0 0 0 0 X 0 X X 0 0 0 0 X 0 0 X X 0 X 0 0 0 X X 0 0 0 0 X 0 0 X 0 0 0 X 0 0 0 X 0 0 0 0 0 0 X 0 X 0 X
X 0 0 0 0 0 0 0 0 0 X 0 0 0 X 0 0 0 0 0 0 0 0 X 0 0 0 0 0 0 0 X 0 X 0 0 0 0 X 0 0 0 0 X 0 0 0 0 0 0 0 0 0 X X X 0 0 0 0 0 X X 0 0 X 0 0 0 0 0 0 0 0 0 X 0 0 0 0 0 0 0 0 X X 0 X X 0 0 X 0 X 0 0 0 0 0 0 0 X 0 0 0 0 0 0 0 0 0 0 0 0 0 0 0 0 0 X 0 X X 0 0 0 0 0 0 0 0 X 0 0 0 0 X X 0 0 0 X 0 0 0 0 X 0 X 0 0 0 0 0 X X 0 0 X X 0 0 0 0 0 0 0 0 0 0 0 0 0 0 0 0 0 0 0 0 0 X 0 X 0 0 0 0 X X 0 0 0 0 0 0 0 X 0 0 X 0 X 0 X 0 0 0 X 0 0 0 X X 0 X 0 0 0 X 0 0 0 0 0 0 0 0 0 0 0 0 0 0 0 0 0 0 X 0 0 X 0 0 0 0 0 X X X 0 0 0 0 0 0 0 0 0 0 0 0 0 0 0 X X 0 0 0 0 0 0 X 0 0 0 0 0 0 0 0 0 0 X X 0 0 0 0 0 0 X 0 0 0 0 X X 0 0 0 0 0 0 0 X 0 0 0 0 0 0 0 X 0 X 0 0 0 X 0 0 0 X 0 0 X 0 0 0 X 0 0 0 0 X 0 X 0 X 0 X 0 0 X 0 0 X X X 0 0 X 0 0 0 0 0 0 0 0 0 0 X X X 0 0 0 X 0 0 0 0 0 0 0 0 X 0 0 0 0 X 0 0 0 X 0 0 0 0 0 0 X 0 0 0 X
X 0 0 0 0 0 0 0 X 0 0 0 X 0 0 0 0 0 0 X 0 0 0 0 0 0 0 X 0 X 0 X X 0 0 0 0 X X X 0 0 0 0 0 0 0 0 0 0 0 0 0 0 0 X 0 X 0 0 0 0 0 0 0 0 0 0 0 0 0 0 X 0 0 0 0 0 0 0 X 0 0 0 X 0 X X 0 0 0 0 0 0 0 0 0 0 0 0 X 0 0 X X 0 0 0 X X 0 0 0 0 0 0 0 0 X X 0 X 0 0 0 0 X 0 X 0 0 0 0 0 0 0 0 0 0 0 0 0 0 0 0 0 0 0 0 0 0 0 0 X 0 0 X 0 X 0 0 X X X 0 X 0 0 0 0 0 0 0 0 0 0 X 0 X X X X 0 0 0 0 0 X 0 0 0 0 0 0 0 0 0 X 0 0 0 0 0 X 0 0 0 0 0 0 X 0 0 0 X 0 0 0 0 0 X 0 0 0 X 0 0 0 0 0 0 0 0 0 0 0 0 0 X 0 0 0 0 X 0 0 0 0 X X X X X X 0 X 0 0 0 0 X 0 0 0 0 X 0 0 0 0 0 0 0 X 0 0 0 0 X 0 0 0 0 0 0 X X X X 0 0 0 0 0 X 0 0 X 0 0 0 0 0 0 0 X 0 0 0 X 0 0 0 0 0 0 0 0 0 X 0 0 0 0 0 0 0 0 0 0 0 0 0 X 0 X 0 0 X 0 0 0 0 X 0 0 0 0 X X 0 0 0 0 X X 0 X 0 0 X 0 X 0 X 0 0 0 0 0 0 0 X 0 0 X 0 0 0 0 0 0 0 0 0 0 0 0 X 0 0 0 X 0 X 0 X 0 0 X
X X 0 0 0 0 0 0 0 0 0 0 X 0 0 0 0 0 0 0 X 0 0 0 X 0 0 0 0 0 X 0 0 0 0 0 X 0 0 0 0 0 X 0 0 0 0 0 0 X 0 0 0 0 X X 0 X 0 0 0 X 0 0 0 X 0 0 0 0 X X 0 0 0 X 0 0 0 0 0 0 0 0 0 X 0 0 0 0 X 0 0 X X 0 0 X X X 0 0 0 0 0 0 0 X 0 0 0 0 0 0 0 X 0 0 X 0 0 0 0 0 0 0 X 0 0 0 0 0 0 0 0 0 0 X 0 X 0 0 0 0 X 0 0 0 0 X X 0 0 0 0 0 0 0 0 0 0 0 0 0 0 0 0 X 0 0 X 0 0 0 0 0 X X 0 0 0 0 0 0 0 X 0 0 X 0 0 0 X 0 0 X 0 0 X 0 0 X X 0 0 0 0 X X 0 0 0 X 0 0 0 0 X X 0 X 0 X 0 X 0 0 0 0 0 0 0 0 0 0 0 0 0 0 0 X X X X 0 0 0 0 0 0 0 0 X 0 X 0 0 0 0 0 0 0 0 0 0 0 X 0 0 0 0 X X X 0 0 0 0 0 0 0 0 0 X 0 0 0 0 0 0 X X 0 0 0 0 X 0 0 X 0 X 0 0 0 0 0 0 X 0 0 0 0 0 0 X 0 0 0 0 0 0 0 0 0 0 0 X 0 0 0 0 0 0 0 X 0 0 0 X 0 0 0 X 0 0 0 0 0 0 0 0 X 0 0 0 0 0 0 X X X 0 0 0 0 0 0 0 0 0 0 X 0 0 0 0 X 0 0 0 0 0 0 0 0 X 0 0 0 0 0 0 0 X 0 X 0 0 X
X 0 X 0 0 0 X 0 0 0 0 0 0 0 0 X 0 0 X 0 X 0 0 0 0 0 0 0 X X 0 0 X X 0 X 0 0 X 0 0 0 0 X 0 0 X 0 X 0 0 0 0 0 X 0 0 0 0 X 0 0 X 0 0 X 0 0 0 0 X 0 0 0 X 0 0 X X X X 0 X 0 0 0 0 X 0 0 0 0 0 0 0 0 0 0 0 0 0 0 X 0 X 0 0 0 0 0 0 0 0 0 0 0 0 0 0 X 0 0 0 0 0 0 0 0 X 0 0 0 0 X 0 0 X 0 0 0 0 0 0 0 0 X 0 0 0 0 0 X 0 0 0 0 0 0 0 X X 0 X X X 0 X 0 X 0 0 0 X 0 X 0 X 0 0 0 X X 0 X X 0 0 0 0 X 0 0 0 0 X 0 0 0 X 0 0 0 0 0 0 0 0 0 X 0 0 0 0 0 0 X 0 X X 0 0 0 0 0 0 0 0 0 X X X 0 X 0 0 X 0 0 0 0 X 0 0 0 0 X 0 0 0 0 0 0 0 0 0 0 0 0 0 0 0 0 0 0 0 0 0 0 0 0 0 0 0 0 0 0 X 0 0 0 X 0 0 0 X 0 0 0 0 0 0 0 0 0 0 0 0 0 0 0 0 X 0 0 X 0 0 X 0 0 0 0 0 0 0 X 0 0 0 0 X 0 0 0 0 X 0 X 0 0 X 0 X 0 0 X 0 0 X 0 0 X 0 0 0 0 X 0 X X X 0 0 0 0 X 0 0 0 0 0 X 0 0 0 X 0 0 X X 0 0 0 0 0 0 0 X 0 0 0 X 0 0 0 0 0 0 0 0 0 0 0 0 X 0 0 0 0 X
X 0 X 0 0 0 X X 0 0 0 0 0 0 0 0 0 0 0 0 0 0 0 X X 0 0 0 0 0 0 X 0 0 X 0 X 0 0 0 0 0 0 X 0 0 0 0 0 0 0 0 0 0 0 0 0 0 0 0 0 0 0 X 0 0 0 X 0 0 0 0 0 0 X 0 0 0 0 0 0 0 0 0 X 0 0 0 0 X 0 X X 0 X 0 0 0 0 0 0 X 0 0 0 X 0 0 0 0 0 X 0 0 0 0 0 0 0 0 0 0 0 0 0 0 X 0 0 0 0 X 0 0 0 0 0 0 X 0 X 0 0 0 0 0 0 0 0 X 0 X X X 0 0 0 0 X 0 X 0 0 0 0 0 0 0 0 X X X X 0 0 0 X X 0 0 X 0 0 0 0 0 0 X 0 0 0 0 0 0 0 0 0 0 X 0 0 0 0 0 0 0 0 0 X 0 0 0 0 0 X X 0 0 0 0 0 0 0 0 0 0 0 0 0 0 0 0 0 0 X X 0 0 0 0 0 0 X X 0 0 0 X 0 0 0 0 X 0 0 0 0 0 0 X 0 X X 0 0 0 0 0 X 0 0 0 0 0 0 0 X 0 X 0 0 0 X 0 0 0 X X 0 0 0 0 0 0 0 0 0 X 0 0 0 0 X X 0 0 X 0 0 0 X 0 0 0 0 0 0 X X X 0 0 X X 0 0 0 X 0 0 0 0 0 0 0 0 X X X 0 0 0 0 0 0 0 0 0 0 0 X X 0 0 X 0 0 0 X 0 0 0 0 0 0 0 0 0 0 X 0 0 0 0 0 0 0 X 0 0 X X 0 0 0 0 0 0 0 X X 0 0 0 X 0 0 0 0 X
X 0 0 0 X X X 0 0 0 0 0 0 0 0 0 0 X 0 0 0 0 0 0 0 0 0 0 0 0 0 0 0 0 0 0 0 0 0 0 0 X 0 0 0 0 0 0 X 0 0 0 0 0 X 0 0 X 0 0 0 0 X 0 0 0 0 0 0 0 0 0 0 0 X X 0 0 0 X 0 0 0 0 0 0 0 0 0 0 0 0 0 0 0 0 X 0 0 0 0 X 0 0 X 0 0 0 X 0 X 0 0 X 0 0 0 0 0 0 0 0 0 0 0 0 0 0 0 0 0 0 0 0 0 X 0 0 0 0 X 0 0 0 0 0 0 0 0 0 X 0 0 0 0 0 0 0 0 X X 0 0 0 0 X X X 0 0 0 X 0 X X 0 0 0 X 0 0 0 0 0 0 0 0 0 0 0 0 X 0 0 0 0 0 0 0 X 0 0 0 0 0 0 0 0 0 0 X 0 0 0 0 0 X X 0 X 0 X 0 0 0 0 0 0 0 0 0 0 0 0 X 0 0 0 0 0 0 X 0 X X 0 0 0 X 0 0 0 0 0 0 0 0 0 0 0 0 0 0 0 X X X 0 X 0 0 0 0 X 0 0 0 0 0 0 0 X 0 0 0 0 X 0 0 0 0 0 X 0 X X 0 0 0 0 0 0 0 0 0 0 0 0 0 0 0 X X 0 0 X X 0 X 0 0 0 0 0 0 0 0 X X X 0 0 0 0 0 X X 0 0 0 0 0 0 0 0 0 0 0 0 X 0 X 0 X 0 0 0 0 0 0 X X 0 0 0 X 0 X 0 X X 0 X 0 0 X 0 0 0 0 0 X 0 X 0 0 0 X X 0 X 0 X 0 0 0 X 0 0 X
X X 0 0 0 0 0 0 0 X 0 0 X 0 X 0 X 0 0 0 0 0 0 X X X X 0 0 0 0 X X 0 0 0 0 0 0 0 0 0 0 0 X 0 0 0 0 0 0 0 0 0 X 0 0 X 0 0 0 0 0 0 0 X 0 0 0 0 0 0 0 0 0 X 0 0 X 0 0 X 0 0 0 0 0 0 X 0 0 X 0 0 0 X 0 0 X 0 0 0 0 0 0 0 0 0 X 0 0 0 0 0 0 0 X 0 0 0 0 0 0 0 0 X 0 0 0 0 X 0 0 0 0 0 0 0 0 X 0 0 0 0 0 0 0 0 X 0 0 0 X 0 0 0 0 X 0 0 0 0 X 0 0 0 0 0 0 X 0 0 0 0 X X X X X 0 X X 0 X 0 0 X 0 X 0 X 0 0 0 0 X X 0 X 0 0 0 X X X 0 X 0 X 0 0 X X 0 0 0 X 0 X 0 0 0 0 0 0 0 0 0 X 0 0 0 0 0 0 X 0 X 0 0 X 0 0 0 X 0 X X 0 0 0 0 0 X 0 0 0 0 0 X 0 0 0 X X X 0 0 0 0 0 0 0 X 0 X X 0 X 0 0 X 0 0 0 0 0 0 X 0 0 0 0 0 0 0 0 0 X 0 0 0 0 0 0 0 0 X 0 0 X 0 0 X 0 0 0 X X 0 0 0 0 0 0 0 0 0 0 0 X 0 0 X 0 0 0 0 0 0 0 0 X X 0 X 0 0 0 0 0 0 0 X X 0 X 0 0 0 X 0 0 0 X 0 X X 0 0 0 X 0 X 0 0 0 0 0 X 0 0 X 0 0 0 0 0 X 0 0 X 0 X 0 0 X 0 0 X
X 0 0 0 X 0 X 0 0 X 0 0 X 0 0 0 0 0 0 0 X 0 0 X X 0 0 0 0 0 0 0 0 0 0 0 X 0 0 X X 0 0 0 0 0 X 0 0 0 0 0 0 0 0 0 X 0 0 0 0 0 0 0 X 0 X 0 X 0 X 0 0 0 X X 0 0 0 0 X 0 X X 0 X 0 0 0 X 0 X 0 X 0 X X 0 0 0 0 0 X X X 0 0 0 0 X 0 X 0 0 X X X X 0 0 0 0 0 0 X 0 0 0 0 0 0 0 X 0 0 0 0 0 0 X 0 0 X 0 0 0 0 0 0 0 0 X 0 0 0 0 0 0 0 0 0 X X X 0 0 0 X X 0 0 X 0 0 0 0 0 0 0 0 0 0 0 0 0 0 X 0 0 0 X X X 0 0 0 X 0 0 0 0 X 0 X 0 X 0 0 0 0 0 0 0 0 0 0 X X 0 X 0 0 0 0 X X 0 0 X 0 X 0 X 0 0 0 X 0 0 0 0 0 0 0 0 0 0 X 0 0 0 0 0 0 0 0 0 X 0 0 X X 0 0 0 0 0 0 0 0 0 0 0 0 0 0 0 0 0 0 0 0 0 0 X 0 0 0 0 X 0 X 0 0 0 0 0 0 0 0 0 0 0 0 X 0 0 X 0 X X X X X 0 X 0 0 0 0 0 0 0 0 0 0 X 0 0 0 X 0 0 0 0 X X 0 0 0 0 0 0 0 0 0 0 X 0 0 0 X 0 X 0 0 0 0 0 0 X 0 0 0 0 0 X 0 0 0 0 0 0 X 0 X 0 X 0 X 0 0 0 0 0 0 0 0 0 0 0 0 0 X 0 0 X 0 0 X
X 0 X X 0 X 0 0 0 0 X 0 0 0 0 0 0 0 0 0 0 0 0 0 0 0 0 0 0 0 0 X 0 0 0 0 0 0 0 0 0 0 0 0 X 0 0 0 0 0 0 0 0 0 0 0 0 X 0 0 0 0 X 0 0 X 0 0 0 0 0 0 0 0 X X 0 0 0 X 0 0 0 0 0 0 0 0 0 0 0 0 0 0 0 0 0 0 0 0 0 0 0 X X 0 0 0 0 0 0 0 0 0 0 0 0 0 0 0 0 0 0 0 0 0 0 0 0 0 0 X 0 X 0 0 0 0 0 0 X 0 0 0 0 0 X 0 0 0 0 0 0 0 0 0 0 0 0 0 0 0 0 0 0 0 0 0 0 X X 0 0 0 0 X X 0 X 0 0 0 0 X 0 0 0 X 0 X X 0 0 0 X 0 X 0 0 0 0 0 X X 0 0 0 0 0 0 X 0 0 0 0 0 0 X X 0 0 0 0 0 X 0 0 0 0 0 0 0 0 0 0 0 0 0 0 0 0 0 0 0 0 0 0 0 0 X 0 0 0 0 0 X 0 X 0 0 0 0 0 0 0 0 X 0 X 0 X 0 0 X X 0 0 0 X 0 0 0 0 0 0 0 X X X X 0 0 0 X 0 0 0 0 0 0 0 0 0 0 0 0 0 0 0 0 X 0 0 0 0 X 0 X 0 0 0 0 X X 0 X 0 X 0 X X 0 0 0 0 0 0 0 0 0 0 0 0 0 0 0 X 0 0 0 0 0 0 0 0 0 0 0 0 X 0 X 0 0 0 0 0 0 0 0 0 0 0 0 0 0 0 0 X 0 0 X 0 X 0 0 0 X 0 X 0 0 0 0 0 0 0 0 0 X
X X 0 0 X 0 X X 0 0 0 0 0 0 0 0 0 X X 0 X 0 0 0 0 X 0 0 X 0 0 0 X X 0 0 0 0 0 X X 0 0 0 0 0 0 0 0 0 X 0 0 0 0 0 0 0 X X 0 0 0 X 0 X 0 0 X 0 0 0 0 X 0 0 0 X 0 0 0 0 0 X X 0 0 X 0 0 0 0 0 0 X 0 0 0 X 0 0 0 0 0 0 0 0 X 0 0 0 0 0 0 0 0 0 0 0 0 0 0 0 0 X 0 0 0 X X 0 0 0 0 0 0 0 0 0 0 0 0 0 0 0 0 0 0 0 0 X 0 0 0 X 0 0 0 0 X 0 0 0 0 0 0 X X 0 X 0 0 0 X X 0 0 0 0 0 0 0 0 0 X 0 0 X X 0 0 0 0 0 0 0 0 X 0 0 0 0 0 0 0 0 0 0 0 0 X 0 X 0 0 X X 0 X 0 0 X 0 0 0 0 X 0 0 X 0 0 0 0 0 0 0 0 X 0 X 0 X 0 X 0 0 0 X 0 0 0 X 0 X X 0 0 0 0 X 0 0 0 0 0 X 0 0 0 0 0 0 0 0 0 0 0 0 0 0 0 X 0 0 0 0 0 0 0 X 0 X 0 0 0 0 0 0 0 0 0 0 0 0 0 0 0 0 0 0 X 0 0 0 0 0 0 X 0 0 X 0 0 X 0 0 X 0 0 0 0 X 0 0 X 0 0 0 0 0 0 0 0 0 0 0 0 X X 0 0 0 0 X 0 0 X 0 0 0 X 0 0 0 0 0 X 0 X 0 X X 0 X X 0 0 0 0 0 0 0 0 0 X 0 0 0 0 X 0 X X 0 0 0 0 0 X
X X 0 0 0 0 X 0 X 0 0 0 0 0 0 0 0 0 X 0 X 0 0 X 0 X 0 0 X 0 X X 0 0 X 0 0 X X 0 X 0 0 X 0 X 0 X X X 0 0 0 0 0 0 0 X 0 X 0 0 0 0 0 0 0 X 0 X 0 0 0 0 X 0 0 0 0 0 X X 0 0 0 0 0 0 X 0 0 0 0 0 0 0 0 0 0 0 0 X 0 0 0 0 0 0 X 0 0 X 0 X 0 0 X 0 0 X 0 0 X X 0 0 0 0 0 0 0 0 0 X 0 0 0 0 0 0 X X 0 0 X 0 X 0 0 0 0 0 X 0 0 0 0 0 X 0 0 X X 0 X 0 X X 0 0 0 X 0 0 0 0 0 0 0 0 0 0 0 0 0 0 X 0 X 0 0 0 0 X 0 0 0 0 X X 0 0 0 0 0 0 0 X 0 0 0 0 0 0 0 0 0 0 0 0 X 0 0 X 0 X 0 X X 0 0 X 0 X 0 0 0 X 0 0 0 X X 0 X 0 X X 0 X 0 0 0 0 0 0 0 0 0 0 0 0 0 0 0 0 0 X 0 0 0 0 0 0 0 0 0 0 0 X 0 0 0 0 0 X 0 0 0 0 0 0 0 0 0 X 0 0 0 0 0 0 0 X 0 0 0 X 0 0 0 0 X 0 X 0 0 X X 0 0 0 X X 0 X X 0 X 0 0 0 X X 0 0 0 0 0 0 0 X 0 0 0 X 0 0 0 0 0 0 0 X 0 0 0 0 0 0 0 X X 0 0 0 0 0 X 0 0 0 0 0 X X 0 0 0 0 0 0 0 0 0 0 0 0 X X 0 X 0 0 0 0 X 0 0 X
X X 0 0 X 0 X 0 X 0 0 0 0 X 0 X X 0 X 0 0 0 0 0 X 0 0 0 0 0 0 0 0 0 0 0 0 0 0 0 0 0 0 0 0 X X X 0 0 0 X 0 X X 0 X 0 X 0 0 X 0 0 0 0 0 0 0 0 0 0 X 0 0 0 0 0 0 0 0 X 0 X 0 0 0 0 0 0 0 0 0 0 0 X 0 0 0 0 0 0 0 0 0 0 0 0 X 0 0 0 0 0 0 X X 0 0 0 0 0 0 X 0 X X X X 0 0 X 0 0 0 0 X 0 0 X X X 0 0 0 0 0 X 0 X 0 0 0 X 0 0 0 0 X 0 0 X 0 0 0 0 0 0 0 0 0 0 0 0 0 0 0 0 0 X 0 0 0 0 0 X X X X 0 0 0 0 X 0 0 0 0 0 X X 0 0 0 0 0 0 0 0 0 0 0 0 0 0 X 0 0 X 0 0 0 0 X 0 0 0 0 0 0 X 0 0 X 0 0 0 0 0 0 0 0 X 0 0 0 X 0 0 0 0 0 X 0 0 0 0 X 0 0 0 0 0 0 0 0 X X 0 0 0 0 0 0 0 0 0 0 0 0 0 0 0 0 X 0 X 0 X X 0 0 0 X X 0 0 0 0 0 0 0 0 0 0 0 0 X X 0 0 0 0 0 0 0 0 0 X 0 0 0 0 X 0 X 0 X 0 X 0 0 0 0 0 0 0 X 0 0 0 0 X 0 0 X X X 0 0 0 0 X 0 0 0 0 0 X X X 0 X 0 0 X 0 0 0 X 0 0 0 0 0 0 X 0 0 0 0 0 0 0 0 0 0 0 0 0 0 X 0 X 0 0 0 0 0 X
X 0 0 0 0 0 0 0 0 0 0 X 0 0 X X 0 0 0 0 X X 0 0 0 0 X 0 0 0 0 0 0 0 0 0 0 0 X 0 0 0 X 0 X 0 0 0 0 0 0 0 0 0 0 X 0 X 0 0 0 0 0 0 0 0 0 0 0 0 0 0 X 0 0 0 0 X 0 0 0 0 X 0 X 0 0 0 X 0 0 X 0 0 0 0 X 0 0 0 0 X 0 0 X 0 0 0 0 0 X X X 0 0 0 0 0 0 0 0 0 0 0 0 0 0 X 0 X 0 0 0 0 0 X 0 0 0 0 0 X 0 0 0 0 0 0 0 X 0 X X 0 X 0 0 0 0 0 0 X 0 0 X 0 0 0 X 0 0 0 0 0 0 0 X 0 X 0 0 X 0 0 0 0 0 X 0 0 0 0 0 0 0 0 0 0 0 0 0 0 X 0 0 0 0 0 0 0 0 0 0 X 0 0 0 X 0 0 0 0 0 0 0 0 0 0 0 X 0 X 0 0 0 0 0 0 0 X 0 X 0 0 0 0 0 0 0 X 0 0 0 X 0 0 0 X 0 0 0 0 0 0 0 0 0 0 0 0 0 0 0 0 0 0 0 0 X X 0 X X 0 0 X 0 0 0 0 X 0 X 0 X 0 0 0 0 0 0 0 0 0 X 0 0 X 0 X 0 0 0 0 0 X 0 X 0 0 0 0 0 X X 0 0 X 0 X X 0 0 0 0 0 X 0 0 0 0 X 0 X 0 X 0 0 0 0 0 0 0 0 0 0 0 0 X 0 0 X 0 0 0 0 0 0 X 0 0 0 X 0 0 0 0 X X 0 X X 0 0 0 0 0 0 X X 0 0 0 0 0 0 X X 0 X
X 0 0 0 0 X X 0 0 0 0 0 0 0 X 0 0 0 X 0 0 X 0 0 0 0 0 X 0 X 0 0 0 0 0 0 X 0 0 X 0 0 0 X 0 0 0 0 0 0 0 0 0 0 0 0 X 0 0 0 0 0 0 0 X 0 X 0 X X 0 0 0 0 0 0 0 X 0 0 0 0 0 0 X 0 0 X 0 0 0 0 0 0 0 X 0 0 0 0 0 0 X X 0 0 0 0 X 0 0 0 0 0 X 0 X 0 0 0 0 0 0 0 0 X 0 0 0 0 0 0 0 0 0 0 0 0 0 0 X 0 X X X 0 X 0 0 X 0 0 0 0 0 0 0 0 0 0 0 0 0 X X X 0 0 0 0 0 0 0 0 0 0 0 0 0 0 X 0 0 X 0 0 0 X 0 0 X 0 0 0 0 0 0 X X 0 0 X X 0 0 0 0 0 0 0 0 X X 0 X 0 X 0 0 0 0 0 0 0 0 0 0 0 X 0 0 0 0 0 0 0 X 0 X X 0 X 0 0 0 0 X 0 0 0 0 0 X 0 X X 0 0 X 0 0 0 0 0 0 0 0 X 0 0 0 0 0 0 0 0 0 0 0 0 0 0 0 0 0 0 0 X X 0 0 0 0 0 0 0 0 0 0 X 0 0 0 0 0 0 0 0 0 0 X 0 0 0 X 0 0 0 X 0 0 0 0 0 X 0 0 0 0 0 0 0 X 0 0 0 X 0 0 0 0 X 0 0 0 0 0 0 0 0 0 X 0 0 0 0 0 0 0 0 0 0 0 0 0 0 0 0 0 0 X 0 X X 0 0 0 0 0 0 0 0 0 0 0 0 0 0 X 0 0 X 0 0 0 X 0 X 0 X
X 0 0 X 0 0 0 0 X 0 X 0 X 0 0 0 0 X 0 0 0 0 0 0 X 0 0 X 0 X 0 0 0 0 0 0 0 0 0 0 0 0 0 0 0 0 X 0 0 X X 0 X 0 0 0 0 0 0 0 0 0 X 0 X X 0 0 0 0 0 0 0 X 0 X 0 0 0 0 0 0 0 0 0 X 0 0 X 0 0 0 X X 0 0 0 0 0 0 0 0 0 0 0 0 0 0 0 0 0 0 X 0 0 0 0 0 0 X X 0 0 0 0 0 X 0 0 0 0 0 0 0 0 0 X 0 0 0 X 0 0 X 0 0 0 X 0 0 0 0 X 0 0 X 0 X 0 0 X 0 0 0 0 0 0 0 0 0 0 0 0 X 0 X X 0 0 0 0 0 0 0 0 0 0 0 X 0 X 0 0 0 0 0 0 X 0 0 0 0 X X 0 0 X 0 0 0 X X X 0 0 0 X 0 0 0 X 0 0 0 X X 0 0 X 0 0 0 0 0 0 0 X X 0 0 0 X 0 0 0 0 0 X 0 0 X 0 0 0 0 0 0 0 0 0 0 X X 0 0 X 0 0 0 0 0 0 X 0 0 0 0 0 0 0 X 0 0 0 0 0 X 0 0 0 0 0 0 0 0 0 0 0 X X 0 0 0 0 0 0 0 0 0 0 X X 0 0 X X 0 0 0 0 X 0 0 0 0 0 0 0 0 0 0 X 0 X X 0 X 0 0 0 0 0 0 0 0 X 0 0 X 0 0 X 0 0 0 0 0 0 0 X X 0 0 0 0 0 0 X 0 X 0 X 0 0 0 0 0 X 0 0 0 0 X 0 0 0 X 0 0 0 0 0 0 0 0 X X X X X
X 0 0 0 0 0 0 0 X 0 0 0 X 0 0 0 0 0 0 0 0 0 X 0 0 0 0 0 0 0 0 0 0 0 0 0 0 X 0 0 0 0 0 0 0 0 0 0 0 0 0 0 0 X 0 0 0 X 0 0 0 X 0 0 0 0 0 X X X X 0 0 0 0 X 0 X X X 0 0 0 X 0 0 0 0 0 0 0 0 0 X 0 0 0 0 X 0 X 0 0 0 0 0 0 0 0 X X 0 X 0 X 0 0 0 X 0 0 0 0 0 0 X 0 0 0 0 0 0 0 0 X 0 0 0 0 0 X 0 X X 0 0 0 X 0 0 X 0 0 0 0 0 0 0 0 0 X 0 X X X 0 0 0 0 0 0 X 0 0 X 0 0 0 X 0 0 0 0 0 X X 0 X X 0 X X 0 0 X 0 0 X 0 0 0 0 0 0 0 0 X X 0 0 X 0 0 0 0 0 0 0 0 0 0 0 0 X 0 0 X X 0 0 0 X 0 0 0 0 0 X 0 0 0 0 X 0 0 0 0 0 0 0 X X 0 0 X 0 0 0 X X 0 0 0 0 0 0 0 0 0 0 0 0 X 0 0 0 0 X 0 0 0 0 0 0 X 0 0 0 0 0 X X 0 0 X 0 0 0 0 0 0 0 0 0 0 X X X 0 0 X 0 0 0 0 0 0 0 0 0 0 0 0 0 0 0 0 0 0 0 0 0 0 0 0 0 X X 0 X 0 X 0 0 0 X 0 X 0 0 0 0 X 0 X 0 0 0 0 0 0 X X 0 0 X 0 0 0 0 0 0 0 0 0 0 0 0 0 X 0 0 0 0 0 0 0 0 0 0 X 0 0 0 0 0 X 0 0 X
X 0 X 0 0 0 0 0 X 0 0 0 X 0 0 0 0 0 X 0 X 0 0 0 X 0 0 0 0 0 0 X 0 0 0 X X 0 0 0 0 0 0 X 0 0 0 0 0 0 X 0 0 X 0 0 0 X 0 0 0 0 0 X 0 0 0 X 0 X 0 0 0 0 0 0 0 X 0 0 0 0 0 0 0 0 0 0 0 0 0 0 X 0 0 0 0 0 0 0 0 0 0 X X 0 0 0 X 0 0 0 X X 0 0 0 0 0 X 0 0 0 0 0 0 0 0 0 0 X 0 0 X X 0 0 0 0 0 0 0 0 0 0 0 0 X X 0 X 0 0 0 X 0 0 0 0 0 X 0 0 0 0 0 0 0 0 0 0 0 X X X 0 0 0 0 0 0 0 0 X 0 X X X X 0 0 0 0 X X X 0 0 X 0 X X 0 0 X X 0 0 0 0 0 0 0 0 X 0 0 0 X X 0 X 0 0 0 0 0 0 0 0 0 0 0 X 0 0 0 0 X X 0 0 X X 0 0 X X X 0 0 X 0 0 0 0 0 0 0 0 0 X 0 0 X 0 0 0 0 0 0 0 0 0 X 0 0 0 0 0 0 0 0 X X 0 0 0 0 0 0 0 X 0 0 X 0 0 0 0 0 X 0 0 0 0 0 0 0 0 0 X 0 0 0 0 X X 0 X X 0 0 0 0 0 0 0 0 0 0 0 0 0 0 X 0 0 0 X 0 0 0 X X 0 0 0 0 X 0 0 X 0 0 0 0 X 0 0 0 0 0 X 0 0 0 0 0 0 0 X 0 0 0 0 0 X 0 X 0 0 0 0 0 0 X 0 X 0 0 0 0 X 0 0 0 X X X
X 0 0 0 0 X X X 0 X X 0 0 0 0 0 0 0 0 0 0 0 0 X 0 0 0 0 0 0 0 0 0 X 0 0 0 X 0 0 0 0 0 0 0 X 0 0 0 0 0 X X 0 0 0 0 X 0 0 X 0 0 X 0 0 0 X 0 0 0 0 0 0 0 0 0 0 X 0 0 X 0 0 0 0 X 0 0 0 0 0 0 0 0 X 0 X 0 0 0 X X 0 0 0 0 0 0 0 0 0 X 0 0 X 0 0 0 0 0 0 0 0 0 0 X X 0 0 0 0 X 0 X 0 0 X 0 X 0 0 0 0 0 0 X X 0 0 0 X 0 0 0 0 0 0 X X 0 0 X 0 0 0 0 0 0 0 X 0 0 0 0 X 0 0 0 X 0 0 0 0 0 0 0 0 0 0 X X 0 0 0 X X 0 0 0 0 0 0 0 0 0 X X 0 0 0 0 0 0 X 0 X 0 0 0 0 0 0 0 0 X 0 X 0 0 0 0 0 0 0 X 0 0 0 0 0 0 0 0 0 0 0 0 X 0 X X 0 0 0 X 0 0 0 0 0 X 0 0 0 0 0 X 0 0 0 0 0 0 0 0 0 X 0 X 0 0 X 0 0 0 0 0 X 0 0 0 0 X 0 X 0 0 0 0 0 0 0 0 0 0 0 0 X 0 0 0 0 X X 0 0 X X X X X 0 0 0 X 0 X 0 0 X X 0 0 0 X 0 0 0 0 0 X 0 0 0 0 X 0 X X 0 0 0 0 0 0 X 0 X 0 0 0 X 0 0 0 0 0 0 0 0 0 X 0 X 0 0 0 0 0 0 0 X 0 0 0 0 0 X 0 0 0 0 0 0 X 0 0 0 X
X X 0 0 X 0 0 X X 0 0 X 0 0 X 0 0 0 0 0 X 0 X 0 0 X 0 0 X X X 0 0 0 0 0 0 0 0 0 0 0 X 0 0 0 X 0 0 X 0 0 0 0 0 0 0 0 X X 0 0 0 0 0 0 0 0 0 0 0 0 X 0 0 0 0 0 0 0 0 X 0 0 X 0 0 0 0 X 0 X X 0 0 0 0 0 0 0 0 0 0 0 0 0 0 0 0 0 0 0 X X X 0 0 0 0 0 0 X 0 0 0 0 0 0 0 0 0 0 0 0 0 0 0 0 0 0 0 0 0 0 0 0 X X 0 X 0 X 0 0 0 0 0 0 0 0 0 0 X X 0 0 0 0 0 0 X 0 0 0 X 0 0 0 0 0 0 0 0 0 0 0 0 X 0 X X 0 X 0 0 0 0 X 0 0 0 0 0 X 0 0 X 0 0 0 0 0 X 0 0 0 X 0 0 0 0 0 0 0 0 0 0 0 0 0 0 0 0 0 0 0 0 0 X 0 0 0 0 0 0 0 X X 0 0 0 0 X 0 0 0 0 0 0 X 0 0 0 0 0 0 0 0 0 0 X 0 0 0 0 0 0 0 0 0 0 0 0 0 0 0 0 X 0 X 0 0 0 0 0 X 0 0 0 0 0 0 0 0 0 0 0 X 0 X 0 0 X 0 0 0 0 X 0 0 0 0 0 0 X 0 0 X X X 0 0 X 0 0 0 X 0 X X 0 0 0 0 0 0 0 0 0 0 0 0 0 0 X 0 X 0 0 0 0 0 0 0 0 0 X 0 0 0 0 0 X X 0 0 0 0 0 0 X 0 0 X 0 0 0 0 0 0 X 0 0 X 0 0 0 0 0 X
X 0 0 0 X 0 X X 0 0 0 0 0 0 0 X 0 0 0 0 0 0 0 0 0 0 0 0 X 0 0 0 X 0 0 0 X 0 0 0 0 0 X X 0 0 0 0 X 0 X 0 0 0 0 0 0 X X X X X 0 0 0 0 0 0 0 0 0 X 0 X X 0 0 X 0 X 0 X 0 0 0 0 0 0 X X 0 X 0 X 0 0 0 0 X X 0 0 0 0 0 0 0 0 0 0 0 0 X 0 0 0 X 0 0 0 0 0 0 0 X 0 0 X 0 0 0 X 0 0 0 0 0 0 0 0 0 0 0 X 0 0 0 X 0 0 0 0 0 0 0 0 X 0 X X 0 0 0 X 0 0 X 0 X 0 0 0 0 0 X X X 0 0 0 X X X 0 0 0 0 0 0 0 X 0 0 X 0 0 0 X 0 0 0 0 X 0 0 X X X 0 0 0 X 0 X 0 0 0 0 X 0 0 0 X 0 0 0 0 X 0 X 0 0 0 0 0 0 0 X 0 0 0 X X 0 0 0 0 0 0 0 0 0 0 0 0 0 0 0 0 0 0 0 0 X 0 0 X X 0 X 0 0 0 0 0 0 0 0 0 0 0 0 0 0 0 X 0 0 0 0 0 0 0 0 0 0 X X 0 0 0 0 0 X 0 0 X 0 0 0 0 0 0 0 0 0 0 0 0 0 0 X 0 0 0 0 X 0 X 0 0 X 0 0 0 0 0 X 0 X X 0 0 0 0 0 0 X X 0 0 0 0 0 0 0 0 X 0 X X X X 0 0 0 0 0 X X 0 0 0 0 0 0 X 0 0 0 X 0 0 X X X 0 X X 0 0 0 X X 0 0 0 0 0 X
X 0 0 0 0 0 X X 0 0 X 0 0 0 0 0 X X 0 X 0 0 0 0 0 0 0 0 0 0 0 0 X 0 0 0 X 0 0 0 0 0 X 0 0 X X 0 0 0 0 X 0 X 0 X 0 0 X 0 0 0 0 0 0 0 0 X 0 0 0 0 0 0 0 0 0 0 0 0 X 0 0 0 0 X 0 0 0 0 0 0 0 0 X 0 0 0 0 0 0 X 0 0 X 0 0 0 0 X X 0 0 0 0 X 0 X 0 X 0 0 0 0 0 0 X 0 X 0 X 0 X 0 0 0 0 0 0 0 0 0 0 0 0 0 0 0 0 0 0 0 0 0 0 0 0 0 0 0 X X X 0 0 0 0 0 X 0 X 0 0 0 0 0 0 0 0 0 0 0 0 0 0 0 0 X 0 X 0 X X 0 0 0 0 0 0 0 0 0 X 0 0 0 X 0 0 0 0 0 0 0 0 0 X 0 X 0 0 X 0 0 0 0 0 0 0 0 0 X 0 0 0 0 0 0 0 0 0 0 0 X 0 X X 0 X 0 0 0 0 X 0 0 0 0 0 0 0 X 0 0 0 0 0 0 0 X 0 0 0 0 0 0 0 0 0 0 0 0 0 0 0 X 0 0 0 0 X 0 0 0 0 0 X 0 0 0 0 X X X X 0 0 0 0 X 0 0 0 0 0 0 0 0 X X 0 0 0 0 0 X 0 0 0 0 0 0 0 0 0 0 0 0 0 0 0 0 0 0 X X 0 0 0 0 0 0 X 0 0 0 0 0 0 0 0 0 0 0 0 0 X 0 0 X X 0 X 0 X 0 0 0 0 0 0 0 0 0 0 X 0 0 0 X 0 0 0 0 0 0 0 0 0 X
X 0 X 0 0 0 0 0 0 0 0 X X 0 0 0 0 0 0 0 0 0 0 0 0 X 0 0 0 0 0 0 X 0 0 0 0 0 0 X X 0 0 X 0 0 0 0 0 X 0 X 0 X X 0 0 X 0 0 0 0 X X X 0 0 0 0 0 0 0 0 0 X 0 0 0 0 0 X 0 0 0 X X 0 0 0 0 0 X 0 X 0 0 X 0 0 X 0 X 0 0 0 X 0 0 X X X 0 0 0 0 0 0 X 0 0 0 0 0 X X X 0 0 0 0 0 0 0 0 0 0 0 0 X 0 0 0 0 0 0 0 0 0 0 0 0 0 0 X 0 0 0 0 0 0 0 0 0 X 0 0 0 0 0 0 0 0 X 0 0 0 0 0 0 0 0 0 X X X 0 0 0 0 0 0 0 0 0 0 X X 0 0 X 0 0 0 0 0 X 0 0 0 0 0 X 0 0 0 X X 0 0 X X X 0 0 X X 0 0 0 0 X X X 0 0 0 0 0 0 0 0 0 0 0 X X 0 X 0 0 0 0 X 0 0 X 0 0 X 0 0 X 0 X 0 0 0 X 0 0 0 0 0 0 0 0 0 0 X 0 X 0 0 0 0 0 X 0 0 X 0 0 0 0 0 0 0 0 0 0 0 0 0 0 0 0 X 0 0 0 0 0 0 X 0 0 0 X 0 0 X X 0 0 0 0 0 0 X 0 0 0 0 0 0 0 0 0 0 0 0 X 0 X 0 0 0 0 0 0 0 0 0 0 X X 0 0 X X 0 X 0 0 X 0 X 0 0 X 0 0 0 0 0 0 0 0 X 0 X 0 0 0 0 0 X 0 0 0 0 0 0 X 0 0 0 0 0 X
X 0 X 0 0 0 0 X X 0 0 0 X X X X X X 0 0 0 0 0 0 X 0 X 0 0 0 0 0 X 0 0 0 0 0 0 0 X 0 0 0 0 0 0 0 0 0 0 X 0 0 0 X X 0 0 0 X 0 0 X X 0 0 0 0 0 0 X X 0 X X 0 0 X 0 0 0 0 X 0 X 0 0 0 0 0 0 0 X 0 X 0 0 0 0 0 0 X 0 0 0 0 X 0 0 0 X 0 0 0 0 0 0 0 0 X 0 0 0 0 0 0 0 0 X 0 X 0 X 0 0 X X 0 X 0 0 0 X 0 0 0 0 0 0 X 0 X 0 0 0 0 0 0 X 0 0 0 X 0 X 0 0 0 0 0 X 0 0 0 X 0 0 0 0 0 X 0 0 0 X 0 X 0 0 0 0 0 0 0 0 0 0 0 0 0 0 X 0 0 0 0 0 0 0 0 0 0 0 0 0 X 0 0 0 0 0 X 0 0 0 0 X 0 X X 0 0 X 0 0 0 0 0 0 0 0 0 0 0 0 0 0 0 0 0 0 0 0 0 0 0 0 0 0 0 0 0 0 X 0 0 0 0 0 0 0 0 X 0 0 0 0 0 0 0 0 0 0 0 0 0 0 0 0 X 0 X X 0 0 0 0 X 0 0 X X 0 0 0 X 0 X 0 0 0 0 0 0 X 0 0 0 X 0 0 0 0 0 0 0 0 0 0 0 X X X 0 0 0 0 0 0 0 0 X 0 0 0 0 0 X 0 X 0 0 X 0 0 0 0 0 X 0 X X 0 X 0 X 0 X 0 0 0 0 0 X X 0 0 0 0 0 0 0 0 X 0 0 0 0 X X 0 0 0 0 0 0 0 0 X
X X 0 0 0 X 0 X 0 0 0 0 0 0 0 0 0 X 0 0 X 0 0 0 0 0 0 X X X 0 0 X 0 0 0 X 0 0 X 0 0 0 0 0 0 0 0 0 X 0 0 X 0 0 0 0 0 0 0 X X 0 0 0 0 0 0 0 0 0 0 0 X 0 X 0 0 X X 0 0 0 X 0 X 0 0 0 0 0 0 0 X 0 0 0 0 X X 0 0 0 0 X 0 X 0 0 X X 0 0 X 0 0 0 0 0 0 0 0 0 0 0 0 X 0 0 0 0 X X X 0 X 0 X 0 X 0 0 0 0 X 0 0 0 0 0 0 0 0 0 X 0 0 X 0 0 0 0 0 X X 0 X 0 0 0 X 0 0 0 0 X X 0 0 0 0 0 0 0 0 0 0 0 0 X 0 0 0 X 0 0 0 0 0 0 0 0 0 X X 0 0 0 0 0 0 0 X 0 0 0 0 0 0 X X X 0 0 0 0 X X 0 0 0 0 0 0 0 0 0 X 0 0 0 0 0 X 0 0 0 0 X 0 0 0 X 0 X 0 0 0 0 X 0 0 0 X 0 0 0 0 0 0 X 0 0 0 0 0 0 0 0 0 0 0 0 0 0 0 0 0 0 0 0 0 0 0 0 0 0 0 X 0 0 0 X 0 0 X 0 0 0 0 0 0 X 0 0 0 0 X X 0 0 X 0 X X 0 0 0 0 0 X 0 0 0 0 0 0 0 X 0 0 0 0 0 X 0 X 0 0 X 0 0 0 0 X 0 0 0 0 0 X X 0 0 0 0 0 0 0 0 0 0 0 0 0 0 0 0 0 0 0 X 0 0 0 0 0 0 0 0 0 0 0 X 0 0 0 0 0 X
X 0 0 0 0 0 0 0 0 0 0 0 0 X 0 0 X 0 0 0 0 0 0 0 X 0 0 X 0 0 0 0 0 X 0 0 0 0 0 X 0 0 0 0 0 0 0 0 0 0 X 0 0 0 X 0 0 0 0 X 0 0 0 0 0 0 0 X 0 X 0 X 0 0 0 0 0 0 0 0 0 0 X 0 X 0 0 0 0 0 X 0 X 0 0 0 0 X 0 0 0 0 X 0 0 0 X X 0 0 0 0 0 X X 0 X 0 X 0 0 0 X X 0 X 0 0 0 0 0 X X 0 0 0 0 0 0 0 0 X 0 0 X X 0 0 0 0 X X 0 0 0 0 0 0 0 X 0 0 0 0 0 0 0 0 0 0 X X 0 0 0 0 0 X 0 X 0 0 0 0 X 0 0 0 0 0 X 0 X X 0 X 0 0 X 0 0 X X 0 0 0 0 0 X 0 0 X 0 0 0 0 0 0 0 0 0 0 0 0 X 0 0 0 0 0 0 0 X 0 0 0 0 0 0 X 0 0 X 0 0 0 0 0 0 0 0 0 0 0 0 X 0 0 X 0 0 0 0 0 X X 0 X 0 0 0 0 0 0 0 0 X 0 0 0 0 0 X 0 X X 0 0 0 0 0 X 0 0 X 0 0 0 0 0 0 0 0 0 0 X 0 0 0 0 0 0 0 0 X 0 0 0 0 X X 0 0 0 0 0 X 0 0 0 0 X 0 0 0 X X 0 0 0 0 0 X 0 0 0 X 0 0 0 0 0 0 0 0 0 0 X 0 0 0 0 X 0 0 0 0 0 X 0 0 0 X 0 X X 0 0 0 0 0 0 X 0 X X 0 X 0 0 0 0 0 0 0 0 X 0 0 X
X 0 X 0 0 0 0 X 0 0 0 0 0 X 0 X 0 0 0 0 X 0 0 0 0 X X 0 X 0 0 0 0 0 X X 0 0 X X 0 0 0 0 0 0 0 0 X 0 0 0 0 0 X 0 0 X X X 0 0 0 0 0 0 X 0 0 X 0 0 X X 0 0 0 0 0 0 0 0 0 0 0 X 0 X 0 0 0 0 X 0 0 0 0 X X 0 0 X 0 X 0 X 0 0 0 X 0 0 0 0 0 X 0 0 X 0 0 0 0 0 0 0 0 0 0 0 0 0 0 0 0 0 0 0 0 0 X 0 0 X X 0 0 X 0 X 0 0 X 0 0 0 0 0 0 0 X 0 0 0 0 X 0 0 0 0 0 0 0 X 0 0 X X 0 0 0 0 X 0 0 X 0 0 0 0 0 0 0 0 0 0 X 0 0 0 0 0 0 X 0 0 0 0 0 0 0 X 0 0 0 X 0 X 0 0 0 0 0 0 X 0 0 0 0 0 X X 0 0 0 0 0 X 0 0 0 X 0 0 0 0 0 0 0 0 0 0 0 0 0 0 0 0 0 0 0 0 0 0 0 0 0 0 0 0 0 X 0 0 0 0 0 0 0 0 0 0 0 X 0 0 X 0 0 0 0 0 X 0 X 0 0 0 X 0 0 0 X 0 0 0 X 0 0 0 0 0 0 0 0 X 0 0 0 0 0 0 0 0 0 0 X 0 0 0 0 0 X X X 0 X 0 0 0 X 0 X X X 0 0 0 0 0 0 0 0 0 0 0 X 0 0 0 0 0 0 0 X 0 X 0 0 0 X 0 0 0 0 0 0 0 0 0 X 0 0 0 0 0 0 0 0 X 0 0 0 0 0 X 0 0 X X
X X X 0 0 0 X 0 0 0 0 0 0 0 X 0 X 0 0 X 0 0 0 0 0 0 0 0 X 0 0 0 0 0 0 0 0 0 0 0 0 0 0 X 0 0 0 0 0 0 0 X X 0 0 X 0 0 X X 0 0 0 X 0 0 X 0 0 0 X 0 0 X 0 0 0 X 0 0 0 X 0 0 X 0 0 0 0 0 0 0 0 X 0 0 X 0 0 X 0 0 0 0 X 0 0 X 0 X X 0 0 0 0 0 X 0 X 0 X 0 X X 0 0 0 X 0 0 0 0 X 0 0 0 0 0 X 0 0 0 0 X 0 X 0 0 0 0 0 0 0 0 0 X X 0 0 0 0 0 0 0 0 0 X 0 0 0 X 0 0 X X X 0 0 X 0 0 0 0 0 0 0 0 X 0 0 0 0 0 X 0 X 0 X X 0 0 0 0 0 0 0 0 0 0 0 0 0 0 0 0 0 0 0 X 0 0 0 0 0 0 X 0 0 0 0 0 0 X X 0 0 0 0 X X 0 0 0 0 X 0 X 0 X 0 0 0 0 0 0 0 0 0 0 0 0 X 0 0 0 0 X X 0 0 0 0 X 0 0 0 X 0 X 0 0 0 X X 0 0 0 0 0 0 0 X 0 0 0 X 0 X 0 0 0 0 X 0 0 0 0 0 0 0 0 X 0 0 X X 0 0 X X 0 0 X 0 X 0 X 0 0 0 0 0 0 X 0 X 0 0 0 0 0 0 0 0 0 X X 0 X 0 0 0 0 0 0 0 0 0 0 0 0 0 0 0 0 0 X 0 0 0 0 0 0 0 0 0 0 0 0 X 0 0 X 0 0 X X 0 0 0 0 0 X 0 0 X 0 0 0 X
X 0 X 0 0 0 0 0 0 0 0 0 X 0 0 X 0 0 X 0 0 0 X 0 X 0 X 0 X 0 0 0 0 0 0 0 X 0 0 0 0 0 X 0 0 0 0 0 0 0 0 0 0 0 0 0 0 0 0 0 0 X 0 0 0 0 X 0 X 0 X 0 0 0 0 0 0 0 0 0 X 0 0 0 0 0 X 0 0 0 0 0 X 0 X 0 0 0 0 X 0 0 0 X 0 0 0 0 0 0 0 0 0 X 0 0 0 0 0 0 0 0 0 0 0 0 X X 0 0 0 0 0 0 0 0 X 0 X 0 0 0 X 0 0 0 0 0 0 X X 0 0 0 0 0 X X 0 X X 0 0 0 0 0 0 X 0 0 0 0 X 0 0 0 0 0 0 0 0 0 X X X 0 0 0 0 0 0 0 0 0 0 0 0 0 0 X X 0 0 0 0 0 X 0 X 0 0 X 0 0 0 0 0 X 0 0 0 0 0 0 0 0 0 X 0 0 0 0 0 0 0 0 0 0 0 0 0 X 0 0 0 0 X 0 0 0 X 0 0 0 0 0 0 0 0 0 0 0 X 0 0 0 0 X 0 0 0 X 0 0 0 X X 0 0 0 0 0 0 0 0 0 X 0 0 0 0 0 0 0 X 0 0 0 0 X X 0 0 0 X 0 0 0 0 0 X 0 0 0 X 0 X X 0 0 0 0 X 0 0 0 0 X 0 0 0 0 X X X 0 0 0 0 0 0 0 0 0 0 0 X 0 0 0 0 X 0 0 0 0 X 0 0 0 0 0 0 X X X 0 0 0 0 0 0 X 0 0 0 0 0 0 0 X 0 X 0 0 X 0 0 0 X X 0 0 0 0 0 0 0 0 X
X 0 X 0 0 0 0 0 0 X 0 X X X 0 X 0 X 0 0 0 0 X 0 X 0 0 0 0 0 0 0 0 0 X 0 0 0 0 0 0 0 0 0 0 0 0 X 0 0 X 0 X 0 0 0 0 X 0 0 X 0 0 0 0 0 0 X 0 0 X 0 0 0 0 0 0 0 0 X 0 0 0 0 0 0 X X X 0 0 0 X 0 0 X 0 0 X X 0 0 0 X 0 0 0 X 0 0 0 0 0 0 X 0 0 0 0 0 0 0 X 0 0 X X 0 0 0 0 0 0 0 X X 0 0 0 X 0 0 0 0 0 0 0 0 0 0 0 0 0 0 0 0 0 X X 0 0 0 0 0 X 0 0 0 0 0 0 0 0 0 0 0 0 0 X 0 0 0 0 X 0 0 0 0 0 0 0 0 X 0 X 0 0 X 0 X 0 0 0 0 0 X 0 0 X X X 0 0 0 0 X 0 0 X 0 0 0 X 0 X 0 0 0 0 0 0 X 0 0 0 0 X 0 0 X 0 X X 0 0 0 X 0 0 0 0 0 0 0 0 X 0 0 0 0 0 0 0 X 0 X 0 X 0 0 0 X 0 0 X 0 0 X 0 0 0 X 0 X 0 0 0 0 0 0 0 X 0 0 0 0 0 0 0 0 0 0 0 0 0 0 X 0 0 0 X 0 0 0 0 0 X 0 0 0 0 X X 0 X X 0 0 0 X 0 0 0 X 0 0 0 0 0 0 0 0 0 X 0 0 X 0 0 X 0 X X X 0 0 X X 0 0 0 0 0 X X 0 0 0 0 0 0 0 0 0 0 0 0 0 0 0 0 0 0 0 X 0 0 0 0 0 0 0 0 0 0 0 0 0 X X
X X 0 0 0 0 0 0 0 0 X 0 0 0 0 0 0 0 0 0 0 0 0 0 X 0 0 0 0 X 0 0 X X 0 X 0 0 X 0 0 0 X 0 0 0 X 0 0 0 0 X 0 0 0 X 0 0 0 0 X 0 0 0 0 0 0 0 0 0 0 0 0 0 0 0 0 0 0 0 0 0 X 0 0 0 X 0 X X 0 0 0 0 0 0 X 0 0 0 0 0 0 0 0 0 0 0 0 0 X 0 0 0 0 0 0 0 0 0 0 0 X 0 0 0 0 0 0 0 X 0 0 0 0 X X 0 X 0 X X 0 0 0 0 0 0 0 0 0 0 0 0 0 X 0 0 0 0 0 0 0 X 0 0 0 0 0 0 X 0 X 0 0 0 0 0 0 0 0 0 0 X 0 0 0 0 X 0 0 0 0 0 0 X 0 0 0 0 X 0 X 0 X 0 0 0 0 0 0 0 X 0 0 X 0 0 0 X 0 0 0 0 0 0 0 0 X X 0 X 0 0 0 0 0 0 0 X X 0 0 0 X 0 0 0 0 0 0 0 0 0 0 0 0 X X X 0 0 0 X 0 0 0 0 0 0 0 0 0 0 0 0 0 0 0 X 0 0 0 X 0 0 X 0 0 0 0 0 0 0 0 X X 0 0 0 0 0 0 X 0 X X 0 0 0 0 0 0 0 X X 0 X 0 0 X 0 0 0 0 0 0 0 X 0 0 0 0 0 0 X 0 0 0 0 0 0 0 0 0 0 0 0 0 0 X 0 0 0 X 0 0 0 0 0 X 0 0 0 0 0 0 X 0 0 X 0 0 0 0 0 0 0 0 0 0 0 0 0 0 0 0 0 X 0 0 X 0 0 0 0 0 X 0 X
X 0 X 0 0 0 0 0 0 0 0 0 0 X 0 0 0 0 0 0 0 0 0 0 0 0 X 0 0 0 0 X 0 X 0 0 0 0 0 X X 0 0 0 0 0 X 0 X 0 0 0 0 0 0 X 0 X 0 0 0 X X 0 X 0 0 0 0 0 0 0 X 0 X 0 0 X 0 0 0 X 0 0 X 0 0 0 0 0 0 0 0 0 X 0 X 0 0 0 X 0 0 X 0 X 0 0 0 0 X 0 X 0 0 0 X 0 X 0 0 X 0 0 0 0 0 X X X X X 0 X X 0 0 0 0 0 0 X X 0 X X 0 X 0 0 0 0 0 0 X 0 0 0 0 0 X 0 0 0 0 0 X 0 0 0 0 X 0 0 0 0 0 0 0 0 X 0 X 0 X X 0 0 0 0 0 0 0 0 0 0 X 0 0 X 0 X 0 0 0 0 X 0 X 0 0 0 0 0 0 X 0 0 X 0 0 0 0 0 0 0 0 X X 0 0 0 0 0 0 X 0 0 0 X 0 X X 0 0 X 0 X 0 X X 0 0 X 0 0 0 0 X 0 0 0 0 0 0 0 0 0 0 0 X 0 X 0 0 0 0 0 0 X 0 0 X 0 0 0 0 0 0 X 0 0 0 0 X X 0 0 0 0 0 X 0 0 0 0 X X 0 X X 0 0 X 0 0 0 0 X 0 0 0 0 X 0 0 X 0 0 X 0 0 0 0 0 X X 0 0 0 0 X 0 0 0 0 0 0 X 0 0 0 0 0 0 0 0 0 0 0 0 0 0 0 0 0 X X 0 0 X X 0 0 0 0 0 X 0 0 0 0 0 0 0 0 X 0 0 0 0 0 X 0 0 X 0 0 0 X
X 0 0 0 0 0 0 0 0 0 0 0 0 0 0 0 X 0 0 0 0 0 0 0 0 0 X 0 0 0 0 0 0 0 0 0 0 0 0 0 0 0 0 X 0 0 0 X 0 0 0 X 0 X 0 0 0 0 X X 0 0 X 0 0 X 0 X X 0 0 0 0 0 X 0 0 0 0 X 0 0 0 0 0 X 0 0 0 X 0 X 0 0 X 0 0 X 0 0 0 0 0 0 0 0 0 0 0 X X 0 0 0 0 0 0 0 0 0 0 0 0 X 0 X X 0 0 0 0 0 0 0 0 0 X X X 0 0 0 0 0 0 X 0 0 0 0 0 0 0 0 0 0 0 0 0 0 0 0 0 0 0 0 0 0 0 X 0 X 0 0 0 0 0 0 0 0 0 0 0 X 0 X 0 0 0 0 0 0 0 0 X X X 0 0 0 X 0 0 0 X 0 0 0 0 0 0 0 0 0 0 X 0 0 0 0 0 X 0 0 0 X X X X X 0 X X 0 0 X 0 0 0 0 0 X X 0 0 0 X 0 0 0 0 0 0 0 0 0 0 0 0 0 X 0 0 0 0 0 0 0 0 0 0 0 0 0 0 0 0 X 0 0 0 X 0 0 0 0 X X X 0 0 0 0 X 0 0 0 0 X 0 0 0 X X 0 0 0 0 0 X 0 X X 0 0 0 0 0 0 0 X X 0 0 X 0 0 X 0 X X X 0 0 X 0 0 0 0 0 0 0 0 X 0 0 0 X 0 0 0 0 0 0 X 0 0 X X 0 0 0 X 0 0 X X 0 0 X 0 X 0 0 0 0 0 0 X 0 0 0 0 0 0 0 X 0 X 0 0 0 0 X 0 0 0 0 0 X
X 0 0 X 0 X 0 X 0 0 0 0 0 X 0 0 X 0 0 0 0 X 0 0 0 0 X X 0 0 0 0 0 X 0 X 0 0 0 0 0 0 0 0 0 0 0 0 0 0 0 0 0 0 X 0 0 0 X 0 0 0 X 0 0 0 0 X 0 X 0 X 0 X X 0 0 0 0 0 0 X X 0 0 X 0 0 0 X 0 0 0 0 0 0 0 0 0 0 X 0 0 0 0 0 0 0 0 0 0 0 0 0 X 0 0 0 X 0 0 0 0 0 0 X 0 X 0 0 0 0 0 0 0 0 0 X X 0 X X 0 X 0 0 0 0 0 0 X 0 X 0 0 0 0 0 0 0 X 0 X 0 0 0 0 0 0 X 0 0 0 0 0 0 0 0 0 0 X 0 0 0 0 0 0 0 0 0 0 X 0 0 0 0 0 X 0 0 0 0 0 0 0 0 0 0 0 X 0 0 0 0 0 0 0 0 0 0 0 0 0 0 X 0 X 0 0 X 0 X X 0 0 0 0 0 0 X 0 0 0 0 X 0 X 0 X X 0 0 0 0 0 0 X 0 X 0 0 0 0 0 0 X 0 0 0 0 0 0 0 0 0 X X 0 0 0 0 0 0 0 0 0 0 0 0 0 0 0 0 0 X 0 0 0 0 0 0 0 0 0 0 X 0 0 0 0 0 0 0 0 0 0 X X 0 0 0 0 0 0 0 0 0 0 X 0 0 0 0 0 0 X 0 0 0 0 0 0 0 0 0 X 0 X 0 0 0 0 0 0 0 0 X 0 X 0 0 0 0 0 0 0 X X 0 X X X 0 0 0 0 0 0 0 0 0 0 0 0 0 0 0 0 0 0 X 0 X 0 0 X 0 X 0 X
X 0 X 0 X 0 X 0 0 0 0 0 X 0 0 0 0 0 0 0 0 X 0 0 0 X 0 X X 0 0 0 0 0 0 0 0 X 0 X 0 0 0 0 0 0 0 0 0 0 0 0 0 0 0 0 0 X 0 X 0 X 0 X 0 0 0 0 0 X X X 0 0 0 0 0 0 0 0 0 X 0 X 0 0 0 0 X X 0 0 0 0 0 0 X 0 0 0 0 0 0 0 0 0 0 X 0 0 0 0 X X X 0 0 0 X 0 0 X 0 0 0 0 0 0 0 0 X 0 0 X 0 X 0 0 0 0 0 X 0 X 0 0 0 X 0 X 0 X 0 0 0 0 0 0 X 0 0 X 0 0 0 0 0 0 0 0 0 0 0 0 0 X 0 X 0 0 0 X X X X 0 0 0 0 0 0 0 0 X 0 X 0 0 0 0 0 0 0 X 0 0 0 0 0 X 0 0 0 0 0 0 0 0 0 0 0 0 0 0 0 0 0 X 0 0 X 0 0 0 0 0 X 0 0 0 0 0 0 0 0 X 0 0 0 0 0 0 X 0 X 0 0 0 0 0 X 0 X 0 0 0 0 0 0 0 0 0 X X X X 0 X X 0 0 0 0 X 0 0 0 0 0 X 0 0 0 0 0 X X X X 0 0 X 0 0 X 0 0 X 0 0 0 X X 0 0 X X X 0 0 0 0 X 0 0 X 0 0 0 0 X 0 0 0 0 0 0 0 0 0 0 0 0 0 0 0 X X 0 0 X 0 0 0 0 0 0 0 X X 0 X 0 0 0 0 0 0 0 0 0 0 0 0 X 0 0 X 0 0 0 0 0 X 0 X 0 0 0 X 0 X X 0 0 0 0 0 0 X
X 0 0 0 0 0 0 0 0 0 X 0 0 0 0 0 0 0 0 0 X X 0 0 0 0 X 0 0 0 0 0 0 0 0 X 0 0 0 X X 0 0 0 X X 0 0 0 X 0 0 0 0 X 0 0 0 0 X 0 X 0 X X X 0 X 0 0 0 X 0 0 0 0 0 X 0 X 0 X 0 0 0 0 0 0 X 0 X 0 0 0 0 X 0 0 0 0 X 0 0 0 0 0 0 0 0 0 0 0 0 0 X 0 0 0 X X 0 X 0 0 0 0 X 0 0 0 X X 0 0 0 0 0 0 0 0 0 0 0 0 0 0 0 0 0 0 0 0 0 0 0 X 0 0 0 0 0 0 0 0 0 0 0 0 0 0 0 0 0 0 0 0 0 0 0 0 0 0 X X 0 0 0 0 0 X 0 X 0 0 0 X 0 0 X 0 X X 0 X 0 0 0 0 0 0 0 0 0 0 0 0 0 0 0 0 0 X X X 0 0 0 X 0 0 X 0 X 0 0 0 0 X 0 X 0 0 0 0 X 0 0 0 X 0 0 0 0 0 0 0 0 0 0 0 X 0 0 0 0 0 0 X X 0 0 0 0 0 X 0 0 0 0 X 0 0 0 0 X 0 0 0 0 0 0 X 0 0 0 0 0 0 X 0 0 0 X 0 0 0 0 0 0 0 0 0 X 0 0 X 0 0 0 0 0 0 0 0 0 0 0 0 0 0 0 0 0 0 0 0 0 0 0 X X 0 0 0 0 0 X 0 0 0 0 X 0 0 0 X 0 0 0 0 0 0 0 X X 0 0 0 0 0 0 0 0 X 0 0 0 0 0 0 0 0 0 0 0 X 0 0 X 0 0 X 0 X 0 0 0 0 X X
X 0 X 0 0 0 0 X 0 0 0 X 0 0 0 X 0 X 0 X X X 0 0 0 0 X X 0 0 0 0 X 0 0 0 0 0 0 0 0 0 X 0 0 X 0 0 0 0 0 0 0 0 0 X 0 0 0 0 0 0 0 0 0 0 X 0 0 0 0 0 0 X 0 0 0 X 0 0 0 0 0 X 0 0 0 0 0 0 0 0 X 0 0 0 0 0 X 0 0 X 0 0 0 X 0 X X 0 0 0 0 0 0 0 0 0 0 0 0 0 0 0 0 0 0 0 0 X X X 0 0 X X 0 0 X 0 0 0 0 0 0 X 0 X 0 X X X 0 0 0 0 0 0 0 0 0 X 0 0 0 0 0 0 0 X 0 X 0 0 0 0 0 0 0 X X 0 X 0 0 0 X 0 0 0 X X 0 0 0 X 0 X 0 0 0 0 0 0 0 0 0 0 0 0 0 X 0 X 0 0 0 0 0 0 0 0 0 0 0 0 0 0 0 X 0 0 0 0 0 0 0 X 0 0 X X 0 0 0 0 0 0 0 0 0 0 X 0 0 0 X 0 0 0 0 0 0 0 0 X X 0 0 0 0 0 0 X 0 0 0 0 X 0 0 0 X 0 0 0 0 0 0 0 0 0 0 X X 0 0 0 0 0 0 0 0 0 X 0 0 0 X X 0 0 X 0 0 0 X 0 0 0 0 0 0 0 X 0 0 0 0 0 0 0 X 0 0 X 0 X X X 0 0 0 0 0 0 0 0 0 0 0 0 0 0 0 0 0 0 0 X 0 0 0 0 0 0 X 0 0 X 0 0 0 0 0 0 X 0 0 0 0 0 X 0 0 0 X 0 0 0 0 0 0 0 X X 0 0 0 X
X 0 0 0 0 X 0 X X 0 0 X 0 X 0 0 0 0 0 0 0 0 0 0 X X X X 0 0 X 0 0 0 0 0 X X 0 0 0 0 0 0 0 0 0 X 0 0 0 0 0 0 0 0 X 0 X 0 X 0 X 0 X 0 0 0 0 0 0 0 0 0 0 0 0 0 0 0 X 0 X X 0 0 X 0 0 0 X 0 0 0 0 0 0 0 0 0 0 X 0 X X 0 0 X 0 0 X X 0 X 0 0 0 0 0 X 0 0 0 0 0 0 0 0 X X 0 0 0 0 0 0 0 0 0 0 X 0 0 0 0 X 0 0 0 0 0 X 0 X 0 0 0 X 0 0 0 0 X 0 0 0 X 0 0 0 X 0 X 0 0 0 0 0 0 0 0 0 X 0 0 0 0 0 0 X 0 0 0 X X 0 0 0 0 X 0 0 0 0 0 0 0 0 0 X 0 0 X 0 0 0 0 0 0 0 0 0 0 X X 0 0 0 X 0 0 0 X 0 0 0 0 0 X 0 0 X 0 0 0 0 0 0 0 0 0 X 0 0 0 0 X X 0 X 0 0 0 0 0 0 0 0 0 0 0 0 0 X 0 0 0 0 0 0 0 0 0 0 X 0 0 0 0 0 0 0 0 0 0 0 0 0 0 X 0 0 X 0 0 0 X 0 0 X 0 0 0 0 X 0 0 0 0 0 0 0 0 0 0 X 0 0 0 0 0 0 0 0 0 0 0 0 0 0 0 0 0 X X 0 0 0 0 0 0 0 0 0 0 0 0 X 0 X 0 0 X 0 X 0 X 0 X 0 0 X 0 0 0 0 0 0 0 X 0 0 0 0 0 0 0 X 0 X 0 0 0 0 0 0 X X 0 X
X X 0 0 X X 0 X X 0 0 0 0 0 0 0 0 X 0 X 0 0 0 0 0 0 0 0 0 0 0 0 0 0 X 0 X 0 X 0 0 0 0 0 0 0 X 0 0 X X 0 X X 0 0 0 0 X X X 0 0 X 0 0 0 0 0 X X 0 X X 0 0 0 0 0 0 0 0 X 0 0 0 0 0 0 0 0 0 0 0 0 0 0 0 0 X X X 0 0 0 X X X 0 0 0 0 0 0 X 0 0 X 0 0 0 X X 0 0 0 0 0 0 X 0 0 X 0 0 0 0 0 0 0 0 0 X 0 0 X 0 0 0 0 0 X 0 X X X 0 0 0 0 X 0 0 0 0 0 0 X 0 0 0 0 0 0 0 0 0 0 0 X 0 0 0 0 0 0 X 0 X 0 0 0 X 0 0 X 0 0 0 0 0 0 0 0 0 X 0 0 X 0 0 0 0 0 X 0 0 0 0 0 0 0 X 0 X 0 0 X 0 0 0 X 0 0 0 X 0 0 0 0 X X 0 0 X 0 X 0 0 0 X X 0 0 X 0 0 0 0 0 X 0 X 0 X X 0 0 0 0 0 0 0 0 0 0 0 X X 0 X 0 X 0 X 0 0 X 0 0 0 X 0 0 X X 0 0 0 0 X X 0 X 0 X 0 0 0 0 0 X 0 0 X 0 0 0 0 X 0 X X 0 0 0 X 0 0 0 0 X 0 X 0 0 X 0 0 0 0 X 0 X X 0 0 0 0 0 0 0 0 0 X 0 0 0 0 0 X X 0 X 0 X 0 0 X X 0 0 0 X X X 0 X 0 0 0 0 0 0 0 0 0 0 0 0 0 0 0 0 X 0 0 0 0 X
X 0 0 0 0 0 0 X 0 0 0 0 0 0 0 0 0 0 0 0 X 0 0 0 X 0 0 0 0 0 0 0 X 0 0 0 X 0 0 0 X 0 0 X 0 0 0 0 X 0 0 0 X 0 0 0 0 0 X 0 0 0 0 0 0 0 0 0 0 0 0 0 0 0 0 0 0 0 0 X 0 0 0 0 0 0 0 0 0 0 0 0 0 0 0 0 0 0 0 X 0 0 X 0 0 0 X X 0 0 0 0 0 0 0 0 0 0 X 0 X 0 X 0 X 0 0 X 0 0 0 0 0 0 0 0 0 0 0 0 0 0 0 0 0 0 0 X 0 0 0 0 0 0 0 0 0 0 X X 0 0 0 0 0 0 0 0 0 0 X X X 0 0 0 0 X 0 0 0 0 0 X 0 X X 0 X X 0 0 0 0 X 0 0 0 0 0 X 0 0 0 X X X 0 0 X 0 0 0 0 0 0 0 0 0 0 0 0 0 0 X 0 0 0 0 0 0 0 0 0 0 X X 0 0 0 X 0 0 0 X X 0 0 0 0 0 0 0 0 0 0 0 0 X 0 0 0 0 0 0 0 X 0 0 0 X 0 0 0 0 0 0 0 X 0 0 0 0 0 0 0 0 X 0 0 X 0 0 0 0 0 0 0 0 0 0 0 0 0 0 0 0 0 0 0 0 X 0 0 0 0 0 X 0 0 X 0 0 X 0 0 0 X 0 0 0 0 0 0 0 0 0 X 0 0 0 0 0 0 0 X 0 0 X 0 0 0 0 X X 0 0 0 0 0 0 0 X 0 0 0 0 X X X 0 X 0 X 0 0 0 0 0 0 0 X 0 0 0 0 X 0 X 0 0 0 0 0 0 0 X 0 0 X
X 0 0 0 0 0 0 0 0 0 0 X 0 0 0 0 0 0 0 0 0 X X 0 0 0 0 X 0 0 0 0 0 X 0 0 0 0 0 0 X 0 0 0 0 0 0 0 X 0 0 0 0 X 0 0 0 0 X 0 0 0 0 X 0 X 0 0 0 0 0 0 0 0 X 0 X 0 0 0 0 0 0 0 0 0 0 X 0 0 0 0 0 0 0 0 0 0 0 0 0 0 0 0 0 0 0 0 0 0 0 0 0 0 0 0 0 X 0 0 0 0 0 X 0 0 0 0 X 0 0 X 0 0 X X 0 0 0 0 0 0 0 0 0 0 X 0 0 X 0 0 0 0 0 0 0 0 0 0 0 0 0 X 0 X 0 X 0 X 0 X 0 0 0 0 0 0 0 0 0 0 0 0 X X X 0 0 0 0 0 0 0 0 0 0 X 0 0 0 0 0 0 X 0 0 0 0 0 0 X 0 0 0 X X X X 0 0 0 0 0 0 0 X X 0 0 0 X 0 0 0 0 X 0 0 X 0 0 0 0 0 0 0 0 0 X 0 0 0 0 X 0 0 0 0 0 0 0 0 X 0 X 0 X X 0 0 0 0 X 0 0 0 0 0 0 0 0 0 0 0 0 0 0 0 0 X 0 0 0 0 0 X 0 0 0 0 0 0 X 0 0 0 0 X 0 0 0 0 0 0 0 0 0 0 0 0 0 0 0 0 0 0 0 X 0 X 0 X X 0 0 0 0 0 0 0 X 0 0 0 X 0 0 X 0 0 0 0 0 0 X 0 0 0 X X 0 0 X 0 0 0 0 0 0 X 0 X 0 0 0 0 0 0 X 0 X X 0 0 0 X 0 0 X 0 0 0 0 0 0 0 0 0 X
X 0 0 X 0 X 0 0 0 X X X 0 0 0 0 0 0 0 0 0 X 0 X 0 0 0 0 X 0 X 0 0 0 0 0 0 0 0 0 0 0 X 0 X 0 0 0 0 X 0 0 0 0 0 X 0 X X 0 0 0 X 0 0 0 X X X 0 0 0 0 0 0 0 0 X 0 0 X X 0 0 0 0 0 0 X 0 0 0 X X X 0 0 X 0 0 0 0 0 0 0 0 0 0 0 0 0 0 0 X 0 X 0 0 0 0 X X 0 0 0 0 0 0 0 0 0 0 0 0 0 0 0 0 0 X X 0 X 0 X 0 0 0 0 0 X 0 0 0 0 0 0 0 0 0 0 0 0 0 0 0 X 0 0 0 0 X 0 0 X 0 0 0 0 X X 0 0 0 0 0 0 0 X X X 0 X 0 0 0 0 0 X 0 0 0 0 0 0 0 0 X 0 0 0 0 0 0 0 0 0 X X 0 0 0 0 0 0 0 0 0 X 0 0 0 0 0 0 0 0 0 X 0 0 0 0 0 0 0 0 0 0 0 0 0 X 0 0 0 0 0 0 0 0 0 0 0 0 0 0 0 0 0 0 0 0 0 0 0 0 0 0 X 0 X 0 X X 0 0 0 0 0 0 0 0 0 0 X 0 0 X 0 0 0 0 0 0 0 0 X X X 0 0 X X 0 0 0 X 0 0 X 0 X X 0 0 0 0 0 0 0 0 0 X 0 0 0 0 0 X X X 0 0 0 0 X 0 0 0 0 0 0 0 0 0 0 X 0 0 0 0 0 0 X 0 0 0 0 0 X 0 0 0 0 0 0 0 0 0 0 0 0 0 0 0 0 0 0 0 0 0 0 0 0 0 0 0 X X
X 0 0 0 X 0 0 X 0 0 0 0 0 0 X 0 0 0 0 0 0 X 0 0 0 X X 0 0 0 0 0 X 0 0 0 X 0 0 X X 0 0 0 0 0 X 0 0 0 0 0 X 0 0 X 0 0 X 0 0 0 0 0 X 0 X X 0 X X 0 0 X 0 0 0 0 0 0 0 0 0 0 0 X 0 0 0 0 X 0 X 0 0 X 0 0 0 0 X 0 0 0 0 0 0 X 0 0 0 0 0 X 0 0 0 0 0 0 0 X 0 0 0 0 X X 0 0 0 0 0 0 0 0 0 0 X 0 0 0 X X 0 X 0 0 0 0 0 0 0 0 0 0 X 0 0 0 X X 0 0 0 0 0 X 0 0 0 0 0 0 0 0 0 0 X 0 0 0 0 0 0 0 0 X 0 X X 0 0 0 0 0 0 0 0 0 0 X 0 0 0 0 X X 0 0 0 X 0 0 0 0 0 0 X 0 0 0 X 0 0 X 0 X 0 0 0 0 X 0 0 0 0 0 0 0 0 0 0 0 X 0 0 0 0 0 0 0 0 0 0 0 0 X 0 0 0 X 0 0 0 0 0 0 0 0 X 0 0 X 0 0 0 0 0 X X 0 0 0 0 0 X 0 0 0 X X 0 0 X 0 0 0 0 X 0 X X X 0 0 0 0 0 0 0 0 0 0 0 0 0 0 0 0 0 0 0 0 0 0 0 0 0 0 0 X 0 0 0 0 0 0 X 0 0 0 0 X X 0 0 0 X 0 0 0 0 0 X 0 0 0 X 0 0 X 0 0 0 0 0 0 X 0 X 0 0 0 0 X 0 0 0 X X 0 0 X X 0 0 X 0 0 0 0 0 0 0 0 0 X X X
X 0 0 0 0 0 0 0 0 0 0 0 0 0 0 0 0 X 0 0 X X 0 0 X X 0 0 0 0 0 0 X 0 0 0 0 0 0 0 0 0 0 0 X 0 0 0 0 X 0 0 0 0 0 0 0 0 0 0 0 0 0 0 0 X 0 X X X 0 0 0 X 0 0 0 0 0 0 0 X X 0 0 0 0 0 0 0 0 0 X 0 0 0 X 0 0 X 0 0 0 0 0 0 0 0 0 0 0 X 0 0 0 X 0 0 0 X X 0 0 X X X 0 0 0 0 0 0 0 X 0 X 0 0 0 0 X 0 0 X 0 0 X X X 0 0 0 0 0 0 X 0 0 X 0 0 0 0 0 X 0 0 0 X 0 0 0 X 0 0 0 0 0 0 0 0 0 0 X 0 0 X 0 X 0 0 0 0 0 0 0 0 0 0 0 0 0 0 0 0 0 0 0 X 0 X 0 0 0 X 0 0 0 0 0 0 0 0 0 0 0 0 0 0 0 X 0 0 X 0 0 X 0 X 0 0 0 0 0 0 0 0 0 0 0 0 0 0 X 0 0 0 0 0 0 0 0 0 0 0 0 0 X X X 0 X 0 0 0 0 0 X 0 X 0 X 0 0 0 0 X X 0 X 0 X X X 0 0 0 0 0 0 0 X 0 0 0 0 X 0 0 0 X X 0 0 X 0 X 0 0 0 0 0 X 0 0 0 0 X 0 0 0 X X 0 X 0 X 0 0 0 0 X 0 X X 0 0 0 0 0 0 0 0 0 0 0 0 0 0 X 0 0 X X 0 0 0 0 X 0 X 0 X 0 0 0 0 0 0 0 0 0 0 X X 0 X 0 X 0 0 0 0 0 0 0 0 0 X X
X 0 0 0 0 0 0 0 X X 0 0 0 0 0 0 0 0 X 0 0 0 0 0 0 0 0 0 0 0 0 X X X 0 0 0 0 0 0 0 0 0 0 0 0 X 0 0 X 0 0 0 X 0 X 0 0 X 0 0 0 0 0 0 0 0 0 0 0 0 0 0 0 0 X 0 0 0 0 0 0 0 0 X 0 0 0 X 0 0 0 0 0 0 X 0 0 0 0 0 X 0 X 0 X 0 0 0 0 0 0 0 0 X X 0 X 0 0 0 X X 0 0 0 0 0 0 0 0 0 X 0 X 0 0 0 X X 0 0 0 0 X 0 0 0 0 0 0 0 0 0 0 0 0 0 0 0 X 0 0 0 X 0 0 0 0 0 0 0 0 0 0 X 0 X X 0 X X X 0 0 X 0 0 0 0 0 0 0 X 0 0 X 0 0 0 X 0 0 0 0 0 0 0 0 0 X 0 X X 0 0 0 0 0 0 X 0 0 0 0 0 0 0 0 0 0 0 X X 0 0 0 0 X 0 0 0 0 0 0 X X 0 0 0 0 0 0 0 0 0 X 0 0 X X X 0 0 0 0 0 0 0 0 0 0 0 0 0 0 0 0 0 0 0 0 0 X 0 0 0 X 0 0 0 X X 0 X 0 0 0 X 0 0 0 0 0 0 0 X X 0 0 X 0 0 0 0 0 0 0 0 X 0 0 X 0 0 0 0 0 X X 0 0 X 0 0 0 0 0 X 0 0 0 0 0 0 X 0 0 0 0 X 0 X 0 0 X 0 X 0 X 0 0 0 0 0 0 0 X X 0 X 0 0 0 X 0 0 0 X 0 0 0 0 X 0 0 0 0 0 0 X 0 X 0 0 0 0 0 0 X
X 0 0 0 X 0 0 0 0 0 X 0 X 0 0 X 0 0 0 0 0 X X 0 X 0 X X 0 X 0 X 0 0 0 X 0 0 0 0 0 0 0 0 0 0 0 0 X 0 0 X 0 0 0 0 0 0 0 X 0 0 0 X 0 0 0 0 X 0 0 0 0 0 0 0 0 0 0 0 0 0 X 0 0 0 0 0 0 0 0 0 0 0 X 0 0 0 0 0 0 X 0 0 0 0 0 0 0 0 0 0 X 0 0 0 0 0 X 0 0 X 0 0 0 0 0 0 0 0 X 0 0 0 0 X 0 0 X 0 X 0 0 0 X 0 0 0 X 0 X 0 X 0 0 0 0 0 0 X 0 X 0 0 0 X 0 0 0 0 X 0 0 X 0 0 0 0 0 X 0 0 0 0 0 0 0 0 0 0 0 X X 0 X 0 0 0 X X 0 X 0 0 0 0 0 0 X 0 X 0 0 0 0 0 0 0 0 0 0 0 0 X 0 0 0 0 0 0 0 0 0 0 0 0 X 0 0 0 0 0 0 0 0 X 0 0 X X 0 0 0 0 0 X 0 X 0 0 0 0 0 0 0 X 0 X 0 0 0 0 X 0 0 0 0 0 0 0 0 0 X 0 0 0 0 0 X 0 0 X 0 0 0 0 0 0 0 0 0 0 X 0 0 X X 0 X 0 0 X 0 0 0 0 0 0 0 0 0 0 0 0 X 0 0 0 0 X 0 0 0 0 0 0 0 0 0 0 0 0 X 0 0 0 0 0 0 X 0 0 X 0 0 0 0 0 X 0 0 0 X 0 0 0 0 X 0 0 0 0 0 0 0 0 0 0 0 0 0 X 0 0 0 0 X 0 X 0 0 X 0 0 0 0 0 0 0 X
X 0 0 X 0 0 0 X 0 X 0 0 0 0 X X 0 X 0 0 0 0 0 0 0 0 X 0 0 0 0 X X 0 0 0 0 0 0 0 0 0 0 0 0 0 0 0 0 0 0 0 0 0 0 0 X 0 0 0 0 0 0 0 X 0 X X 0 0 0 0 0 0 0 0 0 X 0 0 0 X 0 0 X X X 0 0 0 0 0 0 0 0 0 0 X 0 0 X 0 0 0 0 0 0 0 0 0 0 0 0 0 0 X 0 0 0 0 0 0 0 0 0 X 0 0 0 0 0 0 0 X 0 0 0 0 0 0 X 0 0 0 0 0 0 0 0 0 0 0 X 0 0 X 0 0 0 0 0 0 0 0 0 0 0 X 0 0 0 X 0 X 0 0 0 0 0 0 X 0 0 0 0 X X 0 0 0 0 0 0 X 0 0 0 0 X 0 0 0 0 0 0 0 X 0 0 0 0 0 0 X 0 0 X 0 0 0 X 0 0 0 0 X 0 0 0 0 0 0 0 0 0 0 0 0 0 0 0 0 X 0 0 0 0 0 0 0 0 0 0 0 X 0 0 0 0 X 0 X 0 0 0 0 0 0 0 X 0 0 0 X 0 0 0 0 0 0 0 0 0 0 0 0 0 X 0 0 0 X 0 X 0 0 0 0 0 0 X 0 0 0 X 0 0 0 0 0 0 X 0 0 0 X X X X 0 X X X 0 0 0 0 0 0 X 0 0 0 0 X 0 0 0 0 0 0 0 0 0 0 0 X 0 0 0 0 0 0 0 X 0 X 0 0 0 X 0 0 0 X X X X X X X 0 0 0 0 X 0 0 0 0 0 0 0 0 0 0 0 X 0 0 0 X X 0 0 0 X 0 0 X
X 0 0 0 X 0 0 X 0 0 0 0 X 0 0 0 0 0 X X 0 X X 0 X 0 0 0 X X 0 0 0 0 0 0 0 0 0 0 0 0 X 0 X 0 0 0 0 0 0 0 0 X 0 0 0 0 0 0 0 0 0 X X 0 X X 0 0 0 0 0 X 0 X 0 0 X 0 0 X 0 0 0 0 X X 0 0 X X 0 0 X 0 X X 0 0 0 X X 0 0 0 0 0 0 X 0 0 0 X X 0 0 0 0 0 0 0 0 0 0 0 0 0 0 0 0 0 X X 0 0 0 0 0 0 0 X 0 X X 0 0 X 0 X 0 0 0 X 0 0 0 0 0 0 0 0 0 0 X X 0 0 0 0 0 0 0 0 0 X 0 0 0 X 0 0 0 0 0 0 0 0 0 0 0 0 0 0 0 0 X 0 X 0 0 0 0 0 0 X 0 X 0 0 0 0 X 0 0 0 0 0 0 0 0 0 0 0 0 0 0 X X X 0 0 X 0 0 0 0 0 0 0 X 0 0 X 0 X 0 X 0 0 X 0 0 0 0 0 0 0 0 X 0 0 0 0 0 0 0 0 0 0 X 0 0 0 0 0 X 0 0 0 0 X 0 0 X 0 0 0 X 0 X X 0 0 0 X 0 0 X X 0 X 0 X 0 0 0 0 0 X X 0 0 X 0 0 0 X 0 0 0 0 0 0 0 0 0 X X 0 0 X 0 0 0 0 0 0 0 0 0 X 0 0 X 0 0 X 0 0 0 0 0 0 X 0 0 X 0 0 0 0 0 0 0 0 0 X X 0 0 0 0 0 0 0 0 0 0 X X X 0 0 X 0 0 0 0 X X 0 0 0 0 X 0 X 0 X
X 0 0 0 X 0 0 X 0 0 0 0 0 0 0 X X 0 X 0 0 0 0 X X X 0 X 0 X 0 X 0 0 0 X 0 0 0 0 0 X 0 0 X 0 0 X 0 0 0 0 X 0 0 0 0 0 0 0 0 X 0 X 0 0 X X 0 0 0 0 0 0 X 0 0 X X X 0 0 X X 0 X X 0 0 0 0 X X 0 0 0 0 X 0 0 X X 0 0 0 0 0 0 0 0 0 X 0 X 0 X X 0 0 X 0 0 0 X X X 0 0 X 0 X 0 0 0 0 0 0 0 X 0 0 X 0 X 0 0 0 X 0 0 0 0 0 0 X 0 X 0 0 0 0 X 0 X 0 0 0 X X 0 0 0 X X X 0 0 0 X 0 0 0 X 0 0 X 0 0 0 0 0 X 0 0 X 0 0 X 0 X 0 0 0 0 0 0 0 0 0 0 0 0 X X 0 0 X 0 0 0 0 0 0 0 X 0 0 0 X 0 0 0 X X 0 X 0 0 X 0 0 0 0 0 0 0 0 X 0 0 X 0 0 0 0 0 0 X 0 0 0 X 0 0 0 0 0 0 0 X 0 X 0 0 0 0 0 X X 0 0 0 X 0 0 X 0 X X 0 0 0 0 X 0 0 0 0 0 0 X 0 X 0 0 0 X 0 0 0 0 0 X X 0 0 0 0 0 0 0 0 0 0 0 0 0 0 0 0 0 0 0 0 X 0 X 0 0 0 0 0 0 0 0 0 X 0 X 0 0 X X 0 X 0 0 0 X 0 0 X 0 0 0 0 0 X 0 0 0 0 0 0 0 0 0 0 X X 0 0 0 X 0 0 0 0 0 X X 0 0 0 X 0 0 0 0 X
X 0 0 0 0 0 0 0 X X 0 X 0 0 0 X 0 X X 0 0 0 0 0 0 0 X 0 X 0 0 0 X 0 0 0 X X 0 0 X 0 0 0 0 0 X X 0 0 X 0 X 0 X 0 0 0 0 0 X 0 0 0 0 0 0 0 0 0 0 X 0 0 0 0 0 0 0 0 0 0 0 0 0 0 0 0 0 0 0 X 0 0 0 0 X 0 0 0 0 0 X 0 0 0 X 0 0 X 0 0 0 0 0 0 0 X 0 0 0 0 0 X X 0 0 0 X 0 X 0 0 0 0 0 0 0 0 0 0 0 0 0 0 0 0 0 0 0 0 0 X X 0 0 0 0 0 X 0 0 0 0 0 0 0 0 0 0 0 X 0 0 0 0 0 0 0 X 0 0 X 0 X 0 0 0 0 0 0 X 0 0 0 0 0 0 0 0 0 0 0 0 0 0 X 0 0 0 0 X 0 X X 0 X 0 X X 0 X 0 0 0 0 0 0 0 0 0 0 0 0 0 0 0 0 0 0 0 0 0 0 0 0 X 0 0 X 0 X 0 0 0 0 X 0 0 X 0 X 0 0 0 X X 0 0 0 X 0 X X X X 0 0 0 0 X X X 0 0 0 0 0 X 0 X X X 0 0 0 0 0 X 0 0 X 0 0 0 0 0 0 0 X X X 0 0 0 0 X 0 0 0 0 0 0 X 0 0 0 0 X X X X 0 0 0 0 0 0 0 0 0 0 X X X 0 X 0 0 X 0 0 0 0 0 0 0 0 0 0 0 0 0 0 0 0 X 0 0 0 0 X X 0 X 0 X X X 0 0 X 0 0 0 X X 0 0 0 0 X 0 0 0 X 0 0 0 X
X X 0 0 0 X X 0 0 0 0 0 0 0 0 X 0 X 0 X 0 X X 0 0 0 X 0 X 0 0 X 0 X X 0 0 0 0 0 X 0 0 0 X 0 0 0 0 0 0 X 0 0 0 0 0 0 0 0 0 0 0 0 0 X 0 X 0 0 0 0 0 X X X 0 0 0 0 0 0 X 0 0 0 0 0 X 0 X 0 X 0 X 0 0 0 X 0 0 0 X 0 0 X 0 0 X 0 0 0 0 X 0 0 0 0 0 0 0 0 0 0 0 X 0 0 0 X X 0 0 0 0 0 0 0 0 0 0 0 0 0 0 0 0 0 0 0 0 0 0 0 X 0 0 0 0 0 0 0 0 X X 0 0 0 X X 0 0 0 0 X 0 0 X X 0 X X X 0 0 0 0 X 0 X 0 0 0 0 0 0 X 0 0 X 0 0 0 0 0 0 0 0 0 0 0 0 0 0 0 0 0 X 0 0 X 0 0 0 0 0 0 0 X X 0 0 0 0 X 0 0 0 0 0 0 0 0 0 0 X 0 0 0 X 0 0 0 0 0 0 X 0 0 0 0 0 X 0 0 0 X 0 X 0 0 0 0 0 0 0 0 0 0 0 0 0 0 0 0 0 0 X 0 0 0 0 0 0 0 0 0 0 0 0 X 0 0 0 X X 0 0 X 0 X 0 0 0 X 0 0 0 0 0 0 0 0 0 0 0 0 0 0 X X X 0 0 0 0 X 0 0 X 0 X 0 0 0 0 0 0 0 0 0 0 0 0 0 0 0 0 0 X 0 0 X 0 0 0 0 0 0 0 0 0 0 0 0 0 0 0 0 0 0 X X 0 X 0 0 0 0 X 0 0 0 X 0 0 X 0 X X
X 0 0 X 0 0 0 0 0 0 X 0 0 X X 0 0 0 0 0 X X 0 0 0 0 0 X X 0 0 X 0 0 X 0 0 0 X 0 0 0 X 0 X X 0 0 0 X 0 0 0 0 X 0 X X 0 X 0 0 0 0 0 0 0 0 0 0 0 0 0 0 0 0 0 0 0 0 0 0 X 0 X 0 0 X 0 0 0 0 0 X 0 0 0 X 0 0 0 0 0 0 0 0 0 X 0 X 0 0 0 X 0 0 0 0 0 0 0 0 0 X 0 0 0 0 X 0 0 0 X 0 0 X 0 0 X X X 0 0 X 0 0 0 0 0 0 0 0 0 0 0 0 0 0 0 0 0 0 0 X 0 0 0 X 0 0 0 X 0 0 0 0 0 0 0 0 0 0 0 0 0 X 0 0 0 0 0 X 0 0 X 0 X 0 0 0 0 0 0 0 0 0 0 X 0 0 0 0 0 0 0 X 0 0 0 0 0 0 0 0 0 X 0 0 0 0 0 0 X 0 0 0 X X 0 0 0 0 0 X 0 X 0 0 0 0 X 0 0 X 0 0 0 X X 0 0 0 0 0 0 0 0 0 0 0 0 0 0 X 0 0 0 0 0 0 0 X 0 0 0 X 0 0 X 0 0 0 0 0 X 0 0 0 0 0 0 0 0 0 0 0 0 0 0 X 0 X 0 0 0 0 0 0 0 0 0 0 0 0 0 0 0 0 0 0 0 0 0 0 0 0 0 X 0 X 0 0 0 0 0 0 0 0 0 X 0 0 0 0 0 0 X 0 0 0 0 X 0 0 X 0 0 0 X 0 0 X 0 0 0 0 X 0 0 0 0 0 0 0 0 0 0 0 0 0 0 0 X 0 0 X 0 X 0 X
X X 0 0 0 0 0 X 0 X 0 0 0 0 X 0 0 0 0 X 0 0 0 0 0 X 0 X 0 0 0 0 0 0 X X 0 0 0 0 X 0 0 X X 0 0 0 0 0 0 0 0 0 0 0 0 0 0 0 0 0 0 X 0 0 0 0 0 X 0 0 0 X X 0 0 0 0 X 0 0 0 0 X 0 0 0 X 0 0 0 0 X 0 0 X 0 0 0 X X X 0 0 0 0 0 0 X X 0 0 0 0 0 0 0 X 0 0 X 0 0 0 0 0 0 0 0 0 0 0 0 0 0 X 0 0 0 0 0 0 0 0 0 X 0 0 0 X X 0 X 0 0 0 X 0 X X 0 0 0 0 0 0 X 0 0 X 0 X 0 0 0 X 0 0 0 0 0 0 0 0 X X X X 0 0 0 0 X 0 0 0 0 0 X 0 X 0 0 0 0 X 0 0 0 X 0 0 0 0 X X 0 X 0 0 X 0 0 X 0 X 0 0 0 0 X X 0 0 0 X 0 0 X 0 0 0 0 X X 0 0 X 0 0 0 0 0 0 0 X 0 X 0 0 0 0 0 0 0 0 X 0 0 0 0 0 0 0 0 0 0 0 0 0 0 0 0 0 0 0 0 0 0 0 0 0 X X X 0 0 0 0 0 0 0 0 X 0 0 0 0 0 X 0 X 0 0 0 0 0 0 0 0 0 0 0 X 0 0 0 0 0 0 0 0 0 X 0 X 0 0 0 0 0 X 0 X 0 0 X 0 X X X 0 0 0 0 X 0 0 0 0 X 0 0 0 0 0 0 0 0 0 0 0 X X 0 0 X 0 0 0 X 0 0 0 X 0 X 0 X 0 0 0 0 0 0 0 0 X X
X 0 0 0 0 0 X 0 0 0 0 X 0 0 0 0 0 0 0 0 0 0 0 0 0 0 X 0 0 0 X 0 0 X X 0 0 0 X X 0 X 0 X 0 0 0 0 X 0 0 0 0 0 0 X 0 X 0 0 X 0 0 0 0 X 0 0 0 X 0 0 0 0 0 0 0 0 0 0 0 0 0 X X 0 0 0 0 0 0 0 0 X 0 0 X 0 0 0 0 0 0 0 0 0 X 0 0 0 X 0 0 0 0 0 0 0 0 X 0 0 X X 0 0 X X 0 0 0 X 0 0 0 0 0 0 0 0 0 X X X 0 0 0 0 0 X X 0 0 0 0 X 0 X 0 0 0 0 0 0 0 0 0 X 0 X 0 0 0 0 0 0 0 0 X 0 0 0 0 0 0 0 0 0 X 0 0 0 0 0 0 0 X X 0 X 0 0 0 0 0 0 0 X 0 0 0 X 0 0 X X X 0 0 0 0 0 0 0 0 0 0 0 0 0 X 0 X 0 X 0 X X 0 0 0 0 X 0 0 0 0 0 0 X 0 X 0 0 0 0 0 X 0 0 0 0 0 X X 0 X 0 0 0 0 0 0 0 0 0 X X 0 X 0 X 0 0 0 0 0 0 0 0 X 0 0 0 0 0 0 X X 0 0 X 0 0 X 0 X 0 0 0 0 0 0 0 0 0 0 0 X 0 0 0 0 0 0 X 0 0 0 X 0 0 0 0 0 X 0 0 X X 0 0 X X 0 X 0 0 X 0 0 0 0 0 0 0 0 0 0 0 X 0 X 0 0 0 X 0 X 0 0 0 0 0 0 0 0 X 0 0 0 X 0 0 0 0 X X 0 0 0 0 0 0 0 0 0 0 0 X
X 0 0 0 X 0 0 0 0 X 0 0 0 0 X X X X X 0 0 0 X 0 0 0 X 0 X 0 0 0 0 X 0 0 0 0 X 0 0 0 0 0 0 0 0 0 0 0 0 0 X 0 X 0 0 0 0 0 0 0 0 0 0 0 0 0 0 0 0 0 0 X 0 0 0 0 X 0 0 0 X 0 0 X 0 0 X 0 X 0 X 0 0 0 0 0 0 0 0 X 0 0 0 X 0 0 0 0 X 0 0 0 0 X 0 X 0 X 0 0 X 0 0 0 0 0 0 0 0 X 0 0 0 0 0 0 0 0 0 X 0 0 0 0 0 X 0 X 0 0 X 0 0 0 X X 0 0 0 0 0 0 0 0 0 0 0 0 0 0 0 X X 0 0 X 0 X X 0 0 X 0 0 0 0 X 0 X 0 X 0 0 X 0 0 0 0 0 0 0 0 0 0 X 0 0 0 X 0 0 0 0 X X 0 0 X 0 0 0 0 0 X 0 0 0 0 0 0 0 0 0 0 0 0 0 X 0 0 0 0 X 0 0 0 0 0 X 0 0 0 0 0 0 0 0 0 0 0 0 0 0 0 0 X 0 X X 0 0 0 0 0 0 X 0 0 X 0 X 0 0 0 X 0 X 0 0 0 0 0 0 0 0 0 0 0 0 0 0 0 0 0 0 0 0 X 0 0 0 0 X X X 0 X X 0 0 0 0 0 0 X 0 0 0 0 0 0 X X X 0 0 0 0 0 0 0 0 X 0 0 0 0 0 0 0 0 0 0 X 0 0 0 X 0 0 X 0 X X 0 X 0 0 0 0 0 X 0 X 0 0 0 X 0 0 0 0 0 0 0 0 0 0 X 0 0 0 X 0 X 0 X X
X 0 X 0 X 0 X 0 0 0 X 0 0 X X X 0 0 0 0 0 0 0 0 0 0 0 X 0 X 0 0 0 0 X 0 0 0 0 0 0 0 0 0 0 0 0 0 X 0 0 X 0 0 0 X 0 0 0 0 0 0 0 0 0 X 0 0 0 0 0 0 0 0 0 0 0 X 0 0 0 0 0 0 X 0 0 0 0 0 0 0 0 0 0 0 0 0 0 0 X 0 0 0 0 0 0 0 0 0 0 0 0 0 0 X X 0 X 0 X 0 0 0 0 X X 0 0 0 0 X X X 0 0 0 0 0 X 0 0 0 0 X 0 0 0 X 0 0 0 0 0 0 0 X 0 0 0 0 0 X 0 0 X 0 0 X 0 0 0 X 0 X 0 0 0 0 0 0 X 0 0 0 0 0 0 0 0 X X 0 0 X 0 0 0 0 X X X 0 0 0 0 0 0 0 X 0 0 X 0 X 0 0 0 0 X 0 X 0 0 0 0 0 0 0 0 0 0 0 0 X 0 0 0 0 X X 0 0 0 0 0 0 X 0 X 0 X 0 0 X 0 X X 0 0 0 X 0 0 0 0 0 0 0 0 0 0 X 0 X X X 0 X X 0 0 0 0 X 0 0 0 0 0 0 0 X 0 0 0 0 0 X 0 0 0 0 0 0 0 0 0 X 0 0 0 X 0 0 0 0 X 0 0 0 0 0 0 0 0 0 X 0 0 0 X 0 X 0 X 0 0 X X X 0 X 0 0 0 X 0 0 0 0 0 0 0 0 0 0 0 0 0 0 X 0 0 0 0 0 X 0 0 0 X 0 X 0 0 0 X 0 0 0 0 0 0 0 0 X X 0 0 0 0 0 0 0 0 X X 0 X
X X 0 0 X 0 0 0 0 X 0 0 0 0 X X 0 X 0 X 0 0 0 0 0 X 0 0 0 0 0 0 0 X X 0 0 0 0 0 0 X X 0 0 X 0 0 X 0 0 X 0 0 0 0 0 0 0 0 0 X 0 0 0 0 X X 0 0 0 0 X 0 0 0 0 0 0 0 X 0 X 0 0 0 0 0 X 0 X X 0 0 X 0 0 X 0 0 X X X 0 X 0 0 X X 0 0 X 0 X 0 0 0 X 0 0 0 X 0 0 0 X 0 0 0 0 X 0 0 0 0 0 0 X X X 0 0 0 0 0 0 0 0 X 0 0 0 0 0 0 0 0 X 0 0 0 0 0 0 0 0 X 0 X 0 0 0 0 X X X 0 0 X X 0 0 0 0 0 0 0 X 0 X 0 0 0 0 0 0 0 0 0 X 0 0 0 X X 0 0 0 0 X 0 X 0 0 0 0 0 0 X 0 0 0 X X 0 0 0 0 X 0 0 0 0 0 0 0 0 0 0 0 X 0 0 X 0 X 0 0 0 0 0 0 X 0 0 0 0 0 0 0 0 0 0 X 0 0 0 0 0 0 0 0 0 X X 0 0 0 0 0 0 0 0 0 X 0 0 0 0 X X 0 0 0 X 0 0 0 0 0 0 0 0 0 0 0 0 0 0 0 0 0 0 X 0 0 0 X 0 0 X 0 0 0 0 0 0 0 0 0 X X 0 0 X 0 0 X X 0 0 0 0 X 0 0 0 0 X 0 X 0 0 0 0 0 0 0 0 0 X 0 X 0 0 0 X X X X 0 0 0 0 0 0 0 0 0 0 X 0 0 0 0 0 0 0 0 X 0 0 0 0 0 0 X X 0 X
X 0 X 0 0 X X X X X X 0 X 0 0 0 0 X X 0 0 0 0 0 0 0 0 0 0 X 0 0 0 X 0 0 0 0 X X 0 0 X X 0 0 0 X 0 0 0 0 0 X 0 0 0 0 0 X X 0 0 0 X 0 0 0 0 0 0 0 0 0 0 0 X X 0 0 0 X 0 0 0 0 0 0 0 0 X X X 0 0 0 X X 0 0 0 0 0 0 0 X 0 X 0 0 X X 0 0 0 X 0 0 0 0 0 0 0 0 0 0 0 X 0 0 X 0 0 0 0 0 0 0 X 0 0 0 0 0 0 0 0 X X 0 0 X 0 X 0 0 X 0 0 0 0 0 0 0 0 0 X X 0 X 0 0 0 0 0 0 0 0 X X 0 0 0 0 0 0 0 0 X 0 X 0 X 0 0 0 0 0 0 0 0 0 0 0 0 X 0 0 0 0 0 X X 0 0 0 0 0 0 0 0 0 0 0 0 0 0 0 X 0 X 0 0 X X 0 0 0 0 0 X 0 0 0 X 0 0 0 0 0 0 0 0 0 X 0 X 0 0 0 0 0 X X X 0 0 0 0 X 0 X 0 0 0 0 X 0 0 0 0 0 0 0 0 0 X 0 0 0 0 0 X 0 0 0 0 X 0 0 0 0 X X 0 0 X X 0 X 0 0 0 0 X X 0 0 0 0 X 0 0 0 0 X 0 0 0 X 0 0 X 0 0 0 X X 0 0 X 0 X X 0 0 0 0 0 0 0 0 0 0 0 0 0 0 0 0 0 0 0 X 0 0 0 0 0 X 0 0 X 0 0 0 X 0 0 0 0 0 X 0 0 0 0 X X X 0 0 0 X 0 0 0 0 0 X
X 0 0 X 0 0 0 0 0 0 0 X 0 0 0 0 0 0 0 0 0 0 0 0 0 0 X 0 0 0 0 0 0 0 X X 0 0 0 X X 0 0 0 0 0 0 0 0 X 0 0 0 0 X 0 X 0 0 0 0 X 0 0 0 0 0 0 X 0 0 0 0 0 0 X 0 0 0 0 0 0 0 0 0 0 0 0 0 X 0 0 0 0 0 0 0 0 0 0 0 0 0 X 0 0 0 0 0 0 0 X 0 X 0 X 0 0 X 0 X 0 0 0 0 X 0 0 0 0 0 0 X X 0 X 0 0 0 0 0 0 0 0 0 0 0 0 0 0 0 0 X 0 0 0 X 0 0 0 0 0 0 0 X 0 0 0 0 0 0 0 0 0 0 0 0 0 X 0 0 X X 0 0 0 0 0 X 0 0 0 0 X 0 0 0 0 0 0 0 0 0 X 0 0 X 0 X 0 0 0 X X 0 0 0 X 0 X 0 0 0 0 X 0 X 0 0 0 0 0 X 0 0 X X 0 0 0 0 0 0 0 0 0 0 0 0 X X 0 X X 0 0 0 0 X 0 0 0 X 0 0 0 0 0 0 X 0 0 0 0 0 0 0 0 0 X 0 0 X 0 X 0 X X 0 0 X 0 0 X X 0 0 0 X X 0 0 0 0 0 0 0 0 0 0 X X 0 0 0 0 0 0 0 0 0 X 0 0 0 0 X X 0 0 0 0 0 0 X 0 X X 0 0 0 X 0 0 X 0 0 0 0 X 0 0 X 0 0 X 0 X 0 X X 0 0 0 X X 0 0 0 X 0 0 0 X 0 X 0 0 0 0 0 0 0 0 0 X 0 0 X 0 0 0 X 0 0 0 0 X 0 X
X 0 X 0 X X X X X 0 0 X X 0 X 0 0 X 0 0 X 0 0 0 0 0 0 0 0 0 0 0 X 0 0 0 0 0 0 0 0 0 0 0 0 0 X X 0 0 0 0 0 0 0 X 0 0 X X X 0 0 0 0 X X 0 0 0 0 X 0 X 0 0 0 0 0 0 0 0 0 0 0 X 0 X 0 0 0 0 X 0 X 0 X X 0 0 X 0 0 0 X 0 X 0 0 0 0 0 0 0 0 0 0 0 0 X 0 0 0 0 X 0 0 X 0 X 0 X 0 0 0 0 0 0 0 0 X 0 0 0 0 0 0 X 0 0 0 X 0 X 0 0 X 0 0 0 0 X 0 0 0 0 0 X 0 0 0 0 0 0 0 0 0 0 0 0 0 0 0 0 0 0 X 0 0 0 X 0 0 X 0 0 X 0 0 0 X 0 0 0 X 0 X 0 X 0 0 0 0 X 0 0 0 0 0 0 0 0 0 0 0 0 0 0 0 0 0 X 0 0 0 0 0 X 0 0 0 0 0 0 X 0 X 0 0 X 0 0 X 0 0 0 0 0 X X 0 0 0 0 0 X 0 0 0 X 0 0 0 X 0 0 0 X X 0 0 0 0 0 0 X 0 X 0 0 0 X 0 0 0 0 0 0 0 0 0 X 0 0 0 X 0 0 0 0 0 0 0 0 0 0 X 0 0 0 0 0 0 0 X 0 0 0 0 X 0 0 0 0 0 0 0 0 0 X 0 0 X 0 0 X X X X 0 0 X 0 0 X 0 X 0 0 X 0 X 0 0 X 0 0 0 X X 0 0 X 0 0 0 0 X 0 0 X 0 0 0 0 0 X 0 0 X 0 0 0 0 0 0 0 X 0 X
X 0 X 0 0 0 0 0 X 0 0 X X 0 0 0 0 X 0 0 X 0 0 0 0 0 0 0 0 0 0 0 X 0 0 X 0 0 0 0 X X 0 X X 0 0 0 X 0 X 0 0 0 0 0 0 X 0 0 0 0 X X 0 X 0 0 0 0 0 0 0 0 0 0 0 0 X 0 0 0 X 0 0 0 0 0 0 X 0 X 0 X 0 0 0 X 0 0 0 0 0 X 0 0 X 0 X 0 0 0 0 0 X 0 X 0 0 0 0 X 0 0 0 X 0 0 0 0 0 0 0 0 0 0 X 0 0 0 0 X 0 X 0 0 0 0 0 0 0 0 0 0 0 0 0 0 0 X 0 0 0 X X X 0 X 0 0 0 0 0 0 0 X 0 X 0 X 0 0 0 0 0 X 0 0 0 0 0 0 0 0 0 X 0 0 0 X 0 X 0 0 0 0 0 0 0 0 X 0 0 0 0 0 X X 0 0 X 0 X 0 0 X X 0 0 0 0 0 0 0 0 0 0 0 0 0 X 0 0 X 0 0 0 0 0 0 0 0 0 0 X 0 0 X 0 0 X 0 0 0 0 0 0 0 0 0 X X 0 0 0 0 0 0 0 0 X 0 X X 0 0 0 0 0 0 0 X 0 X 0 0 0 X 0 0 0 0 0 0 0 X X 0 X 0 0 0 X 0 0 0 0 X 0 X 0 0 X X 0 0 0 0 0 X X 0 0 0 0 0 0 0 0 X X 0 0 0 0 0 0 0 0 0 0 X 0 0 0 0 X 0 0 0 X X 0 X 0 X 0 0 X 0 0 0 0 0 X 0 0 X X X 0 0 0 0 0 0 X 0 0 0 0 0 0 X 0 0 0 0 0 X
X 0 0 0 0 0 X X 0 0 0 0 X 0 0 X 0 0 0 0 X 0 0 0 0 0 0 0 0 0 0 0 0 0 X X 0 X 0 X 0 0 0 0 0 0 X 0 0 0 X 0 0 0 0 X 0 0 X 0 0 0 0 0 0 0 0 0 0 0 0 X 0 0 0 0 0 0 0 0 0 0 X 0 0 0 0 0 0 0 X 0 0 0 0 0 0 0 0 0 X 0 0 0 0 0 0 0 X 0 0 0 0 0 0 0 0 0 0 0 0 0 0 0 X 0 X 0 0 X 0 X X 0 0 0 0 X 0 X 0 0 0 0 X 0 0 0 0 0 0 X X 0 0 0 0 0 0 0 X 0 0 0 0 0 0 0 0 0 0 0 X 0 0 0 0 X 0 0 X 0 0 0 X X 0 0 0 X 0 X 0 0 0 X 0 X 0 0 0 X 0 X 0 0 X X 0 0 0 0 0 X 0 0 X 0 0 0 0 0 X 0 0 0 0 X 0 0 X 0 X 0 0 X X 0 0 0 0 0 0 0 0 0 0 0 0 0 X 0 0 0 X 0 0 0 X 0 0 0 0 0 0 0 0 0 0 0 0 X 0 0 0 0 0 0 0 X X X 0 0 0 0 0 0 0 0 0 0 0 0 0 X 0 0 X 0 0 0 0 0 0 0 0 0 0 X X 0 0 X 0 0 0 0 0 0 0 X X 0 0 0 0 0 0 X 0 0 0 X 0 0 0 0 0 0 0 0 0 X X 0 0 X 0 0 0 X X 0 0 0 X 0 0 X 0 0 0 0 X 0 0 0 0 0 X 0 0 X 0 0 0 X 0 0 0 0 0 0 X 0 0 X 0 0 X 0 0 0 X 0 0 0 0 X
X 0 X 0 0 0 0 X 0 X 0 0 X 0 0 0 0 X 0 X 0 0 X 0 X 0 0 0 0 0 X 0 0 0 0 0 0 0 0 0 0 0 0 0 0 0 0 0 0 0 0 0 0 X X 0 0 0 0 0 0 0 0 0 0 0 0 X 0 X 0 0 X 0 X X 0 0 X 0 0 0 0 0 0 0 0 0 0 0 X 0 X X 0 0 0 X 0 0 0 X 0 0 0 0 0 0 0 X 0 0 0 0 X 0 X 0 0 0 0 0 0 X 0 0 0 0 0 0 X X 0 0 0 X 0 0 0 X 0 0 0 0 0 0 0 X X 0 0 0 X 0 X X 0 0 0 0 X 0 0 0 0 0 0 0 X 0 X 0 0 0 0 0 0 0 0 X 0 X 0 X X 0 0 0 0 0 0 X 0 0 0 X 0 0 0 0 0 X 0 0 0 0 X 0 0 0 X 0 0 X 0 0 0 X X X 0 0 0 0 0 0 X 0 0 X X 0 0 0 0 0 0 0 0 0 X 0 0 X 0 X 0 0 0 0 0 0 0 0 0 X 0 X X X 0 0 0 0 X X 0 0 0 0 0 0 0 0 0 0 0 X 0 0 X 0 0 0 0 X 0 0 0 0 X 0 0 0 0 0 0 0 0 0 X 0 X 0 X 0 0 X 0 0 0 0 0 0 0 X 0 0 0 0 0 0 X 0 0 0 0 X 0 0 0 0 0 0 0 0 0 X 0 0 0 0 0 0 0 0 0 0 0 0 0 0 0 0 0 0 0 X 0 0 0 0 0 X 0 X X 0 0 X 0 X 0 0 0 0 0 0 0 0 0 0 0 0 X 0 0 0 0 0 X X 0 X 0 0 0 X 0 X
X X 0 0 0 X 0 0 X 0 0 0 0 0 0 0 0 0 0 0 0 0 X 0 X 0 X X X 0 0 0 X 0 0 X 0 0 0 X 0 0 0 X 0 0 0 0 0 X X 0 0 0 X 0 0 X 0 0 0 0 X 0 0 0 0 X X 0 X 0 0 0 0 0 X 0 0 0 0 X 0 0 0 X 0 0 X 0 0 0 0 0 X 0 X 0 0 0 0 0 0 0 0 0 0 0 0 0 0 0 0 X 0 0 0 0 0 0 X X 0 X 0 X 0 0 X X 0 0 X 0 0 0 0 0 0 0 X 0 0 0 0 0 0 0 X 0 0 0 0 0 0 0 0 0 0 0 0 0 X 0 0 0 X 0 0 0 0 0 0 X X 0 0 0 X X X X 0 0 X 0 0 X 0 0 0 0 0 0 X X 0 X X 0 0 0 0 0 0 0 0 0 0 0 0 0 0 0 0 0 X 0 X 0 0 0 X 0 X 0 X 0 X 0 0 0 0 0 X 0 0 X 0 X 0 0 0 X 0 0 0 X 0 0 0 0 X 0 X 0 X 0 0 0 0 0 0 0 0 0 X 0 X X X 0 0 0 0 0 0 0 0 X X 0 0 X 0 0 0 0 X 0 0 0 X 0 0 0 0 0 0 X 0 X 0 0 0 0 X 0 0 0 0 0 0 0 0 0 0 X 0 0 0 0 0 0 0 0 0 X 0 0 X X X 0 0 0 0 0 0 0 0 0 0 X X 0 0 0 0 0 0 0 0 0 0 0 0 0 0 X 0 0 X 0 X X 0 X 0 0 0 0 0 0 0 0 0 0 X 0 0 0 X X 0 0 0 0 0 0 X X 0 0 0 0 0 0 X X
X 0 0 0 X 0 0 0 X 0 X 0 0 0 0 X 0 0 0 0 0 0 0 0 X 0 0 0 0 0 0 0 0 0 X 0 0 0 0 0 0 0 0 0 0 X 0 X X 0 0 X 0 X X 0 0 0 0 X 0 0 0 0 0 X X 0 0 X 0 0 0 0 X 0 0 0 0 X 0 0 X 0 0 0 0 0 0 0 0 0 0 0 0 X 0 X X 0 0 0 X 0 X 0 0 X X 0 X 0 0 0 0 0 X 0 X 0 X 0 0 0 0 0 0 X X 0 0 0 0 X 0 0 0 X 0 0 X X 0 X 0 0 0 X 0 0 0 0 0 0 0 0 0 0 X X X 0 0 0 0 0 X 0 0 0 0 0 0 0 0 0 0 X 0 0 0 0 0 0 0 0 0 0 0 0 0 0 X 0 0 0 0 X X 0 0 0 X 0 0 X 0 0 0 0 0 0 X X 0 0 X 0 0 0 0 0 0 X 0 0 0 0 0 0 0 0 0 0 0 X 0 0 0 0 0 0 0 X 0 0 0 X 0 0 0 0 0 0 0 X 0 0 0 0 X X 0 X 0 X 0 0 X 0 0 0 0 X 0 X X 0 X 0 X X X 0 0 0 0 X 0 0 X 0 X 0 0 0 0 0 0 0 0 0 0 0 0 0 0 0 0 0 0 0 0 X 0 0 0 X 0 0 X X 0 0 0 X X 0 0 X 0 0 X 0 0 X 0 0 0 0 0 0 0 0 0 0 0 0 0 X 0 X 0 X 0 X 0 0 0 0 0 0 X 0 0 0 0 0 X 0 0 0 0 0 0 0 X 0 0 0 0 0 0 0 0 0 0 0 0 0 0 0 0 0 0 0 0 0 0 X
X 0 X 0 0 0 0 0 0 0 X X 0 0 X 0 0 0 0 0 0 X X 0 0 0 X 0 X 0 0 0 0 0 X X 0 0 X 0 0 0 0 0 0 0 0 X 0 0 0 X 0 0 0 0 0 X 0 0 0 X X X X 0 X X 0 0 0 0 0 0 X 0 0 0 0 X 0 X 0 0 0 0 X 0 0 0 0 0 X 0 0 0 0 0 0 0 0 0 0 X 0 0 0 0 0 0 0 X 0 X 0 0 0 X 0 0 X X 0 0 0 0 0 0 X 0 0 X 0 X 0 0 0 0 0 0 0 0 0 X 0 X 0 0 0 0 0 0 0 0 X 0 0 0 X 0 0 0 0 0 X 0 X 0 0 0 0 0 X 0 0 0 0 0 0 0 0 X 0 0 0 0 0 0 0 0 0 0 0 0 0 0 0 0 X 0 0 0 0 0 0 0 X X 0 0 0 0 0 0 0 0 X 0 0 X 0 0 0 0 0 X 0 0 0 0 0 0 0 0 0 0 0 X X 0 0 X 0 0 0 0 0 0 0 X 0 0 0 0 X 0 0 0 0 0 0 0 X X 0 0 0 0 X 0 0 X 0 0 0 0 X 0 X 0 0 0 X X 0 0 0 0 0 0 X 0 0 0 0 X 0 0 0 0 0 0 X 0 0 X 0 X 0 X 0 0 0 0 0 0 0 0 0 0 0 0 0 0 0 0 0 0 0 0 0 0 0 X 0 0 X 0 X 0 0 0 0 0 0 X 0 X 0 X X 0 0 X X 0 X 0 X 0 X X X 0 0 0 0 0 0 0 0 0 0 0 0 0 0 0 X 0 0 0 X 0 0 X X X 0 0 0 0 X 0 0 0 X 0 0 X
X 0 0 0 0 0 0 X 0 0 X X X 0 0 X 0 0 0 0 0 0 0 0 0 X 0 0 X X X 0 0 0 X 0 0 0 0 0 X 0 0 0 X 0 0 0 0 X 0 X X 0 0 0 X 0 0 0 0 0 0 0 X 0 X 0 0 0 0 0 0 0 0 X 0 0 X 0 0 0 0 0 0 0 0 0 X X 0 X 0 0 0 0 0 0 0 X X 0 0 0 0 X 0 0 0 0 0 0 0 0 X 0 0 0 0 0 X X 0 0 0 X 0 0 0 X 0 0 X 0 X 0 0 0 0 0 X 0 0 0 X 0 0 0 0 0 0 0 0 0 0 0 X 0 0 X 0 0 0 0 0 0 0 0 X 0 0 0 0 0 0 0 0 0 0 X 0 0 X 0 X 0 0 X X 0 0 0 0 0 0 0 0 0 0 0 0 0 X 0 0 0 0 0 0 X 0 X 0 0 X 0 0 X 0 0 0 0 0 0 0 0 0 X 0 0 X 0 0 0 0 X X X 0 X 0 0 0 X 0 0 0 0 0 0 0 0 0 X X X X 0 0 0 0 0 0 X 0 X X 0 0 X 0 0 0 0 0 0 0 X 0 0 0 0 0 0 0 0 0 0 0 0 X 0 0 X 0 0 0 0 0 X X X 0 0 X 0 0 0 0 X 0 0 0 0 0 X X 0 0 0 0 0 0 0 0 0 0 0 0 X 0 0 X 0 X X 0 X 0 0 0 X X 0 0 0 0 X X 0 0 0 0 X 0 0 0 0 0 0 0 0 X 0 0 X 0 0 0 0 X 0 0 0 0 0 0 0 0 0 0 X 0 0 X 0 0 X X X X 0 X X 0 X X 0 0 X
X X 0 X 0 0 0 X 0 0 0 0 X 0 0 X X 0 0 X X 0 X 0 0 0 X 0 0 0 0 0 0 X 0 X 0 0 0 0 0 0 0 0 X 0 X X 0 0 0 0 0 0 0 0 0 X 0 0 0 0 X 0 0 0 0 X 0 0 X 0 X 0 0 X X 0 0 X X 0 0 0 X 0 X 0 0 0 0 0 X 0 X 0 X 0 0 0 0 0 X 0 0 0 X 0 0 0 X 0 X X 0 0 0 0 X 0 0 0 0 0 0 0 0 0 0 0 0 X X 0 0 0 0 0 0 0 0 0 0 X 0 X 0 0 0 0 X X 0 0 0 0 X 0 0 X 0 0 0 X 0 0 0 0 X 0 0 0 0 0 0 X 0 0 0 X 0 0 X 0 0 0 0 X 0 X 0 0 X 0 X 0 0 0 0 0 0 0 X 0 0 0 0 0 X 0 0 0 0 0 0 0 0 0 0 0 0 0 0 0 0 0 X 0 X 0 0 0 0 X 0 X 0 0 0 0 0 0 0 X 0 0 0 X 0 0 0 0 0 0 0 0 X 0 0 0 0 0 0 0 0 0 0 0 0 X 0 0 0 X 0 0 0 0 0 0 0 0 0 0 X 0 0 0 0 0 0 0 0 0 X X 0 0 0 X 0 0 0 0 0 0 0 0 X 0 0 0 0 0 0 0 0 0 0 0 X 0 0 0 0 X X 0 0 0 0 0 0 0 0 0 0 0 0 0 0 X 0 0 0 0 0 0 X 0 0 0 0 0 0 X X 0 X 0 0 0 0 0 0 0 0 0 0 0 X X 0 X X X X X 0 0 0 0 X 0 0 X 0 0 0 0 X X X 0 X 0 X 0 0 X
X 0 X 0 0 X 0 0 0 0 0 0 0 0 X 0 0 0 0 0 0 0 0 0 0 0 0 0 0 X 0 0 0 0 0 0 X 0 X X 0 X 0 0 0 0 0 X X 0 0 0 0 0 X X 0 0 0 0 X X 0 0 0 0 0 X 0 0 X 0 0 0 0 0 0 0 0 0 0 0 X 0 0 X 0 0 0 0 0 0 0 0 0 0 0 0 0 0 0 0 0 0 0 0 0 X 0 X 0 0 0 X 0 X 0 0 0 X 0 0 0 0 0 X 0 X 0 0 0 0 0 X 0 0 0 X 0 X 0 0 0 0 X 0 0 0 0 X 0 0 X X 0 0 0 0 0 0 0 0 0 0 X 0 0 0 0 0 X 0 X 0 X X 0 0 0 0 0 0 0 0 0 X 0 0 X X X X 0 0 0 0 0 0 0 0 0 0 0 0 0 X 0 0 0 X 0 0 0 X 0 X 0 X 0 0 0 0 X 0 X X 0 X 0 0 0 0 X 0 0 X 0 0 0 0 0 X 0 0 0 0 0 0 X 0 0 0 0 0 0 0 0 0 0 0 0 0 0 0 0 0 0 0 0 0 0 0 X 0 0 X X 0 0 0 0 0 X 0 0 0 X 0 X X 0 0 0 0 0 0 0 0 0 0 0 0 0 X X 0 X 0 0 0 0 0 X X 0 0 0 X X 0 0 0 0 0 0 0 0 X 0 0 0 0 0 0 0 0 0 0 X 0 X 0 0 0 X 0 0 0 0 0 0 0 0 0 0 0 0 X 0 X X 0 0 0 X X 0 X 0 X 0 0 0 0 0 0 0 0 0 X X 0 0 0 0 0 X 0 0 X X X 0 0 0 0 X 0 0 X
X 0 0 X 0 0 0 0 0 0 0 0 0 0 X 0 0 0 0 0 0 X 0 0 0 0 0 0 0 0 0 0 0 X X 0 0 X X 0 X 0 0 0 0 0 0 0 0 0 X 0 X 0 X X 0 0 X 0 0 0 0 0 0 0 0 0 X 0 X 0 0 0 0 0 0 0 X 0 X 0 0 0 X 0 0 0 0 X 0 X 0 0 0 0 X 0 0 X 0 0 0 0 X 0 0 0 0 0 X 0 0 0 0 0 0 0 0 0 0 0 0 0 0 0 0 0 0 0 0 0 0 X 0 0 0 X 0 0 0 0 0 X X 0 0 0 0 0 X 0 X 0 0 0 X X 0 X X 0 0 0 X X 0 0 0 0 0 X X 0 0 0 0 0 0 0 0 0 0 0 X 0 0 0 0 0 0 0 0 0 0 X X 0 0 0 0 X 0 0 0 X 0 0 0 0 0 0 0 0 0 0 0 0 0 0 0 0 0 X X 0 0 X 0 0 X 0 0 0 X X 0 0 0 0 0 0 0 X 0 0 0 0 0 0 0 0 0 X 0 0 0 0 0 X X 0 0 0 X 0 X 0 X 0 0 X 0 X 0 X 0 0 X X X 0 0 0 0 0 0 0 0 0 X 0 0 0 X 0 0 X 0 0 0 0 X 0 X 0 0 0 0 X 0 0 0 0 X 0 0 0 0 0 0 0 0 X 0 0 0 0 0 0 X 0 0 0 0 0 0 0 0 0 X 0 X 0 X 0 X X 0 0 0 0 0 0 0 X X 0 0 0 0 0 0 0 X 0 0 X 0 0 0 X 0 X 0 0 0 0 0 0 X 0 X 0 0 0 0 0 0 X X 0 0 0 0 0 X 0 X X
X X X 0 0 X 0 0 0 0 0 0 0 0 0 0 0 0 0 0 0 0 X 0 0 0 0 0 0 0 X 0 0 0 X 0 0 0 X X 0 X 0 0 0 X X X 0 0 0 0 X 0 0 0 0 0 0 X 0 X 0 X 0 0 X X X 0 X X 0 0 0 0 0 0 0 0 0 0 0 0 0 X 0 0 0 0 X 0 0 X 0 X X 0 0 0 X 0 X 0 0 0 0 0 0 X 0 0 X 0 0 X X 0 0 0 0 0 0 0 0 0 0 0 0 0 0 0 0 0 0 0 0 0 0 0 0 X 0 0 0 0 0 0 0 0 0 0 0 0 X X 0 0 0 0 0 0 0 0 0 X 0 0 0 0 0 0 0 0 0 0 X 0 X X 0 X 0 0 0 0 0 0 0 0 X 0 0 X 0 0 0 0 0 0 X 0 X 0 0 0 0 0 0 0 0 0 X 0 0 X X 0 X 0 0 0 0 0 0 0 X X X 0 0 0 0 0 0 0 0 0 X 0 0 0 0 0 X 0 0 0 0 0 0 X 0 0 0 0 0 0 0 0 0 0 0 0 0 0 0 0 0 0 X 0 0 X 0 0 X X 0 0 0 X 0 0 0 0 0 0 X X 0 0 0 0 0 X 0 0 0 0 0 0 0 0 0 0 0 0 X 0 0 X 0 0 X 0 0 X 0 X X 0 0 0 0 X 0 X 0 0 X 0 0 0 0 0 0 0 0 0 0 0 0 X 0 X 0 0 0 0 0 0 0 0 X X 0 X 0 0 0 0 0 0 0 0 0 0 0 0 X 0 X X 0 0 0 0 0 0 0 0 0 0 0 0 0 0 0 0 0 0 0 0 0 0 0 0 X X
X 0 X X X 0 0 0 0 0 0 0 0 0 0 X 0 0 X 0 0 X 0 0 X X 0 0 0 X 0 0 0 X 0 X 0 0 0 0 0 0 0 0 0 0 0 0 0 0 0 0 X 0 0 0 0 0 0 0 0 X 0 0 X 0 X 0 0 0 0 0 0 0 0 0 0 0 0 0 0 0 0 X 0 0 0 0 0 0 0 0 0 0 0 X 0 X 0 0 0 0 0 0 X 0 0 X 0 0 0 0 0 X X 0 X 0 X X 0 0 X X 0 0 0 0 0 0 0 0 0 0 0 X 0 0 0 0 0 X 0 0 0 0 0 0 0 0 0 0 0 X 0 X X X 0 0 0 0 0 0 0 0 0 0 0 0 0 0 0 0 0 0 X 0 0 0 0 0 0 0 0 X 0 0 X 0 0 0 0 X 0 X 0 0 0 0 0 0 0 0 0 0 0 0 0 0 0 X 0 0 0 X 0 0 0 X 0 X 0 0 0 0 X 0 0 X 0 0 0 0 0 0 0 0 0 X 0 0 0 0 0 0 0 0 0 0 X 0 0 X X 0 X 0 X 0 0 0 0 0 X 0 0 0 0 0 0 0 0 0 0 0 0 0 0 0 0 X 0 0 0 0 0 0 0 0 0 0 0 0 X X 0 0 0 0 0 0 0 X 0 0 X 0 0 0 X 0 0 0 X 0 0 0 0 0 0 0 0 X 0 0 0 0 0 0 0 0 0 0 0 0 0 0 0 0 0 0 0 X X 0 0 X 0 0 0 0 0 X 0 0 0 0 0 0 0 0 0 0 0 0 0 0 0 0 X 0 X 0 0 0 0 0 0 0 0 0 0 X X 0 X 0 0 0 0 0 0 0 X 0 0 0 0 X
X 0 X 0 X 0 X 0 0 0 0 0 0 0 0 0 0 0 0 0 0 0 X 0 0 0 0 0 0 0 0 X 0 0 0 0 X 0 0 0 0 0 X 0 0 0 0 0 X 0 0 0 X 0 X 0 0 0 0 0 0 X X 0 0 0 X 0 0 X 0 0 0 X 0 0 0 0 0 0 0 X 0 X 0 0 0 X 0 0 0 0 0 0 0 X 0 0 X X 0 X 0 0 0 0 0 0 0 0 X X 0 0 0 0 0 0 X 0 0 X 0 0 0 X 0 0 0 0 0 X X 0 0 0 0 0 0 0 0 0 0 0 X X X 0 0 0 0 0 X 0 0 0 0 0 0 0 0 0 0 0 0 0 X X 0 X 0 0 0 X X 0 0 0 X X 0 0 0 X X 0 0 0 0 0 0 0 X 0 X 0 0 0 0 X 0 0 0 0 0 0 X 0 0 0 0 0 X X 0 X 0 0 X X 0 0 0 0 X 0 0 0 0 0 X 0 X 0 0 0 X 0 0 X 0 0 0 0 0 0 0 0 0 0 0 X 0 0 X 0 0 0 0 0 0 0 0 0 0 0 0 0 X 0 0 X 0 0 X 0 0 X 0 0 0 0 0 0 0 0 X 0 X 0 0 0 0 X 0 0 0 0 0 0 0 0 X 0 0 0 0 0 X X X 0 0 X 0 0 0 0 X X 0 0 0 0 0 0 X 0 0 0 X 0 0 0 0 0 0 0 0 0 X 0 0 0 0 X 0 X 0 0 0 X X 0 0 X 0 0 X 0 0 X 0 0 0 0 0 0 X 0 0 0 0 0 0 0 0 0 X 0 0 0 0 0 0 0 0 X 0 0 0 X 0 0 0 0 0 0 0 X
X X 0 0 0 0 0 0 X 0 0 0 0 X 0 0 0 0 X X 0 0 0 0 0 0 0 0 0 0 0 0 0 0 X 0 0 0 0 X 0 X 0 0 0 0 0 0 0 0 0 0 0 0 0 0 X 0 X 0 X 0 0 0 X 0 0 0 0 X 0 X X X 0 0 X 0 0 X 0 0 0 0 X X 0 0 0 0 X 0 0 X X 0 0 0 0 0 X X 0 0 0 0 0 X 0 0 0 0 0 0 0 0 X 0 0 0 0 0 0 0 0 0 0 0 X X 0 0 0 0 0 X X 0 0 X X 0 0 X 0 0 0 0 0 0 X 0 0 X 0 0 0 X 0 X 0 0 0 X 0 0 0 X 0 0 0 X 0 0 0 X 0 0 0 0 0 0 X 0 0 X 0 0 X 0 0 0 X 0 0 0 X 0 0 0 0 0 0 X 0 0 0 0 0 0 0 0 0 0 0 0 X 0 X X 0 0 0 0 X 0 0 0 0 0 0 0 0 X X 0 0 0 0 0 0 0 X 0 0 0 0 0 0 0 0 X 0 X 0 0 X 0 X 0 X 0 0 0 0 0 0 0 0 0 0 0 0 0 0 0 0 0 0 X 0 0 0 X X X 0 0 0 0 0 0 0 0 0 0 X 0 0 X X 0 0 0 0 0 0 X 0 0 0 0 0 0 0 0 0 0 0 0 0 0 0 X 0 0 0 0 0 0 0 0 X 0 0 X 0 X X X 0 0 0 0 0 0 0 0 0 0 X 0 0 0 0 0 0 0 0 X 0 0 0 0 0 0 0 0 0 X X 0 0 0 0 0 0 X 0 0 0 0 X X 0 0 0 0 0 0 X 0 0 X 0 0 0 0 0 X
X 0 X X 0 0 0 X X 0 X 0 0 0 0 0 X 0 0 0 0 0 0 0 0 0 0 0 0 0 0 0 0 X 0 0 0 0 0 0 0 0 X 0 0 0 0 0 0 0 0 0 0 0 0 0 X 0 0 0 0 0 0 0 0 X X 0 0 0 X 0 0 0 0 0 0 0 0 0 0 X 0 0 X 0 0 0 0 0 0 0 0 X 0 0 X 0 0 0 0 X 0 0 0 0 0 0 0 0 0 0 0 0 0 0 X 0 0 0 0 0 X 0 X 0 X 0 0 0 X 0 0 0 0 X 0 0 0 0 0 0 0 0 0 0 X 0 0 0 0 0 0 0 0 0 0 0 0 0 0 0 0 0 0 0 0 0 0 0 X 0 0 0 0 0 0 X 0 0 0 0 0 0 0 0 0 0 X 0 0 0 0 0 X 0 0 0 0 0 0 0 0 0 0 0 0 0 0 0 0 0 0 0 0 X X X X X X 0 0 0 0 0 0 0 0 0 0 X 0 0 0 0 0 0 0 0 0 0 0 0 0 0 X X 0 0 X 0 0 0 X 0 X 0 0 0 X 0 0 0 X 0 0 0 0 0 0 0 X 0 0 0 0 0 0 X 0 0 0 0 0 0 0 0 0 X 0 0 X 0 0 X 0 X X 0 0 0 0 0 0 X 0 X 0 X X X X 0 0 0 0 0 X 0 0 0 0 X 0 X 0 0 0 0 X 0 0 0 X X 0 0 X 0 0 0 0 X X 0 0 0 0 0 0 0 0 0 0 0 0 0 0 0 0 0 0 0 0 0 0 0 X 0 X 0 0 X X 0 X 0 0 0 X 0 0 0 X 0 0 X 0 0 0 0 0 0 0 0 0 0 0 X
X 0 0 X 0 0 0 0 X 0 0 X X 0 0 0 0 0 X 0 0 0 0 0 0 0 X 0 X X 0 X 0 0 0 0 0 0 X 0 X 0 0 X 0 0 0 0 0 0 0 0 X X X 0 X X X 0 0 0 0 0 0 0 0 0 0 0 0 0 0 0 X X X 0 0 0 0 0 0 0 0 0 0 0 0 X 0 0 0 0 X 0 X 0 0 0 0 0 0 0 0 0 0 0 0 0 0 0 0 X 0 0 0 0 X 0 0 0 0 0 0 0 0 0 X X 0 0 0 0 X 0 0 0 X X 0 0 0 0 0 0 0 0 0 0 0 X 0 0 X 0 0 0 0 0 0 0 X 0 0 0 0 0 0 0 X 0 0 0 X X 0 0 0 0 0 0 0 0 0 X 0 X X 0 0 X 0 0 0 0 0 X 0 X 0 0 0 X 0 0 0 0 0 X 0 0 0 0 0 0 0 X 0 X 0 0 0 X 0 0 0 0 0 0 0 0 0 0 0 0 0 0 0 X 0 X 0 0 0 0 0 X 0 0 0 0 X 0 X 0 0 0 0 X 0 0 X X 0 0 0 0 0 0 0 X 0 X 0 0 0 0 0 0 X X 0 0 0 0 0 0 X 0 X 0 0 0 0 0 0 0 X 0 0 X 0 0 X 0 0 0 0 0 0 0 0 0 0 0 0 0 0 X 0 0 0 0 0 0 X X 0 0 0 0 X 0 0 X 0 0 0 0 0 0 X 0 0 0 0 0 0 0 0 0 0 0 0 0 0 0 0 0 0 0 0 X 0 0 X 0 0 0 0 0 X X 0 0 0 X 0 X 0 0 0 X 0 0 0 X 0 X 0 0 0 0 0 X 0 0 0 X
X X X 0 0 0 X X 0 0 0 0 0 X 0 X 0 X 0 X 0 0 0 X 0 0 0 0 0 0 0 X 0 X 0 0 0 0 0 X 0 0 0 0 0 0 0 0 0 0 0 0 X X 0 0 X X 0 0 0 0 X 0 0 0 X 0 0 0 0 0 0 X X 0 0 X 0 0 0 0 X X 0 0 0 0 0 X 0 0 0 0 0 0 0 0 X 0 0 0 0 0 0 0 0 0 0 0 0 0 0 0 0 0 0 0 0 0 0 0 X 0 0 X 0 X 0 0 0 0 0 0 0 0 X 0 0 0 X 0 0 0 0 X 0 0 X 0 X X 0 0 0 0 X 0 0 X 0 0 0 0 0 0 0 0 0 0 0 0 X 0 X 0 0 0 X 0 0 0 0 0 0 X 0 0 0 0 0 0 X 0 0 0 0 0 0 X 0 0 0 0 0 0 0 0 0 0 0 0 0 0 X 0 0 0 0 X 0 0 0 0 0 0 0 X 0 0 0 0 0 X X 0 X 0 X X X 0 0 X 0 0 0 0 0 0 0 X 0 X 0 X 0 0 0 0 0 0 0 0 X 0 0 X 0 0 0 0 0 0 0 0 0 0 0 X 0 0 0 0 0 0 X 0 0 0 0 0 0 X 0 0 0 0 0 0 0 0 0 X 0 0 X 0 0 0 X 0 0 0 X 0 0 0 0 X 0 0 0 0 0 0 0 0 0 0 0 0 0 0 0 0 X 0 0 0 X 0 0 X 0 X X 0 X X 0 0 0 0 0 0 0 X 0 X 0 0 0 0 0 X 0 0 0 0 0 0 0 0 0 X 0 0 0 0 0 0 0 X X 0 0 0 X 0 0 X 0 0 0 0 0 0 0 X
X X X 0 X 0 0 X 0 0 0 0 X X 0 0 0 0 0 0 0 0 0 0 0 0 0 0 0 0 X 0 0 0 0 0 0 0 0 0 X X X 0 0 X 0 0 0 0 0 0 0 0 0 0 X X X 0 0 0 0 0 0 0 0 0 X 0 0 0 0 0 X 0 X X 0 X 0 0 0 X 0 X X 0 X 0 0 0 X 0 X X 0 0 0 0 X 0 0 0 0 0 X 0 0 0 0 0 0 X 0 0 0 0 X 0 0 0 0 X 0 0 0 X 0 0 0 0 0 0 0 0 0 X 0 0 X 0 X 0 X X X 0 0 0 X 0 X 0 0 0 0 0 X 0 X 0 0 0 X 0 0 0 0 X X X 0 X 0 X X 0 0 0 0 0 0 X 0 X 0 0 0 0 0 0 0 0 0 0 X 0 0 0 X 0 0 0 0 0 0 X 0 0 0 X 0 0 0 0 0 0 0 0 0 0 0 0 0 0 0 0 0 0 0 0 X 0 0 0 0 0 0 0 0 X 0 X 0 0 X 0 0 0 0 0 0 0 0 0 0 0 0 X 0 X 0 0 0 X X X 0 0 0 0 0 0 0 0 0 0 0 X 0 0 0 0 0 0 0 0 0 0 0 0 0 0 0 0 0 0 0 0 0 0 0 0 0 0 0 0 X 0 X 0 0 X 0 0 X 0 X X 0 0 X 0 0 0 0 X X 0 0 0 0 0 0 0 X 0 0 0 0 X 0 X 0 X 0 0 0 0 0 0 0 X 0 0 X 0 X X X 0 0 0 0 0 0 X 0 0 0 0 0 X 0 0 0 0 X 0 X 0 0 0 0 0 0 0 X X 0 0 0 0 0 X 0 0 0 X
X 0 0 X 0 0 0 0 0 0 X 0 X 0 0 0 X X 0 X X 0 0 0 0 0 0 0 0 0 0 0 0 0 0 X 0 0 0 0 0 0 0 0 X 0 0 X 0 X 0 0 X 0 0 0 0 0 0 0 0 0 X 0 0 0 0 X 0 0 0 X 0 0 0 0 X 0 0 X 0 X 0 0 X X 0 X 0 0 X X 0 X 0 X 0 0 X 0 X X 0 0 0 X 0 0 0 0 0 0 0 0 0 0 0 0 0 0 0 0 0 0 X X 0 X 0 0 0 0 0 0 0 0 0 0 0 0 0 X 0 X X 0 X 0 X 0 0 0 0 X 0 0 0 0 X 0 0 X 0 0 0 0 0 0 0 0 0 0 0 0 0 X X 0 0 0 0 0 X 0 0 0 0 0 0 0 0 0 X 0 0 X 0 0 0 0 0 0 0 0 X 0 0 X X 0 X 0 0 0 0 X X 0 0 0 X 0 0 0 0 0 X X X 0 0 0 X 0 0 0 0 X X 0 0 0 0 0 0 0 0 0 X 0 0 0 0 0 X 0 0 0 0 X 0 0 X 0 X 0 X X 0 0 0 0 0 0 0 X 0 0 0 0 X 0 0 0 0 X X 0 X 0 0 0 0 0 0 0 X 0 0 0 0 X X 0 0 0 X 0 X 0 0 0 X X X 0 0 0 X 0 0 0 X 0 X X 0 0 0 0 0 0 X 0 0 0 0 0 0 0 0 0 X 0 0 0 0 0 X 0 0 0 X 0 0 0 X 0 0 0 0 X X X 0 X X 0 0 X 0 0 0 0 0 0 0 0 0 0 0 0 X 0 0 0 0 X 0 0 0 0 0 X 0 0 X 0 0 X
X 0 0 0 X 0 X X 0 X 0 0 0 X 0 X 0 0 0 X 0 0 0 X 0 0 0 X 0 0 X 0 X 0 0 0 X X X 0 0 0 0 0 0 X 0 0 0 0 X 0 X 0 0 X 0 0 X X X 0 X X 0 0 0 X 0 X 0 0 0 0 X X 0 0 0 0 X 0 0 X 0 0 0 X X 0 X 0 0 0 X 0 0 0 0 0 0 0 0 0 0 0 0 0 0 0 0 0 0 0 X 0 X X 0 0 0 0 0 0 0 0 0 X 0 0 0 0 0 X X 0 X 0 0 0 X 0 0 0 X 0 X 0 0 0 0 0 0 0 X X 0 0 0 0 0 0 0 0 0 X X 0 X 0 0 X 0 0 0 0 0 X 0 0 0 0 0 0 0 0 X 0 X X X 0 0 0 0 X 0 X 0 X X 0 X 0 0 0 0 0 0 X 0 0 0 0 0 0 X X X 0 0 0 0 0 0 0 X 0 0 X 0 0 X 0 0 X 0 X 0 0 0 0 0 0 0 X 0 0 0 0 X 0 0 0 X 0 0 0 X 0 X 0 X X 0 0 0 0 X 0 0 X X 0 X X 0 0 0 0 0 0 0 0 0 0 0 0 0 0 0 0 X X 0 0 0 0 0 0 0 0 0 X 0 0 0 0 0 0 X 0 0 0 0 0 0 0 0 X 0 0 X 0 0 X 0 0 X 0 0 0 0 0 X 0 X X 0 0 X 0 X 0 0 X 0 0 0 0 0 0 X 0 X 0 0 0 0 0 0 0 0 0 X 0 0 0 0 0 0 X 0 0 0 0 X 0 0 X 0 X 0 0 0 0 0 0 0 0 0 0 0 0 0 0 0 0 0 X
X 0 0 0 0 X X 0 0 0 0 0 0 0 0 0 0 0 0 0 0 0 X 0 X 0 0 0 0 0 0 0 0 0 0 0 0 0 0 0 X 0 0 X 0 0 0 0 0 0 X 0 0 0 X 0 X X 0 0 0 X 0 X 0 X X 0 X 0 0 0 0 0 X 0 0 0 0 0 0 0 0 0 0 0 0 0 0 X 0 0 0 X 0 X 0 X 0 0 0 0 0 0 0 0 0 0 0 0 0 X 0 0 X 0 0 0 X X X 0 0 0 X 0 0 0 0 0 X 0 0 0 0 0 0 0 0 0 0 0 0 0 0 0 X X 0 X 0 X X 0 0 0 0 0 X 0 0 0 X 0 0 X X 0 0 X 0 0 0 X 0 0 X 0 0 X 0 0 0 0 0 X 0 0 0 0 0 0 X 0 0 0 0 0 X 0 0 0 0 0 0 0 0 X X X 0 X 0 0 0 0 0 X 0 0 0 0 X 0 0 0 0 0 0 0 0 0 0 X 0 0 0 0 X 0 0 0 0 0 0 0 0 0 0 0 X 0 0 0 0 0 0 0 0 0 0 0 0 0 X 0 X 0 0 X 0 0 X 0 0 X 0 0 0 0 0 0 0 0 0 X 0 0 0 0 0 0 0 0 0 0 0 0 0 0 0 0 0 0 0 X 0 0 0 0 X 0 0 0 0 0 0 0 0 X X 0 0 X X X X X 0 X 0 0 X 0 0 0 0 X 0 0 0 0 X 0 0 0 X X 0 0 0 X 0 0 0 0 0 0 0 0 0 0 0 0 0 X X 0 0 0 0 0 X X 0 0 X 0 0 X 0 0 0 0 0 0 0 0 0 0 0 0 0 0 0 0 0 0 X X
X X 0 0 0 0 0 0 0 X 0 X 0 0 0 X 0 0 0 0 0 X 0 0 0 0 X 0 0 0 0 0 0 0 0 0 0 0 0 0 0 0 0 X 0 X 0 0 X X 0 0 0 0 X 0 0 0 0 0 0 0 X 0 X 0 0 0 0 X 0 0 0 X 0 0 0 X 0 0 X 0 0 X 0 0 0 0 0 X 0 X X 0 0 0 0 0 0 0 0 0 0 0 0 0 0 0 0 0 X X 0 0 X 0 0 0 0 0 0 0 0 0 0 0 0 X X 0 0 X X 0 0 0 0 X 0 X 0 0 0 0 0 0 X 0 0 0 0 0 0 0 0 0 X 0 0 0 0 0 0 0 0 0 0 0 X 0 0 0 0 X 0 0 0 X 0 X 0 0 X 0 0 0 0 0 X 0 X 0 0 0 0 X 0 X 0 0 0 0 0 X 0 X 0 0 X 0 0 0 X 0 X 0 0 0 0 0 0 0 0 0 X X 0 0 0 X 0 X 0 0 0 0 X 0 0 0 0 0 0 X X 0 0 0 0 X 0 0 0 0 0 X X 0 X X X 0 0 0 X 0 0 0 X 0 X 0 0 0 0 0 X 0 0 0 0 X 0 0 0 0 0 0 0 0 0 X X 0 0 X X X 0 0 0 0 0 0 0 0 0 0 0 0 X X 0 0 0 0 X 0 0 0 0 X 0 0 0 0 0 X 0 X 0 0 X X X X 0 X 0 0 0 0 0 0 0 0 0 0 0 0 0 0 0 X 0 0 0 0 0 X X 0 0 0 0 0 0 X X 0 0 0 X 0 0 0 0 0 0 0 0 0 0 0 X 0 X 0 0 0 X 0 0 0 0 0 0 0 0 X
X 0 0 0 0 0 X X X 0 0 0 0 0 0 0 0 0 X 0 0 0 0 0 0 0 0 0 0 0 0 0 0 0 0 0 0 X 0 X X 0 0 X 0 0 0 0 0 0 0 X 0 0 0 0 0 0 X 0 0 X 0 0 0 0 0 0 0 0 0 0 X 0 0 X X 0 0 0 X 0 0 0 0 0 0 X 0 0 0 0 0 0 0 0 X 0 0 0 0 0 0 0 X X 0 0 X 0 0 0 0 0 0 0 X X 0 0 0 0 0 0 0 0 0 0 0 0 0 X 0 X 0 0 0 X 0 0 0 0 0 0 0 X X 0 0 0 0 0 0 0 0 0 X X 0 0 0 0 0 0 0 0 0 0 X 0 X 0 0 0 0 0 X 0 0 0 0 0 X X 0 0 X X 0 0 0 0 0 0 X 0 0 0 X X 0 X X 0 X 0 0 0 X 0 0 0 0 0 0 0 0 0 0 0 0 0 0 0 0 0 0 X 0 0 0 0 0 X X X X 0 0 0 0 X 0 X 0 0 0 0 0 0 0 0 0 0 0 0 0 0 0 0 0 X X 0 0 X 0 0 0 0 0 0 X X X 0 0 0 0 X 0 0 X 0 0 X 0 0 0 0 X 0 0 0 0 0 0 0 0 0 0 0 0 0 0 0 0 0 0 0 0 X 0 X 0 X 0 0 0 0 0 0 0 0 0 X 0 0 0 0 0 0 0 0 0 0 X 0 X 0 0 0 0 0 0 0 0 0 0 X 0 0 X X 0 0 0 0 0 0 X 0 0 0 0 0 0 0 0 0 0 X X 0 0 0 X X 0 0 X 0 0 X X 0 X 0 X X 0 0 0 0 0 X 0 0 0 X
X 0 0 0 0 X 0 0 0 0 0 0 0 0 0 0 0 0 0 0 0 0 0 0 0 X 0 X 0 0 0 0 X X X 0 0 0 0 0 0 0 0 0 0 0 X X X 0 0 0 0 0 X 0 0 0 0 0 0 X 0 0 0 0 X 0 0 0 0 0 0 0 0 0 0 X X 0 0 0 0 X 0 0 X 0 0 0 0 0 0 X 0 0 0 0 0 0 0 0 0 0 0 0 0 0 0 X 0 X X 0 0 0 0 0 0 0 X X 0 0 0 X X 0 0 0 0 0 0 0 0 0 0 0 0 X 0 0 0 0 0 0 0 0 0 0 0 0 0 0 0 0 0 0 0 0 X 0 X 0 0 0 X 0 0 0 0 0 X X 0 0 X 0 0 0 0 0 0 0 X 0 0 0 0 0 0 0 0 0 X 0 X 0 0 0 0 0 0 0 0 X 0 X 0 0 X 0 0 X 0 0 0 0 0 X 0 0 0 0 0 0 0 X X 0 0 0 0 0 X 0 0 0 X X 0 X 0 0 0 0 0 0 0 0 0 0 0 0 X 0 X 0 X 0 0 0 X 0 0 X 0 0 0 0 0 0 0 0 0 0 0 0 X 0 0 X 0 0 0 X 0 0 0 0 0 0 0 X 0 0 0 X 0 0 0 0 X X 0 0 X 0 X 0 X 0 0 0 0 X 0 0 0 0 0 0 0 0 0 X 0 0 X 0 0 X 0 0 0 0 0 0 0 0 X 0 0 0 0 0 0 0 0 0 0 0 X X 0 0 0 0 X 0 0 0 0 0 0 0 X 0 0 0 X 0 0 X 0 0 0 0 0 0 0 0 0 X 0 0 X 0 X X 0 0 0 X X 0 0 0 0 X
X 0 0 0 X 0 0 0 0 0 0 X 0 X 0 0 0 0 X 0 0 0 X 0 0 0 0 X X 0 X 0 0 0 X X 0 0 0 0 0 0 0 0 0 0 X 0 X 0 X 0 0 0 0 0 0 X 0 0 0 0 X 0 0 0 0 X 0 X X 0 0 X X 0 0 0 0 X 0 0 0 0 0 0 X 0 0 X 0 0 0 0 0 0 0 0 0 0 0 X X 0 0 0 0 0 0 0 X 0 0 0 0 0 X 0 0 0 X 0 0 0 0 X 0 0 X 0 0 0 0 0 X 0 0 0 X X 0 0 X 0 0 X 0 X X X 0 0 0 0 0 0 X X 0 0 0 X 0 0 0 0 0 0 0 0 X 0 0 X 0 0 0 0 0 0 0 X X 0 0 0 0 0 X 0 0 0 0 0 0 0 X 0 0 0 0 0 0 X 0 0 0 0 0 X 0 0 0 0 0 X 0 X 0 0 0 0 0 X 0 0 0 X 0 0 X 0 0 0 X 0 0 0 X 0 0 0 0 0 0 X 0 0 0 X 0 0 X 0 X 0 0 X 0 0 0 0 0 0 0 0 0 0 0 0 0 0 X X 0 0 0 X X 0 0 0 0 0 0 X X 0 X 0 0 X 0 0 X 0 0 X 0 X 0 X 0 0 0 X 0 0 X X 0 0 0 0 0 X 0 X 0 X 0 0 0 0 X 0 0 X 0 0 0 0 0 0 0 0 X X 0 0 0 0 X X 0 0 0 0 0 0 0 X 0 X 0 0 0 0 0 0 0 0 0 X 0 0 0 0 0 0 0 0 0 X 0 0 0 0 0 0 0 0 0 0 0 0 0 0 X 0 0 0 X X 0 0 0 0 0 X
X X 0 X 0 X 0 0 X 0 0 0 X 0 X 0 0 0 0 0 0 0 X X X 0 0 0 0 0 X 0 0 0 0 0 0 0 X 0 0 X X 0 0 0 X 0 0 0 0 0 0 0 X 0 X 0 0 0 0 0 0 0 0 0 0 X 0 X 0 0 0 0 0 0 0 0 0 X 0 0 0 0 0 X X X 0 0 0 0 0 X 0 0 0 X 0 0 0 0 0 X 0 X 0 0 0 0 0 X 0 0 0 X 0 0 0 X 0 0 0 0 0 X 0 0 0 0 0 X X X 0 0 X 0 0 0 0 0 0 X 0 X 0 0 0 0 0 X 0 X 0 0 0 0 0 0 0 X X 0 0 0 0 0 X 0 0 0 0 0 0 X 0 0 0 X 0 0 X 0 0 0 0 0 X 0 0 0 0 0 X 0 0 0 0 0 X 0 0 0 0 0 X 0 0 0 X 0 0 0 0 0 X 0 X X 0 0 0 0 0 0 0 0 0 0 0 0 0 0 0 0 0 0 0 0 0 0 X 0 0 0 X 0 X 0 0 0 0 0 0 0 0 0 0 0 X 0 0 0 0 0 0 X X 0 X 0 0 0 0 0 0 0 X 0 0 0 0 0 0 0 0 0 0 0 0 0 0 X 0 0 0 0 0 0 0 X 0 0 X X 0 0 X 0 0 X 0 X 0 0 X 0 X 0 X 0 X 0 0 X 0 0 0 0 0 0 0 0 0 0 0 0 0 0 X 0 X 0 0 0 0 X 0 0 0 0 0 X 0 0 0 0 0 0 0 X 0 X X X 0 0 X 0 0 X X 0 0 0 0 0 0 0 0 0 0 X X 0 X X 0 0 0 0 X X 0 0 0 0 X X
X 0 0 0 0 X 0 0 0 0 X 0 0 0 X 0 0 0 0 0 0 0 0 X 0 X 0 0 0 0 X 0 X X 0 0 X 0 X 0 0 0 X 0 X 0 X 0 0 X 0 0 0 0 X X 0 0 0 0 0 0 0 0 X X X 0 0 0 0 X 0 0 X 0 X 0 0 0 0 0 0 0 0 X 0 0 0 0 0 0 0 0 0 0 X X X 0 X X 0 0 0 X 0 X 0 X 0 0 0 0 0 0 0 0 0 0 0 X 0 0 0 0 0 X 0 0 0 X 0 0 0 0 0 0 0 X X 0 0 0 0 0 0 0 0 0 0 0 X 0 X 0 0 0 0 0 0 0 0 0 X 0 0 0 0 0 0 0 X 0 0 0 0 0 X 0 0 0 0 0 0 0 X 0 0 0 0 0 0 0 X X 0 0 0 0 X 0 0 0 0 0 0 0 0 0 0 0 0 X 0 0 X 0 0 0 0 0 0 0 0 0 X 0 0 0 0 0 0 0 0 0 0 0 0 0 0 0 X X 0 0 0 0 X 0 X 0 0 0 0 0 X 0 0 0 0 0 X 0 X 0 X 0 0 X 0 0 0 0 0 X 0 0 X X X 0 X 0 0 0 0 0 0 0 X 0 0 0 0 0 0 0 0 0 0 0 0 0 0 0 0 X X 0 0 0 0 0 0 0 X 0 X 0 0 0 X X 0 0 0 X 0 0 0 0 X X 0 X 0 0 0 0 0 0 0 X 0 X 0 0 0 X 0 0 X 0 0 0 X 0 X 0 0 0 0 0 X 0 X 0 0 0 0 0 X 0 0 0 X X 0 0 0 X 0 0 0 0 0 0 0 0 X X 0 0 0 0 0 0 X X
X 0 0 0 X 0 0 0 0 0 0 0 0 0 X 0 X 0 0 X X 0 0 X X 0 0 X X 0 0 0 0 0 X 0 X 0 0 0 X 0 0 0 0 X 0 0 0 0 X 0 0 X 0 X 0 0 0 0 X X 0 0 0 X 0 0 0 0 X 0 0 0 0 0 0 0 0 X 0 0 0 0 0 0 0 X 0 0 0 0 0 0 0 0 0 0 0 X 0 X 0 0 X 0 0 0 0 0 0 0 0 0 X 0 0 0 X 0 0 0 0 0 X 0 X 0 0 0 0 X 0 0 0 0 0 0 0 0 0 0 0 0 0 0 X X 0 0 0 X 0 0 0 0 X 0 0 0 0 X 0 0 X 0 0 0 X 0 0 X 0 0 0 0 X X 0 0 0 0 0 X X 0 X 0 0 X X 0 0 0 0 X 0 0 0 0 0 0 0 0 0 0 0 X 0 X 0 0 X 0 0 0 0 0 0 0 0 0 0 0 0 0 X X 0 0 X 0 0 0 0 0 0 0 0 0 0 X X X 0 0 0 0 0 0 0 0 X 0 0 0 0 0 0 X 0 0 0 0 X 0 0 0 0 0 0 X 0 0 0 X X X 0 0 0 0 X X 0 0 X 0 0 0 0 0 0 0 X X 0 0 0 0 0 X 0 0 0 0 X X 0 X 0 0 0 0 X 0 X 0 0 X 0 X X X X 0 0 0 0 0 0 0 0 0 0 0 X 0 X 0 0 0 0 X 0 0 0 0 0 0 X X 0 0 X X X X 0 0 0 0 0 0 0 0 0 0 0 0 X 0 0 0 0 0 0 X 0 X 0 0 0 0 0 X X 0 X 0 0 0 0 0 X 0 0 0 0 X
X 0 0 0 0 X 0 X X 0 0 0 0 0 X 0 X 0 X 0 0 0 X 0 X 0 0 0 0 X 0 0 0 0 0 0 0 0 0 0 0 0 0 X 0 0 0 0 0 0 X 0 0 0 0 0 0 0 0 0 0 0 0 0 0 0 X 0 X 0 X 0 0 0 0 0 0 X 0 0 0 0 0 0 0 0 0 0 X X 0 0 0 0 0 X 0 0 X 0 X X 0 0 0 0 0 0 0 0 0 0 0 0 0 0 0 X 0 0 0 0 0 0 0 0 0 0 0 0 0 0 X 0 0 0 X 0 0 0 X 0 0 X 0 0 0 0 0 0 0 0 0 X X X 0 0 0 0 X 0 0 0 X X 0 0 0 X 0 0 0 0 X X 0 0 X 0 0 X 0 0 0 0 X 0 0 0 0 0 X 0 0 0 0 X 0 0 0 0 0 0 X 0 0 0 0 X 0 0 0 0 X 0 0 X 0 X X 0 X 0 0 0 0 X X 0 X 0 0 X 0 0 0 0 X 0 0 0 0 0 0 0 0 0 X 0 0 0 0 0 0 0 0 0 0 0 X 0 0 0 0 0 0 0 0 0 0 X 0 X 0 0 0 0 0 X 0 0 0 0 X 0 X 0 0 0 0 X 0 0 0 0 0 0 0 X 0 0 0 0 0 0 X 0 0 0 0 0 X 0 0 X X 0 0 X 0 0 0 0 X 0 0 0 0 0 0 0 0 0 0 0 0 0 0 X 0 0 0 0 0 0 0 0 0 0 0 0 X 0 0 X 0 0 X 0 0 0 0 X 0 0 0 0 0 0 0 X 0 X X X X X 0 0 X 0 0 0 0 0 X 0 X X 0 X 0 0 0 0 0 0 X X
X X 0 X 0 0 X 0 0 0 0 0 0 0 0 0 0 0 0 X 0 0 0 0 0 0 0 0 X 0 0 0 X 0 0 0 0 X X 0 0 X 0 0 0 0 0 0 0 0 X 0 0 0 0 0 0 0 0 0 X 0 0 0 X X 0 0 0 0 0 0 0 X 0 0 0 0 X 0 0 0 0 X 0 0 X 0 0 0 0 X X 0 0 0 X 0 0 X X 0 0 0 0 0 0 0 0 0 0 0 0 0 0 X 0 0 0 0 X 0 0 0 0 0 X 0 0 X 0 0 0 0 0 0 0 0 0 0 0 0 0 0 0 0 X 0 X X 0 X 0 0 0 X X X 0 0 X 0 X X 0 0 0 0 X X 0 X 0 0 X 0 0 X X 0 0 X 0 X 0 0 X 0 0 0 0 0 X 0 0 0 0 0 0 0 0 0 0 0 0 0 0 0 0 0 0 X 0 0 X 0 X X 0 0 0 0 0 X 0 0 0 0 0 0 X 0 X X 0 0 0 0 X 0 0 0 0 0 0 X 0 0 0 0 0 0 0 0 0 0 0 0 X 0 X 0 0 X 0 0 0 0 X 0 0 0 0 0 0 X 0 X 0 0 0 X 0 0 0 X X 0 0 X 0 0 0 0 0 X 0 0 0 0 X X X 0 0 0 0 0 0 0 0 0 0 0 0 X 0 0 X X 0 0 0 0 0 0 0 0 X 0 0 0 X X 0 0 X 0 X 0 0 X 0 X 0 0 0 0 0 0 0 0 0 0 0 X 0 0 X X 0 0 0 0 0 0 X 0 X 0 0 X X 0 0 0 X X 0 X X 0 0 0 X X 0 0 X 0 0 X 0 0 0 0 0 0 0 X
X 0 X 0 0 0 0 0 0 X 0 0 0 0 0 0 0 0 0 X X 0 0 0 X 0 0 0 X 0 X 0 0 0 0 X 0 0 0 0 0 X X 0 X 0 X 0 0 0 0 0 0 0 0 0 X 0 0 X 0 0 0 0 0 X 0 0 0 0 0 0 0 0 0 0 X X 0 0 0 0 0 0 X 0 X X 0 X 0 0 0 0 0 0 0 0 0 0 0 0 0 0 0 0 0 X 0 X 0 0 X 0 X X 0 0 0 0 0 0 0 0 X 0 X 0 X 0 0 0 0 X 0 0 0 0 0 0 0 0 0 0 0 0 X X 0 0 0 0 X 0 0 0 X 0 X 0 0 0 0 X 0 0 0 0 0 0 0 0 0 X X 0 0 0 0 0 0 0 0 X 0 0 0 0 0 0 0 0 0 0 0 X 0 0 0 0 0 0 0 0 0 0 X 0 0 X 0 0 X 0 0 0 0 0 X 0 0 X X X X 0 X 0 X X 0 0 0 0 X 0 X 0 0 0 0 0 0 0 0 0 0 0 0 0 0 0 0 0 0 0 0 0 0 0 X 0 0 X 0 0 0 0 0 0 0 0 0 0 0 0 0 0 0 0 0 0 0 X 0 0 0 0 0 0 0 0 0 0 0 0 0 X X X X 0 X X 0 0 0 0 X 0 0 X 0 0 0 0 0 0 0 0 0 0 X 0 0 X X 0 X X X 0 0 0 0 0 0 0 0 0 0 X X 0 0 0 0 X 0 0 0 0 0 0 0 0 0 X 0 0 0 X X 0 0 0 0 0 0 0 0 X 0 0 0 X 0 0 X X 0 X X X X 0 0 0 0 0 X 0 0 0 0 0 0 0 X X
X 0 0 0 X 0 X 0 0 X X X 0 0 0 0 0 X X 0 X 0 0 0 0 0 X 0 0 0 X X 0 0 0 0 0 0 X 0 X 0 0 0 0 0 0 0 0 X X 0 0 0 0 X X 0 X 0 0 0 0 0 0 0 0 X 0 0 0 0 0 0 X 0 0 0 0 0 0 X 0 0 X X 0 X 0 X 0 0 0 0 0 0 X 0 0 0 0 0 0 0 0 X 0 X X X 0 X 0 0 0 X 0 0 X 0 0 0 0 0 0 0 0 0 X 0 X X 0 X 0 0 0 0 0 0 0 0 0 0 0 0 0 X X 0 0 0 0 0 0 0 0 0 0 0 0 0 0 0 0 0 0 X 0 0 X X 0 0 X 0 0 0 0 X 0 0 X X 0 0 0 0 0 0 0 X 0 0 0 X X X 0 0 0 0 0 0 0 0 0 0 0 X 0 0 0 0 0 0 X 0 0 X 0 0 0 X 0 0 0 0 0 X 0 0 0 0 0 0 X X 0 0 X X 0 0 0 0 0 0 X 0 0 0 0 X 0 X X 0 0 0 0 0 0 0 0 0 0 0 0 0 0 0 0 0 X 0 0 X 0 0 0 X 0 X 0 0 0 X X 0 0 X 0 0 0 0 0 0 0 X X 0 0 0 0 X 0 X 0 0 0 0 0 0 X 0 0 0 0 0 0 0 0 0 0 0 0 0 0 0 X X 0 0 0 0 0 0 0 0 0 X 0 0 0 0 0 0 0 0 0 0 0 0 X 0 0 0 0 0 0 0 X 0 0 X 0 0 0 X 0 0 0 0 0 0 0 0 0 0 X 0 X 0 0 0 0 0 0 0 0 X 0 0 0 X X 0 0 X
X 0 X 0 0 0 0 X 0 0 0 0 X 0 0 0 0 0 0 X 0 X 0 0 0 0 0 0 0 0 0 0 0 X X 0 0 0 X 0 0 0 X 0 0 X 0 X 0 0 0 0 0 0 X 0 0 0 X 0 0 0 0 X X X 0 0 0 0 0 0 X 0 X 0 X 0 0 0 0 0 0 0 0 0 0 0 0 0 0 0 0 0 0 0 0 0 0 0 0 X 0 0 0 0 X X 0 0 0 X 0 0 X 0 0 0 0 0 0 0 0 0 0 0 0 0 0 0 0 0 0 0 X 0 0 X X 0 0 0 X X X 0 X X X 0 X 0 0 0 0 0 X 0 0 X 0 0 X 0 X 0 0 0 X 0 0 0 0 0 0 0 X 0 0 0 0 0 X 0 X 0 0 0 0 X 0 0 0 0 0 0 0 0 0 X 0 0 0 0 0 0 0 0 0 X 0 X 0 0 0 0 X 0 0 0 0 0 0 0 X 0 X X 0 0 0 0 X 0 0 X 0 0 0 0 0 X 0 0 X 0 0 X 0 0 0 0 X X X 0 0 0 0 0 0 0 0 0 0 X 0 0 0 0 0 0 0 0 0 0 0 0 0 X 0 0 0 0 0 0 0 0 0 0 0 0 0 0 X 0 0 0 0 X X 0 0 0 X 0 0 0 0 0 0 0 0 X 0 X 0 0 0 0 0 0 X 0 0 0 0 0 0 0 0 0 0 X 0 0 0 X 0 0 0 0 X X X X 0 0 X 0 0 X 0 0 0 X 0 0 0 X 0 0 0 X 0 0 X 0 X 0 0 0 X 0 0 X 0 0 0 0 X 0 0 X X 0 0 0 0 X 0 X 0 0 0 0 0 0 0 X
X 0 0 0 0 0 0 X 0 X 0 0 0 0 X 0 0 0 0 X 0 0 0 0 0 0 X 0 0 0 X 0 0 0 X X X 0 0 0 0 0 0 0 0 0 0 0 0 0 X 0 0 0 X 0 0 0 0 0 0 0 0 0 0 0 0 X 0 0 X 0 X 0 0 X 0 0 X 0 0 X 0 X 0 0 0 0 0 X 0 0 0 0 0 0 0 0 X 0 0 0 0 X 0 X 0 0 0 X 0 X 0 0 0 0 0 0 0 0 0 0 0 0 X 0 X 0 0 0 X 0 0 0 0 0 0 0 0 X 0 X 0 0 0 0 0 0 0 0 0 0 0 0 0 X 0 X 0 0 0 0 X 0 0 0 0 0 0 0 0 0 X 0 0 0 X X X X 0 X 0 0 0 0 X X X 0 0 0 0 X 0 0 0 0 0 X X 0 X 0 0 X 0 0 0 0 0 0 0 0 X 0 0 0 0 0 X 0 0 0 0 0 0 X 0 0 0 0 X 0 0 X 0 0 X 0 0 0 0 0 0 0 0 0 0 0 X 0 0 0 0 0 0 0 0 X 0 0 0 X X 0 0 0 X 0 0 0 X 0 0 0 0 0 0 0 0 0 0 0 0 0 0 0 0 0 0 0 X 0 X 0 0 0 0 0 X 0 0 0 0 0 0 0 X 0 0 0 X 0 0 0 X 0 0 0 0 X X 0 0 0 0 X 0 0 0 0 0 0 0 0 0 0 0 0 0 0 0 0 0 0 0 0 0 0 0 0 X 0 0 0 0 0 0 X 0 X 0 0 0 0 X 0 X 0 X 0 0 0 0 0 0 0 X 0 0 0 0 0 0 0 0 0 X 0 0 0 X 0 0 0 0 0 0 X
X X 0 0 0 0 X X 0 0 0 X 0 0 0 0 0 0 0 0 0 X 0 0 0 0 0 0 0 0 0 0 0 0 X 0 0 X X 0 X 0 0 0 0 0 0 0 0 X X X 0 0 0 0 0 X X 0 0 0 0 0 X 0 0 0 X 0 0 0 X X 0 0 0 0 0 X X X 0 0 0 X 0 0 0 0 0 0 0 0 0 0 X 0 0 0 0 X 0 0 0 X X X 0 0 0 0 0 0 0 0 0 X 0 0 0 0 0 0 0 0 0 0 0 0 0 X 0 0 X 0 0 0 X 0 0 0 0 0 0 0 0 0 0 X X X 0 0 0 0 0 0 0 0 X 0 0 0 0 X X 0 0 0 X X X X 0 X 0 0 0 0 X X 0 X 0 X 0 X X 0 0 0 0 0 0 0 0 0 0 0 0 0 0 0 0 0 0 0 0 0 0 0 0 0 0 0 0 X 0 0 0 X 0 0 X 0 0 0 0 0 0 0 0 X 0 0 X 0 0 X 0 0 0 0 0 X 0 0 0 0 0 0 0 0 0 0 X 0 0 X 0 X 0 0 0 0 0 X 0 X 0 0 0 0 0 X 0 0 0 0 0 0 0 0 0 0 0 0 0 0 0 0 0 0 0 0 0 X X 0 0 0 0 0 0 0 0 0 0 0 0 0 X 0 0 0 0 0 0 0 0 0 0 0 0 0 0 0 0 0 0 0 0 0 0 0 0 0 0 0 0 0 0 X 0 X 0 0 0 0 0 0 X 0 0 0 0 X 0 0 0 0 0 0 0 0 X 0 0 0 0 X 0 0 0 0 X 0 0 0 0 0 0 X 0 0 0 0 X 0 X 0 0 0 0 0 X 0 0 X
X 0 0 0 0 X 0 0 0 0 0 0 0 0 0 0 X 0 0 0 X 0 0 0 0 0 X 0 0 0 0 X 0 0 0 0 0 0 0 0 0 0 X X 0 X 0 0 0 X 0 0 X 0 0 X 0 0 0 0 0 0 0 0 X X X 0 0 0 0 0 0 0 0 0 0 X 0 0 0 0 0 0 0 0 X 0 X 0 0 X 0 0 0 0 0 0 0 0 X 0 X X 0 X 0 0 0 0 0 X 0 0 0 0 X X 0 0 0 0 0 0 0 0 0 0 X 0 0 X 0 0 0 0 0 0 X 0 0 0 0 0 0 0 0 0 0 0 X 0 0 0 0 0 0 0 0 0 0 0 0 0 0 0 0 0 0 0 0 0 0 0 0 X 0 X 0 X X 0 0 0 X 0 0 X 0 X 0 0 0 0 0 0 0 X X 0 0 0 0 X 0 X 0 X 0 0 0 0 0 0 X 0 0 0 X 0 0 0 0 0 0 0 X 0 0 0 0 0 0 0 0 0 0 0 0 0 X 0 0 X 0 0 0 0 0 X 0 0 0 0 0 0 0 0 X X 0 0 0 0 X 0 X X 0 0 0 0 0 0 0 0 0 0 0 0 0 0 0 0 X 0 X 0 0 0 0 0 0 X X 0 0 0 0 0 X 0 0 0 X 0 0 0 0 X 0 0 X 0 0 X 0 0 0 0 0 0 0 0 0 0 X X 0 X 0 0 0 0 0 X X 0 X 0 0 0 0 0 0 0 0 X 0 0 0 0 0 0 0 0 0 0 0 0 0 X 0 X X 0 0 0 X 0 0 0 0 0 0 0 0 0 0 X 0 0 0 0 0 0 0 0 X 0 0 0 0 X X X 0 X 0 X
X X 0 0 0 0 0 0 0 X 0 0 X 0 0 0 0 0 0 0 0 0 0 X X X X X 0 0 0 0 0 0 0 0 0 0 0 0 0 0 X X 0 0 0 0 0 0 0 0 0 0 0 0 X 0 0 X 0 0 0 X 0 0 0 0 0 0 0 0 0 0 0 0 X X 0 0 0 0 0 0 0 0 0 0 X 0 0 0 X 0 0 0 0 0 X 0 0 0 0 0 X X 0 0 X 0 0 X X 0 0 0 0 X X 0 X 0 X 0 0 0 0 0 0 0 0 0 0 0 0 0 0 0 0 0 0 0 0 0 0 0 0 0 0 0 0 0 0 0 0 0 0 0 0 0 X X X 0 0 0 0 0 0 0 0 0 0 X 0 0 0 0 0 X 0 X 0 0 X X 0 0 0 0 0 X 0 0 0 X 0 0 0 X 0 0 0 X X 0 X 0 0 0 0 0 0 0 0 0 0 0 0 0 X 0 0 0 0 X X 0 0 0 0 0 0 0 X 0 X 0 X 0 0 0 0 0 0 X 0 X 0 0 0 X 0 X 0 0 0 0 X 0 0 0 0 X 0 X 0 0 0 0 0 0 0 0 0 0 0 0 0 X 0 0 X 0 0 0 0 0 0 0 X 0 0 0 X 0 0 0 X 0 0 0 0 0 0 X 0 0 X 0 0 0 X 0 0 0 0 0 0 0 X 0 0 X X X 0 0 0 X X 0 0 0 0 0 0 0 0 X 0 0 X 0 0 X 0 0 0 0 0 0 0 0 0 0 0 X 0 0 0 0 0 0 0 0 0 X 0 X X 0 0 0 X 0 0 0 0 0 0 0 0 X 0 0 0 X 0 X 0 0 0 0 X 0 0 0 0 X
X 0 0 0 0 0 0 X 0 0 0 X 0 0 0 0 0 0 0 0 0 0 0 0 0 0 0 0 0 0 0 X 0 X 0 0 0 0 X 0 0 0 0 0 0 0 0 0 0 0 X 0 0 0 0 0 0 X 0 0 0 0 0 0 X 0 0 0 0 X 0 0 X 0 X 0 0 0 0 0 0 0 0 0 0 0 0 0 0 0 0 X 0 0 0 0 0 0 0 0 0 X 0 X X 0 0 0 0 0 0 0 0 X 0 0 0 0 X 0 0 0 0 0 X 0 0 0 0 0 0 0 0 0 0 0 0 0 X 0 0 0 0 0 0 0 0 0 0 0 0 0 0 0 0 0 0 0 0 0 X X 0 0 0 0 X 0 0 0 0 0 0 0 0 0 0 0 X 0 0 0 0 0 0 0 0 0 0 X 0 0 0 0 0 0 0 X 0 0 0 0 0 0 0 X 0 X 0 0 0 X X X 0 0 X 0 0 0 0 0 0 X X 0 0 0 0 0 0 0 0 0 0 0 0 X 0 0 0 0 X 0 X 0 0 0 0 X 0 0 0 0 0 0 0 0 0 0 0 0 0 0 0 X X 0 0 X X 0 0 0 X 0 0 0 0 X X X 0 0 0 0 0 0 0 0 X 0 X X X 0 0 0 0 0 X X 0 X 0 X 0 0 0 0 X 0 0 0 0 0 X X 0 0 0 0 0 0 X 0 0 0 0 X 0 0 0 0 0 0 X 0 0 X X 0 X X 0 X 0 0 0 0 0 0 X 0 X X 0 0 0 0 0 0 0 0 0 0 0 0 0 0 0 0 0 0 0 0 0 0 0 0 X X X 0 0 0 0 0 0 0 0 0 0 0 0 X 0 0 0 X
X 0 0 0 X X 0 0 0 0 0 X X X 0 X 0 0 0 0 X X 0 0 0 0 0 0 X X 0 0 0 0 0 0 0 X 0 0 0 0 X 0 X X 0 X 0 X X 0 0 0 0 0 0 0 0 0 0 0 0 0 0 0 0 0 0 0 X 0 X X X 0 0 0 X 0 0 0 X 0 0 0 0 0 0 0 0 0 0 0 0 0 0 X X 0 X 0 0 0 0 X X 0 X 0 X 0 0 0 0 0 0 X 0 0 0 0 0 0 0 0 0 0 X 0 0 0 0 0 X X 0 0 X 0 0 0 0 X 0 0 0 0 X X 0 0 0 X 0 0 0 0 0 X 0 0 X 0 0 0 0 0 X 0 0 0 0 0 0 X X 0 0 0 0 X 0 0 X X 0 0 X 0 X 0 0 X X 0 0 0 0 0 0 0 0 0 0 0 0 0 0 0 0 X 0 0 0 0 X X X 0 X 0 X 0 X 0 0 0 0 X 0 X 0 0 0 X 0 0 X 0 0 0 0 0 0 0 0 0 0 0 0 X 0 X 0 0 0 0 0 0 0 0 0 0 0 0 0 0 0 0 0 0 0 0 X X X 0 0 0 0 0 0 0 0 0 X 0 0 X 0 X 0 0 X 0 0 0 X 0 0 0 0 0 0 0 0 0 0 0 0 0 0 0 0 0 0 0 0 X 0 0 0 0 0 0 0 0 0 0 0 0 0 0 X 0 0 X X X 0 0 X X X 0 0 0 0 X X 0 0 0 0 0 0 0 X 0 0 X 0 0 0 0 0 0 0 0 X X 0 0 0 0 0 0 0 0 X 0 0 0 0 0 0 0 X 0 0 X 0 0 0 0 X 0 0 X
X X 0 0 X X X 0 0 0 0 0 0 0 0 0 X 0 X X 0 0 0 0 X 0 0 X 0 X 0 0 0 0 0 0 0 0 0 0 0 X 0 0 0 0 0 0 0 X 0 0 0 0 0 X 0 0 0 0 0 0 0 0 0 0 0 0 0 0 0 0 0 0 0 0 0 0 0 X 0 X 0 0 X X 0 0 0 X 0 0 0 0 0 0 0 X 0 0 0 X 0 0 0 0 0 X 0 0 0 0 0 0 X 0 0 0 0 0 X 0 0 X 0 0 0 0 0 0 0 0 0 0 0 0 0 0 0 0 X 0 0 X X X 0 0 0 X 0 0 0 X X X 0 0 0 0 X 0 0 0 X 0 0 0 0 0 0 0 0 0 0 0 0 0 0 0 0 0 0 0 0 0 X X 0 0 X 0 X 0 0 0 0 0 0 0 0 0 X 0 X 0 X 0 0 X 0 0 0 0 X 0 0 0 0 0 X 0 0 0 X 0 0 0 X 0 0 0 0 X X 0 0 0 0 0 0 0 0 0 X 0 X 0 0 X 0 0 0 0 0 X 0 X 0 X 0 0 0 0 0 0 0 0 0 0 0 X 0 0 0 0 0 0 0 0 0 0 0 0 0 0 0 0 X 0 0 0 0 0 0 0 0 X 0 0 0 X X 0 0 X 0 0 0 0 X 0 0 0 0 X X 0 0 0 0 0 0 X 0 0 0 0 0 0 0 0 0 X 0 0 0 0 0 0 0 0 0 X 0 X 0 X 0 0 0 0 0 0 X X 0 X 0 0 0 0 0 0 0 0 X X 0 0 0 0 0 0 0 0 X 0 X 0 X 0 X 0 X X 0 0 X 0 0 0 0 0 0 X 0 0 0 X
X 0 0 0 X X 0 0 0 0 0 0 X 0 0 0 0 0 0 0 0 0 0 0 0 0 0 0 0 0 0 X 0 0 0 0 X 0 0 X 0 0 0 0 X X 0 0 X 0 0 X X 0 0 X 0 0 0 0 X X 0 0 X 0 0 0 0 0 X 0 0 0 0 0 X 0 0 0 0 0 0 0 0 0 0 0 0 0 0 0 0 0 0 0 0 0 0 0 0 0 0 0 0 0 0 X 0 0 X 0 0 0 0 0 0 0 X 0 0 0 0 0 0 0 0 0 0 X 0 0 0 0 0 X 0 X 0 X 0 0 0 0 0 0 0 0 X 0 0 X X X 0 0 0 X 0 0 0 0 0 0 0 0 X 0 0 X X 0 0 0 0 0 0 0 0 0 0 0 X 0 X 0 0 X 0 0 0 0 0 0 0 0 0 X 0 0 0 0 X 0 0 0 X 0 0 0 0 0 0 0 X 0 0 0 0 0 0 0 0 0 0 0 0 0 0 0 X 0 X 0 X 0 0 0 0 0 0 0 0 X 0 0 0 0 0 0 0 0 0 0 0 0 0 0 0 0 0 X 0 0 0 0 X 0 0 0 0 0 X 0 0 0 0 0 X X 0 0 0 0 0 0 X 0 0 X 0 0 0 X 0 0 X 0 X 0 0 0 0 X X 0 0 0 0 0 0 X 0 X 0 X X 0 0 0 X 0 0 0 0 0 0 X 0 X 0 0 X 0 0 0 0 0 X X 0 0 0 X 0 0 0 X 0 0 0 0 0 0 X 0 X 0 0 0 0 0 0 0 0 0 0 0 X 0 X X 0 0 X 0 X 0 0 0 0 0 X 0 X 0 0 0 0 0 X 0 X X X 0 0 0 X X
X 0 X X 0 0 0 0 0 0 0 X 0 X X 0 0 0 0 0 0 0 0 0 0 0 0 0 X 0 0 0 0 0 X 0 X X 0 0 0 X X 0 0 0 0 0 0 X 0 0 0 0 0 0 0 0 0 0 0 0 0 0 0 0 0 0 X 0 0 0 X 0 0 0 0 0 0 0 0 0 0 0 0 X 0 0 0 X 0 0 0 0 0 X X 0 0 0 0 0 X X 0 0 0 X 0 0 0 0 0 X 0 0 0 0 0 0 0 0 0 0 0 0 0 0 X 0 0 0 0 X X 0 X 0 0 0 X 0 0 0 X 0 0 0 0 0 0 0 0 0 0 0 0 X 0 0 0 0 X X X X 0 X 0 0 X X 0 0 0 X 0 X 0 0 0 0 0 0 0 X 0 0 X 0 0 0 0 0 0 0 0 0 0 0 X 0 X X 0 0 0 0 0 0 0 0 0 0 X X 0 X 0 0 0 0 0 0 0 0 0 0 0 0 0 0 0 X 0 0 0 0 0 0 0 0 0 0 0 0 0 0 0 0 0 X X 0 X X X 0 0 0 0 0 0 0 0 X 0 0 0 0 X 0 0 0 0 0 0 0 X X 0 0 0 0 0 0 0 0 0 X X X 0 0 0 0 0 0 0 0 0 0 X 0 0 X X 0 0 0 0 0 0 0 0 0 0 0 0 X 0 X 0 0 X X X 0 0 0 0 0 0 0 0 0 X 0 0 0 0 0 0 0 0 X 0 0 0 X X 0 0 0 X 0 0 0 0 0 0 0 0 0 0 0 0 0 X 0 0 0 0 X 0 0 0 0 0 0 0 0 0 0 0 0 X 0 0 0 0 0 X 0 0 0 0 0 X X
X 0 0 0 0 0 0 0 X 0 X 0 0 X 0 0 0 0 0 X 0 0 0 0 0 0 0 0 0 0 0 0 0 0 0 0 X 0 0 0 0 0 0 0 X X 0 0 X X 0 0 0 0 X 0 0 X 0 0 0 0 0 0 X 0 0 0 0 0 0 0 X 0 0 X 0 0 0 0 0 0 0 0 0 X 0 0 0 0 0 0 X 0 0 0 0 0 0 0 0 0 0 0 0 0 X X 0 0 0 0 0 X 0 X X X 0 0 X 0 0 0 0 0 0 0 0 0 0 0 0 0 X 0 0 0 X 0 0 0 0 0 0 0 0 0 X X 0 0 X X 0 0 0 0 0 0 0 0 0 0 X 0 0 0 X X X 0 0 0 0 0 0 0 0 0 0 0 X 0 0 0 0 0 0 0 0 0 0 0 0 0 0 0 0 X 0 0 X X X X 0 0 X 0 0 0 0 0 X X 0 0 0 0 0 0 0 0 X 0 0 0 0 0 0 0 0 0 0 0 0 X 0 X 0 X X 0 0 0 X 0 0 0 X 0 0 X 0 0 0 X 0 0 0 0 0 0 X 0 0 X 0 0 0 0 0 0 0 0 X 0 X 0 0 X 0 0 0 0 0 0 0 0 0 0 0 X 0 0 X X 0 0 X 0 X X 0 0 0 X 0 0 0 0 0 0 0 X X 0 0 X 0 0 0 X 0 0 0 0 0 X 0 0 0 X X 0 0 0 0 0 0 0 0 0 0 0 0 0 0 0 0 X 0 0 0 0 0 0 0 0 0 0 X 0 0 0 0 X X X 0 0 0 0 X 0 0 0 0 0 0 0 0 0 X 0 X X 0 X 0 0 0 0 X X X 0 X X
X 0 0 0 0 X 0 X 0 0 X 0 0 X X X 0 0 0 0 X 0 0 0 0 X 0 0 0 0 0 0 0 0 0 0 0 0 0 0 0 X 0 0 0 0 0 0 0 0 0 X 0 0 0 0 0 0 0 0 0 0 0 0 0 0 X 0 0 0 0 0 0 0 0 X 0 0 0 0 0 0 X 0 X 0 0 0 0 0 X 0 0 X 0 0 0 0 0 0 0 0 0 0 0 0 X 0 0 X 0 0 0 X 0 0 0 X 0 0 X 0 0 0 0 0 0 X 0 0 0 X 0 0 0 0 X 0 X 0 0 X 0 0 X X 0 0 0 0 0 X 0 0 0 X X 0 0 0 0 0 0 0 0 0 0 0 0 0 0 0 0 0 0 0 X 0 0 0 0 0 0 0 0 0 X 0 X 0 0 0 X 0 0 0 X X X 0 0 X 0 0 0 0 0 X 0 X 0 X 0 0 0 0 0 0 0 0 0 0 0 0 0 0 0 X 0 0 0 0 0 0 0 0 0 X 0 0 0 0 0 0 0 0 0 0 0 X 0 0 X 0 0 0 0 0 0 0 0 0 X 0 0 0 0 0 0 0 0 0 X 0 0 0 0 X 0 0 0 X 0 0 0 X X 0 X 0 X 0 0 X 0 0 0 0 0 X 0 0 0 X X 0 X 0 0 X 0 0 0 X X 0 0 X 0 0 0 0 0 0 0 0 0 0 0 0 0 X 0 0 0 0 0 0 X X 0 0 0 0 0 X 0 0 0 0 X 0 0 0 0 X 0 0 0 0 0 0 0 X 0 0 0 0 X 0 0 0 0 0 0 0 0 0 0 0 0 X 0 0 0 0 X 0 0 0 0 X 0 0 0 0 0 0 0 X
X 0 0 0 0 0 0 X 0 0 0 0 0 0 0 0 0 X 0 X 0 0 0 X 0 0 0 0 0 0 0 0 0 0 X 0 0 0 0 0 0 0 X 0 0 X 0 0 0 0 0 0 X 0 0 X 0 0 0 0 0 0 X 0 0 0 0 X 0 0 X 0 0 0 0 X X 0 0 0 0 0 0 0 0 0 0 0 X 0 0 0 0 0 0 0 0 0 0 0 0 X 0 0 0 0 0 X X X 0 0 0 0 0 0 0 0 X 0 0 X 0 0 0 0 0 0 0 0 0 0 0 X 0 0 0 0 0 0 0 0 0 0 0 0 0 0 0 0 0 0 0 X X X X X 0 0 0 0 0 0 0 0 0 X 0 0 0 0 0 X 0 0 0 0 0 0 0 0 0 0 0 0 0 0 0 X X 0 0 0 0 X 0 0 X 0 0 0 0 X 0 0 0 0 0 0 0 X X 0 0 0 0 X 0 X 0 0 0 X 0 X 0 X 0 0 0 0 0 0 0 0 0 0 0 0 0 0 0 0 0 0 0 0 0 X 0 0 0 X X 0 0 0 0 0 0 X X 0 0 0 0 0 0 0 0 0 0 0 X 0 0 0 0 0 X 0 0 0 X 0 0 0 0 0 0 X 0 0 X X 0 0 0 0 X 0 X 0 0 0 X 0 0 0 0 0 X 0 0 X X 0 X 0 0 0 0 0 0 X 0 0 X 0 0 0 0 X 0 0 X 0 X 0 0 0 0 0 0 0 X 0 0 0 0 0 0 0 0 0 0 0 0 0 0 0 0 0 X 0 0 0 X X 0 0 0 X 0 0 0 X 0 X 0 0 0 X 0 0 0 X 0 0 0 0 0 0 X 0 0 0 X X
X 0 0 0 0 0 0 0 0 0 0 0 0 0 0 X 0 0 0 0 0 0 X X 0 0 0 0 0 0 0 0 0 0 0 0 0 0 0 0 0 0 X 0 0 0 0 0 X 0 0 0 0 0 0 0 0 0 0 0 0 0 0 0 0 0 0 0 0 0 X 0 0 0 0 0 0 X X X X X X X 0 X 0 0 0 0 0 0 0 0 0 X 0 X X 0 0 0 0 0 0 X 0 X X 0 X X 0 0 0 0 X 0 0 0 0 0 0 X 0 0 0 0 X 0 0 0 X 0 X 0 0 0 0 X 0 0 0 X 0 0 X 0 0 0 0 X 0 0 X 0 X 0 0 0 0 0 0 0 0 X 0 0 0 0 0 0 0 0 0 0 0 0 0 0 0 0 0 0 0 0 0 X X 0 0 X 0 0 0 0 0 0 0 0 0 X 0 X 0 X X 0 0 0 0 0 0 X X 0 0 0 0 0 0 X 0 0 0 0 0 0 0 X 0 0 0 0 0 0 0 0 0 0 0 0 0 X 0 0 0 0 0 0 0 0 X X 0 X 0 0 0 X 0 X 0 X 0 0 0 0 0 X 0 0 0 0 0 0 0 X 0 0 X 0 0 0 0 0 0 0 X 0 0 0 0 0 X 0 0 X 0 0 0 X 0 0 0 0 0 0 0 0 0 0 0 X 0 X 0 0 X 0 0 0 0 0 X 0 0 X 0 0 0 X 0 0 X 0 0 0 0 0 X 0 0 0 0 X 0 0 X X 0 0 0 0 X 0 0 0 0 0 X 0 0 0 0 X 0 0 0 0 0 0 0 0 0 0 0 X 0 0 0 X 0 0 0 0 0 0 0 0 X 0 0 0 0 0 0 0 0 X
X 0 0 0 0 0 0 0 0 0 0 0 0 X 0 0 X 0 0 X 0 0 0 0 X X 0 0 X 0 0 0 0 0 0 0 0 0 0 0 0 0 X 0 0 0 0 0 X 0 0 X 0 0 0 0 X 0 0 0 X 0 X 0 0 0 0 0 X 0 0 0 0 X 0 0 0 0 0 0 0 0 0 X 0 0 0 0 X 0 0 0 X 0 0 0 0 0 0 0 X 0 0 X 0 0 0 0 0 X X 0 0 0 0 0 0 0 X 0 0 X 0 0 0 0 0 0 0 0 0 0 0 0 X 0 0 0 0 0 X 0 0 0 0 0 0 X 0 0 0 0 0 0 X 0 0 X 0 X 0 X 0 0 X 0 0 0 0 0 X 0 0 0 0 X 0 0 0 0 0 0 0 0 0 0 0 X X 0 0 0 0 0 0 0 0 0 0 0 X 0 0 0 0 0 X 0 0 0 0 0 0 0 0 X 0 0 0 0 0 0 0 X X 0 0 X X 0 0 0 X X 0 0 0 X X 0 0 0 0 0 0 0 0 0 0 X 0 0 X 0 0 X 0 0 X X X 0 X 0 0 0 0 0 0 X 0 0 0 0 0 0 X 0 X 0 0 0 0 X 0 0 X 0 0 X X X 0 0 0 0 0 0 0 0 0 0 0 0 0 0 0 0 0 0 0 0 0 0 0 0 0 0 0 X 0 0 0 X 0 0 X 0 0 0 0 X X 0 0 X 0 X 0 X 0 0 0 0 X 0 X 0 0 0 0 0 0 0 0 0 0 0 X 0 0 X X X 0 0 0 0 0 0 0 0 0 0 0 0 0 0 0 0 0 0 0 0 X X 0 0 X X 0 0 0 0 0 0 0 0 0 X
X 0 0 0 0 0 0 X 0 0 0 0 0 0 0 0 0 0 0 0 0 0 0 0 0 0 0 0 0 0 X 0 X X 0 0 0 0 0 0 0 0 0 0 X 0 0 0 X 0 0 0 0 X 0 0 0 X 0 0 0 0 0 0 0 0 0 0 0 0 0 0 0 0 0 0 0 0 0 0 0 X 0 X X 0 0 X X 0 X 0 0 0 0 0 X 0 0 0 X X 0 0 0 0 X 0 0 0 X 0 0 0 0 0 X 0 0 0 0 0 X 0 0 0 X 0 0 X 0 0 0 X 0 0 0 X 0 0 0 0 0 0 0 X 0 0 0 X X 0 0 X X 0 0 0 0 0 0 0 X 0 0 0 X 0 0 0 0 0 0 0 0 X X 0 0 0 X 0 0 0 0 0 X 0 0 0 0 0 0 0 0 0 0 0 0 X 0 0 0 0 0 0 0 0 0 X 0 0 0 0 0 0 0 0 X 0 0 0 0 X 0 0 0 0 0 0 0 0 0 0 0 0 X 0 0 0 X 0 0 X X 0 0 0 0 X 0 0 0 0 0 0 0 0 0 0 0 X 0 0 0 0 0 X 0 X 0 0 0 0 0 0 0 X 0 X X X 0 0 X X 0 X X 0 0 0 X X 0 X 0 X 0 0 X X X 0 0 X 0 0 0 0 0 0 0 X X 0 0 0 0 0 0 0 0 0 0 X 0 0 X 0 0 0 0 X X X 0 0 0 X 0 0 0 0 0 0 0 X 0 0 0 X 0 0 0 0 0 0 0 X X X 0 0 X 0 0 0 0 0 X 0 0 X 0 0 0 X 0 0 0 0 X X 0 0 0 0 0 0 0 0 X 0 0 X 0 0 0 X
X X X X X 0 0 0 0 X 0 0 0 0 0 X 0 X X 0 0 0 0 0 0 0 X 0 0 X X 0 0 X X X 0 0 0 0 0 X 0 0 X 0 X 0 0 0 0 0 X 0 0 X 0 0 0 0 0 X 0 0 0 0 0 0 0 0 0 X 0 0 0 0 0 0 0 X 0 0 0 0 0 0 0 0 0 X X 0 0 0 0 0 0 0 0 0 0 X 0 0 0 X 0 0 0 X 0 0 0 X 0 0 0 0 X 0 X 0 0 0 0 0 0 0 X 0 X 0 0 0 X 0 0 0 0 X X 0 0 0 0 0 0 0 X 0 X 0 0 0 0 0 0 0 0 0 0 X 0 0 0 0 X 0 0 0 X 0 0 0 X 0 0 0 X 0 0 0 X X 0 0 0 0 0 0 0 0 0 0 0 0 0 0 0 0 0 0 0 0 0 X 0 0 0 0 0 0 0 X X 0 0 0 0 0 0 0 X 0 0 0 0 X 0 X 0 0 X X X X 0 0 X 0 0 0 0 0 0 0 0 0 0 0 0 0 0 0 0 0 X X 0 0 0 0 0 0 0 0 X 0 0 0 X 0 X 0 X X 0 0 0 0 0 0 0 X 0 0 0 0 X 0 0 0 X X 0 0 X 0 0 0 0 0 0 X 0 0 0 0 0 X 0 0 0 0 0 0 0 0 0 0 0 0 X 0 0 0 0 0 0 0 X 0 0 0 X 0 X 0 0 0 X 0 0 0 X 0 0 0 X 0 X 0 0 0 0 0 0 0 0 0 0 0 0 0 X 0 0 0 X X 0 0 0 X 0 0 0 0 0 0 0 0 0 X 0 0 0 0 X X 0 0 0 0 0 0 X 0 X X
X 0 X 0 0 0 0 X 0 0 0 0 0 0 0 0 X 0 X 0 0 X 0 X 0 X X 0 0 0 X 0 0 0 0 0 0 0 0 X 0 0 0 0 0 X 0 0 X 0 0 0 X 0 0 0 X 0 0 X 0 0 0 0 X 0 X X 0 0 0 0 0 0 0 0 X 0 0 0 0 0 0 X 0 0 0 0 0 0 0 0 0 0 0 X 0 0 X 0 0 0 0 0 0 X 0 0 0 0 0 0 0 X 0 0 0 X 0 0 0 0 X X 0 0 0 0 0 0 0 X X 0 X 0 0 0 0 0 0 0 0 0 0 0 0 0 0 0 0 0 0 0 X 0 0 0 0 0 0 0 0 X 0 0 0 0 X 0 0 0 0 0 0 0 0 0 0 X 0 X 0 0 X 0 X 0 0 0 X 0 X X X 0 0 0 0 0 0 0 0 X X 0 0 0 0 X X 0 0 X 0 0 0 0 0 0 0 X 0 0 0 0 0 X 0 0 0 0 0 0 0 0 0 0 0 X X 0 0 X 0 0 0 0 0 0 0 0 X 0 0 0 0 0 0 0 X X 0 0 0 0 0 X 0 0 0 0 X 0 0 0 0 X 0 X X X 0 0 X X X X X 0 X 0 0 0 0 0 0 0 0 0 0 X X 0 0 0 X 0 X 0 X 0 0 0 0 0 0 0 X 0 0 0 0 0 0 X 0 X 0 X 0 0 0 0 0 X 0 X 0 0 0 0 0 0 0 0 0 0 0 0 0 0 0 0 0 0 0 X X X 0 0 0 0 X X 0 0 X X 0 X 0 0 0 0 0 0 0 X X X X 0 X 0 0 0 0 X X X 0 X 0 0 0 X 0 X
X 0 X 0 0 0 0 0 0 0 0 0 0 0 X X 0 0 0 0 X 0 0 0 0 0 0 0 X 0 X 0 0 0 0 0 0 X 0 X 0 0 0 0 0 X 0 0 0 0 0 0 0 0 X 0 0 0 0 0 0 0 0 0 0 0 0 0 0 0 X 0 0 0 0 0 0 0 0 0 0 0 0 0 X 0 0 0 0 X 0 0 0 0 X 0 0 0 X 0 0 0 0 0 0 0 0 0 X 0 0 0 0 0 0 0 0 X 0 0 0 0 0 0 0 0 0 0 0 0 0 0 0 X 0 0 0 0 0 0 0 X X 0 0 X 0 0 0 X 0 0 0 X 0 0 0 X 0 0 0 0 0 X 0 X 0 X 0 0 0 0 0 0 0 0 0 0 X 0 X 0 0 0 0 0 0 X X X 0 0 0 X 0 0 X 0 0 0 0 0 X 0 0 0 0 0 0 0 0 0 0 0 0 0 X 0 0 0 0 0 0 0 X X 0 0 0 0 X 0 0 0 0 0 0 0 0 0 0 X 0 X X 0 0 0 0 0 0 X 0 0 X 0 0 0 0 0 0 0 X 0 0 0 0 0 0 0 0 X X 0 0 0 0 0 0 0 0 0 0 X 0 0 0 0 0 0 0 X 0 X 0 0 0 0 0 0 0 0 0 0 0 0 0 0 0 0 0 X X 0 0 0 X 0 0 0 0 0 0 0 0 X 0 0 0 0 0 X 0 0 0 X 0 X X 0 0 0 0 0 0 0 0 0 0 0 0 0 0 X X 0 0 0 0 0 0 X 0 0 X X 0 X 0 0 0 0 0 0 0 X 0 0 0 0 0 0 0 0 0 X 0 0 0 X 0 X 0 0 0 0 0 0 X X
X 0 0 0 0 0 0 0 0 0 0 0 X 0 0 0 0 0 0 0 0 0 0 0 0 X 0 0 0 0 0 0 0 0 0 0 0 X 0 0 X X X 0 X 0 0 X X X 0 0 0 0 0 X 0 0 0 0 0 0 0 0 0 X 0 0 X X 0 0 X 0 0 0 X 0 0 0 0 X X X 0 X 0 0 0 0 0 0 0 0 0 0 0 0 0 0 0 0 0 0 0 0 0 0 0 0 0 X 0 0 0 X 0 0 0 0 0 X 0 0 X X 0 0 0 0 X 0 0 0 0 0 0 0 X 0 0 0 0 0 0 0 0 0 X 0 X 0 X 0 0 0 0 0 0 0 0 0 0 0 0 0 0 X 0 X X 0 0 0 0 X 0 0 0 0 0 0 0 0 X 0 0 0 0 0 0 0 0 0 0 0 0 X 0 0 0 X X 0 0 0 X 0 0 0 0 0 0 0 0 0 0 X 0 X 0 X X 0 0 0 0 0 0 0 0 X X 0 X 0 0 0 0 0 0 0 0 0 0 0 0 0 0 0 0 0 0 0 0 0 0 X X 0 X 0 0 0 0 0 0 0 0 X X 0 0 0 0 0 0 0 0 0 0 X 0 0 0 X 0 X 0 0 0 0 0 X 0 0 0 0 0 0 0 0 0 0 0 0 0 0 X X X 0 0 X 0 0 0 0 0 0 0 0 0 0 0 0 0 X 0 0 X 0 0 0 0 X 0 0 X 0 0 0 0 0 0 0 0 0 0 X 0 0 X 0 0 0 X 0 0 0 0 0 0 X 0 0 X 0 0 0 0 0 0 X 0 0 0 X 0 0 0 0 0 0 0 0 0 0 0 0 0 X 0 0 0 0 0 0 0 X
X 0 0 0 0 0 0 0 0 0 0 0 0 0 0 X 0 0 0 0 X 0 0 0 0 0 X X 0 0 0 0 X X X 0 0 0 0 X 0 0 0 0 0 0 X 0 0 0 0 0 0 0 0 0 0 0 0 0 0 0 0 0 X 0 0 X 0 0 0 0 0 0 0 X 0 0 0 0 0 0 0 0 0 0 0 0 X 0 0 0 0 0 0 0 X X 0 0 0 0 0 0 X 0 0 0 0 0 0 0 0 0 0 0 0 0 0 0 X 0 0 0 0 0 0 0 0 0 0 X 0 0 0 0 0 0 X 0 0 0 0 0 0 0 0 0 0 X 0 X 0 0 0 0 0 0 0 0 0 0 X X 0 X X 0 0 0 0 0 0 0 0 0 0 0 X 0 0 0 X 0 X 0 0 0 0 X 0 0 0 X 0 0 0 X X 0 0 0 0 0 X 0 X 0 0 0 X 0 0 X X 0 0 0 0 0 0 0 0 0 X 0 0 0 0 0 0 0 0 0 0 0 X 0 0 X 0 0 0 X 0 0 X 0 0 0 0 0 0 0 0 0 0 0 0 0 X 0 0 0 0 0 0 0 X X 0 0 0 0 0 0 0 0 0 0 0 0 X 0 X 0 0 0 0 0 0 0 0 X 0 0 0 0 0 0 X 0 0 0 0 0 0 0 0 0 0 0 0 0 0 0 0 0 0 0 0 0 X 0 0 0 0 X 0 0 0 X 0 0 0 0 0 0 X 0 0 0 0 X 0 X X 0 X 0 0 X 0 0 0 0 0 X X 0 0 0 0 0 X 0 0 0 0 0 0 0 0 0 0 0 0 0 0 0 0 X 0 0 0 X X 0 0 0 X 0 0 0 0 X 0 X 0 X
X 0 0 0 0 X X 0 0 0 0 X 0 0 X 0 0 X 0 0 X 0 X X 0 X X 0 0 0 0 0 0 X 0 0 X 0 0 0 0 0 0 0 X 0 0 0 X 0 0 0 0 0 0 0 0 0 0 X 0 0 X 0 0 0 0 0 0 0 0 0 0 X 0 0 0 X 0 0 0 0 X 0 0 0 0 0 0 0 0 0 0 0 0 X X X 0 X 0 0 0 0 X 0 0 X X X 0 0 X 0 0 X 0 0 X 0 0 0 0 0 0 0 0 0 X 0 0 0 0 0 0 0 0 X X 0 0 0 0 0 0 0 0 X 0 0 0 X 0 0 X X 0 X 0 0 0 0 0 0 X X 0 0 0 0 0 0 0 0 0 0 0 0 0 0 0 X 0 0 0 0 0 0 0 0 0 0 0 X 0 0 0 0 0 0 X X 0 0 0 0 0 0 0 0 0 0 0 0 0 0 0 0 0 0 0 0 0 X X X 0 X 0 X 0 0 0 0 0 0 0 0 0 0 0 0 0 0 0 X 0 X 0 0 0 X 0 0 0 0 0 0 X 0 X 0 X 0 0 0 0 X 0 0 0 0 0 0 0 0 0 0 0 0 X 0 0 0 0 X 0 0 0 0 X X 0 0 0 X 0 0 0 0 0 0 0 0 X 0 0 X 0 0 0 0 0 0 0 0 0 0 0 0 0 X 0 X 0 0 0 0 0 0 0 0 X 0 X 0 0 0 0 0 0 0 X 0 0 0 0 X 0 0 0 0 0 0 0 0 0 X 0 0 0 X X 0 X 0 X 0 0 X 0 0 0 0 0 0 0 0 0 0 0 0 0 X X 0 0 X 0 0 X X 0 0 X X 0 0 0 X
X 0 0 0 0 0 0 0 0 0 0 0 X 0 0 X X 0 X X X 0 X 0 0 0 X 0 0 0 X 0 0 X 0 0 0 0 0 0 0 0 0 0 0 0 0 0 0 0 0 0 0 X X X X 0 0 0 0 0 0 X 0 0 0 X 0 0 X 0 0 X 0 X 0 0 0 X 0 0 0 0 0 0 X 0 0 X 0 0 0 X 0 X 0 0 0 0 0 0 0 0 X 0 X 0 0 0 0 X 0 0 X X 0 0 0 0 0 X 0 0 0 0 0 X 0 0 0 0 X X X 0 0 X 0 0 0 0 X 0 0 0 0 0 0 0 0 X 0 0 0 0 0 0 0 0 0 0 0 0 X 0 X 0 0 0 0 0 0 0 0 0 0 0 0 X 0 0 X X 0 0 0 0 0 0 0 0 0 0 0 0 0 0 0 0 X 0 0 0 0 0 0 0 0 0 0 0 X X 0 0 0 0 0 0 0 0 0 0 0 X 0 0 0 X 0 0 0 0 0 X 0 0 0 X 0 0 0 0 X X 0 0 0 X 0 0 X 0 X 0 0 0 0 0 X 0 0 0 0 0 0 0 0 0 0 0 0 0 0 X 0 0 X 0 0 0 0 X X 0 0 0 0 0 0 X X 0 0 0 0 X 0 0 0 0 X X 0 0 0 0 X 0 0 0 0 0 X 0 0 0 0 X X X 0 0 0 0 0 0 0 0 0 0 X X X 0 0 0 0 0 0 0 X 0 0 0 X X 0 0 0 0 0 X 0 0 X 0 0 0 0 X 0 0 0 X 0 0 0 0 X 0 0 0 0 0 0 0 X X 0 X 0 X 0 0 X X X 0 0 0 X 0 0 0 0 0 0 X
X 0 X X X 0 X 0 X X 0 X 0 0 0 0 0 0 0 0 0 X 0 0 0 0 0 0 0 X 0 X 0 0 X 0 0 0 0 0 X 0 0 0 X 0 0 0 0 0 0 0 0 0 X 0 0 0 0 0 0 0 0 0 0 0 0 0 0 X 0 0 0 0 0 0 X 0 0 X 0 0 0 0 0 0 0 0 0 0 0 0 0 0 0 0 X 0 0 X 0 X X 0 0 X 0 0 0 0 0 0 0 0 0 0 X 0 0 0 0 0 0 0 0 0 X X 0 0 0 0 X 0 0 0 0 0 0 0 0 X 0 0 0 0 X 0 0 0 0 0 0 0 X 0 0 0 0 0 0 0 X 0 X 0 0 0 0 0 X 0 0 0 0 0 0 X X 0 X 0 0 0 X 0 0 0 0 0 0 X 0 0 0 X X 0 X X 0 0 0 0 0 0 0 0 0 0 X 0 0 X 0 X X 0 0 0 0 0 0 0 0 0 0 0 0 0 X 0 0 X 0 X 0 0 0 0 0 0 0 0 0 X 0 0 0 0 0 0 0 0 0 0 X X 0 0 0 0 0 X 0 0 0 0 0 0 0 0 0 X 0 0 0 0 0 0 0 0 0 X 0 0 0 0 X 0 0 0 0 0 0 0 0 0 0 0 0 0 X 0 X 0 0 0 0 0 0 X 0 0 0 0 X 0 0 0 X 0 0 0 X 0 0 0 0 X 0 X 0 0 X 0 0 0 0 X X 0 0 0 X 0 0 0 0 0 0 0 0 X X X X 0 0 0 0 X X 0 X 0 0 0 X 0 0 0 0 0 0 0 0 0 0 0 0 0 0 0 X X 0 X 0 0 0 0 0 0 X X 0 X 0 X
X X 0 X 0 X 0 0 0 0 0 0 0 X 0 0 0 0 0 0 0 X 0 X 0 0 0 X 0 0 X 0 0 0 0 0 0 0 0 X X 0 X 0 X 0 0 0 0 0 X 0 0 0 X 0 X X 0 0 X 0 0 0 0 0 0 X X 0 0 0 0 0 0 0 0 0 0 0 0 0 0 X 0 0 0 0 0 X 0 0 0 0 X 0 0 0 0 0 0 0 0 0 0 0 0 0 0 X 0 X 0 X X X X 0 0 0 0 X 0 0 X 0 0 X 0 X 0 0 X 0 0 0 0 0 X X 0 0 X 0 0 0 0 0 0 0 X 0 0 0 0 0 0 X 0 0 0 0 X 0 0 X 0 0 0 0 X 0 0 0 0 0 0 X 0 X X 0 0 0 0 0 X 0 0 X X X X 0 X 0 0 0 0 X 0 0 0 0 0 0 0 0 0 0 0 0 X 0 0 0 0 0 0 0 0 0 X 0 0 0 0 0 0 0 0 0 X 0 0 0 0 X 0 0 0 X 0 0 0 0 0 X 0 0 0 0 0 0 0 0 0 0 0 0 0 0 X X 0 0 0 0 0 0 X X 0 0 0 X 0 0 X 0 0 X 0 0 0 X 0 0 0 0 0 X 0 0 X 0 0 0 X X 0 0 0 0 X 0 0 0 0 X 0 0 0 0 X X 0 X 0 X X 0 0 X X 0 0 0 0 X 0 0 X X 0 0 X 0 0 0 0 0 0 0 0 0 0 0 0 0 0 0 0 0 0 X X X 0 0 0 0 0 0 0 0 0 0 0 0 0 X 0 0 0 0 0 0 X 0 0 0 X X X 0 0 0 X 0 0 0 0 0 0 0 0 0 X X
X X 0 0 0 0 X 0 0 0 X 0 X X 0 0 0 0 0 0 0 0 0 0 0 0 0 X 0 X 0 0 X 0 0 0 0 X 0 0 0 0 X 0 0 0 0 0 0 0 X 0 X 0 0 0 0 0 0 0 0 X 0 0 0 X 0 X 0 X 0 0 0 X 0 0 X 0 0 0 X 0 0 0 0 0 X X 0 0 0 X 0 0 0 0 0 0 0 0 0 0 0 0 0 0 0 X 0 0 X 0 X 0 0 0 0 X 0 0 0 X X 0 0 X 0 0 0 0 X 0 0 0 0 X 0 X 0 X 0 0 0 X 0 0 0 0 0 0 X 0 0 0 X 0 0 X 0 0 0 0 0 0 0 0 0 0 0 0 0 0 0 0 0 X X 0 0 X X 0 0 0 0 0 0 0 0 0 X 0 0 X 0 X 0 X 0 0 X 0 0 0 0 0 0 X 0 X 0 0 0 0 0 0 0 0 0 0 0 0 0 0 0 0 0 0 0 0 0 0 X 0 0 0 0 X 0 0 0 0 0 0 X 0 0 0 0 X 0 0 0 0 0 0 0 0 0 0 0 X X X X X 0 0 0 X 0 0 0 0 0 0 0 0 0 0 0 X 0 0 0 0 0 0 0 0 0 X X 0 X 0 X 0 0 0 0 0 0 X X 0 0 0 0 X 0 0 0 0 0 X X 0 0 0 0 0 0 0 0 0 0 0 0 0 0 0 0 0 0 0 X 0 0 0 0 X 0 X 0 0 0 0 0 0 0 X 0 0 0 X 0 0 0 0 X 0 X X 0 0 0 0 0 0 0 0 0 0 0 X 0 0 0 0 0 0 0 0 0 0 X X 0 0 0 X X 0 0 X 0 0 0 X
X X 0 0 0 0 0 0 0 0 0 X X 0 0 0 0 0 0 0 0 0 X 0 0 0 0 0 0 0 0 0 0 0 0 0 0 0 X X 0 0 0 0 0 0 X 0 0 0 0 0 0 X 0 0 0 0 0 0 0 0 0 0 0 0 0 0 X 0 0 0 X X 0 0 X 0 0 0 0 0 X 0 X 0 0 X X 0 0 0 X 0 0 X 0 0 0 0 0 X 0 0 0 0 0 0 0 0 0 X 0 X 0 X X 0 X 0 0 0 0 X X 0 0 X 0 0 0 0 0 0 0 0 0 0 0 0 0 X 0 0 0 0 0 0 0 0 0 0 0 0 X 0 0 0 0 0 X 0 X 0 0 0 X X X 0 0 0 0 X X X X 0 0 0 0 X 0 X 0 X 0 X X 0 0 0 0 X 0 0 0 0 0 0 0 0 0 0 0 0 0 0 0 X 0 0 X 0 X X X 0 0 0 0 0 0 0 0 0 0 X X 0 0 0 0 0 0 0 0 0 0 0 0 0 0 0 0 X 0 0 0 0 0 0 0 0 0 0 X X 0 0 0 0 0 0 0 0 0 X 0 0 0 X 0 X X 0 0 X 0 0 0 0 0 0 0 0 0 0 0 0 0 0 0 0 0 0 X 0 X 0 0 0 0 0 0 0 0 0 X 0 0 0 0 0 0 0 0 X 0 0 0 0 X 0 0 0 0 0 0 0 0 0 0 0 0 0 0 0 0 0 0 X 0 0 0 0 0 0 X 0 0 X 0 0 0 0 0 X 0 0 0 X X 0 0 X 0 0 0 0 0 0 0 0 0 0 0 0 0 0 0 0 0 X 0 0 0 0 0 0 X 0 X 0 0 0 0 0 0 X
X X 0 0 0 X 0 0 0 0 0 X 0 0 X 0 0 0 0 0 0 0 0 0 0 0 X X 0 0 0 0 0 0 X X 0 0 0 0 0 0 X 0 0 0 0 0 0 0 0 0 0 0 X 0 0 0 0 0 0 0 X 0 0 0 X 0 0 0 0 0 0 0 X 0 0 0 X 0 X X 0 0 X 0 0 X X X 0 0 0 0 0 0 0 0 0 X 0 0 0 0 0 X 0 0 0 0 0 0 0 0 0 0 0 0 X 0 0 0 X 0 0 X 0 0 0 0 0 0 0 X 0 0 0 0 0 X 0 X 0 X 0 0 0 X X 0 0 0 X X 0 0 0 0 X 0 0 0 0 X 0 0 0 X 0 0 0 0 0 0 X 0 0 0 X 0 0 0 0 X X 0 0 X X 0 0 X 0 0 0 0 0 0 X 0 0 0 0 0 X 0 0 0 X 0 0 0 0 0 0 0 0 0 0 0 0 X 0 0 0 0 0 X 0 0 0 X 0 0 0 0 0 0 0 X 0 0 X 0 0 0 X 0 X X 0 X 0 X 0 0 0 0 X X 0 0 0 0 0 0 X 0 0 0 0 0 0 X 0 0 X 0 X 0 0 0 0 X 0 0 0 0 0 0 0 X 0 0 0 0 X 0 0 0 0 X 0 0 0 0 0 0 0 0 0 0 0 0 0 0 0 0 X 0 0 0 0 0 0 0 0 0 0 0 X 0 0 0 X 0 0 0 0 0 0 0 0 0 0 0 0 0 0 X 0 0 0 X 0 0 0 0 0 0 0 0 0 0 0 0 0 0 0 0 0 0 X X X 0 0 0 0 0 0 0 0 0 0 0 0 0 0 0 X 0 0 0 0 0 0 0 0 X
X 0 0 0 0 0 0 0 0 0 0 0 0 0 0 X 0 X 0 X 0 0 X 0 0 0 X 0 0 0 0 0 0 0 0 0 0 0 0 0 X 0 0 0 X 0 0 0 0 0 0 X X 0 X 0 0 0 0 0 0 X X 0 0 0 0 X 0 0 X 0 0 X 0 X 0 0 0 0 X 0 0 0 X 0 X 0 0 0 0 X X 0 0 0 0 0 0 X X X 0 0 0 0 0 0 0 0 X 0 0 0 0 0 0 0 0 0 0 0 0 X 0 0 0 0 X 0 0 X 0 0 0 0 0 0 X 0 0 0 0 0 0 0 0 0 0 X 0 0 0 0 0 0 0 0 0 0 0 X 0 0 X X 0 0 0 0 0 X 0 0 X 0 0 0 0 0 0 0 0 0 0 0 0 0 X 0 0 0 0 X 0 0 0 X X 0 0 0 0 0 X X 0 0 0 0 X 0 X 0 0 0 0 0 0 0 0 0 X X 0 X X X 0 0 0 X 0 0 0 0 0 0 0 0 X X X 0 0 0 0 0 X 0 0 0 0 0 0 X 0 0 0 X 0 0 X 0 0 0 X 0 0 0 0 0 0 0 0 0 0 X 0 X 0 0 0 0 0 X 0 0 0 0 X 0 0 X 0 0 0 0 X 0 0 0 0 0 X 0 0 0 0 0 0 0 0 0 X 0 0 0 0 0 X 0 0 0 0 0 X X X 0 X 0 0 0 0 X 0 0 0 0 0 0 0 0 0 0 0 X 0 0 0 0 0 0 0 0 0 0 0 0 0 X 0 0 0 0 0 0 0 0 0 X 0 0 X 0 X 0 0 0 0 X 0 X 0 0 0 0 0 X 0 0 X 0 0 0 0 X 0 X
X 0 0 0 0 0 0 0 0 0 0 0 0 X 0 X 0 0 0 0 0 X 0 0 0 X 0 0 0 0 X X 0 0 0 0 0 0 0 0 X 0 0 0 0 X 0 0 0 0 0 X X 0 0 0 0 0 X 0 0 0 0 0 0 0 X 0 0 0 X 0 X 0 X 0 0 X 0 0 0 0 X 0 0 X 0 0 0 0 0 0 X 0 0 0 0 0 0 0 0 X X 0 0 X X 0 X 0 0 0 0 0 0 0 0 X 0 0 X 0 0 0 0 0 X 0 0 0 0 0 0 0 0 0 0 X 0 0 0 0 0 0 0 0 X 0 X 0 0 0 0 0 0 0 0 0 X 0 0 X 0 0 0 X 0 0 0 0 0 0 X 0 X X 0 0 X X 0 0 0 0 X X X 0 0 0 0 0 X 0 0 X 0 0 0 X 0 0 0 0 0 0 0 0 0 0 X 0 0 0 X 0 0 0 0 0 0 0 X 0 0 X 0 X 0 X 0 0 X 0 X 0 X 0 X 0 0 0 0 0 0 0 0 0 0 0 0 X X 0 0 0 0 0 0 0 0 0 0 X 0 X 0 0 0 X 0 0 0 0 0 X 0 0 X X X 0 X 0 0 X 0 X 0 0 X X 0 0 X 0 X X 0 X 0 0 0 X 0 X 0 0 0 0 0 X X X X 0 0 X 0 0 0 0 0 X 0 0 0 0 X 0 0 0 0 0 0 0 0 0 X 0 0 0 0 0 0 0 X X 0 X 0 0 0 0 0 0 0 0 0 0 0 0 0 0 0 0 0 0 0 0 0 0 0 0 0 X 0 0 0 0 X 0 X 0 0 0 0 0 0 0 0 X 0 X 0 0 0 0 0 X
X X 0 X 0 X 0 0 0 0 0 0 X 0 0 0 0 0 0 0 0 0 0 0 0 0 0 0 0 X 0 0 0 0 0 0 0 0 X 0 X 0 0 0 0 X X 0 0 0 0 0 0 0 0 X 0 0 0 X 0 X 0 0 0 X X 0 0 X 0 0 0 0 0 0 0 0 0 0 0 0 0 0 0 0 0 0 X 0 0 0 0 X X 0 0 0 X 0 0 0 X 0 0 0 0 X 0 0 0 0 0 0 0 X 0 0 0 0 X X X 0 0 0 0 X 0 0 0 0 0 0 0 0 0 X 0 0 0 0 X 0 0 0 0 0 X 0 0 0 0 0 0 0 0 0 X 0 0 0 X 0 0 0 0 0 0 0 0 0 0 0 0 0 0 0 0 0 0 0 X 0 X X 0 0 0 0 X 0 0 0 X X 0 0 0 0 0 0 0 X 0 0 0 X 0 0 0 0 0 0 0 0 0 0 0 0 0 0 0 0 0 0 0 0 0 0 X 0 0 0 0 X 0 0 X 0 0 X 0 0 0 X 0 0 0 0 0 0 X 0 0 0 0 0 X X 0 0 0 0 0 X 0 0 X 0 0 0 0 X X 0 0 X 0 X X 0 0 0 0 X 0 X 0 X X 0 X 0 0 0 0 0 0 0 0 0 0 X 0 0 0 0 X 0 X 0 X 0 0 0 0 0 0 0 0 0 0 0 0 0 0 X 0 0 0 0 0 0 X 0 0 0 X 0 0 0 0 0 0 X 0 X 0 X 0 0 0 0 X 0 0 0 0 0 0 0 0 0 0 X 0 0 0 X 0 X 0 0 0 0 0 0 0 0 X 0 X X X 0 0 0 0 0 0 0 X X 0 X X 0 0 X
X X 0 X X 0 0 0 0 0 0 0 0 0 0 0 0 0 0 0 0 0 0 X 0 X 0 X 0 0 0 0 0 0 0 X 0 0 0 X X 0 0 0 0 0 0 X 0 0 X X 0 0 0 0 0 0 0 0 0 X 0 0 0 0 0 0 X 0 0 0 0 0 0 0 0 0 0 0 X 0 X 0 X 0 X 0 0 0 0 X 0 0 0 0 X 0 0 0 0 0 0 0 0 0 X 0 0 0 X 0 0 0 0 0 0 0 0 0 0 0 0 0 0 0 0 0 0 0 X 0 0 0 0 X X 0 0 0 0 X 0 0 0 X 0 0 X 0 0 0 0 X 0 X 0 0 0 0 0 0 X 0 0 0 0 0 0 X 0 0 0 0 0 0 0 0 0 0 X 0 0 0 0 X X X 0 0 0 X 0 X 0 0 0 0 0 0 0 0 X 0 0 0 0 X 0 0 0 X 0 0 X X 0 0 0 0 0 0 0 0 0 0 0 0 X 0 0 X 0 0 0 0 0 0 0 0 X 0 0 0 0 0 0 0 0 0 0 0 0 0 0 0 0 X 0 0 0 0 0 0 0 X 0 0 X 0 0 0 0 0 0 0 0 0 0 0 X 0 0 0 0 0 0 0 X 0 0 0 0 0 0 0 0 0 0 0 0 X 0 0 X 0 0 0 X 0 0 X 0 0 X 0 X 0 X X 0 0 0 0 X 0 0 0 X X 0 0 0 0 0 0 0 0 0 0 0 0 0 0 0 0 0 0 0 0 0 0 X X 0 0 0 0 0 0 X 0 0 0 0 0 0 0 0 0 0 0 0 X X 0 0 0 0 0 0 0 X 0 0 0 0 0 0 0 0 0 0 0 0 X 0 0 0 X
X 0 X 0 0 0 X X 0 0 0 0 0 0 0 0 0 0 0 X 0 0 0 0 0 0 0 0 0 X X 0 0 0 X 0 0 X X 0 0 0 0 0 0 0 0 0 0 X 0 0 X 0 0 X 0 0 0 0 0 X 0 0 0 0 0 0 0 0 0 0 X 0 0 0 0 0 0 0 0 0 0 0 0 0 X 0 0 X 0 0 0 0 0 0 0 0 0 0 0 0 0 X X 0 0 0 0 X 0 0 0 0 0 0 X 0 0 0 0 0 0 0 X 0 0 0 0 0 0 X 0 X 0 0 0 0 0 0 0 0 X 0 0 0 0 0 0 X X 0 0 0 0 0 0 0 0 0 0 X 0 0 0 0 0 0 X 0 0 0 0 0 0 0 X 0 0 0 0 0 0 0 0 0 X 0 0 0 X 0 X 0 0 0 0 0 0 0 X 0 0 0 0 X 0 0 0 X 0 0 0 0 0 X 0 0 0 X X 0 0 0 0 0 0 0 0 X 0 0 0 0 0 0 0 X 0 0 X 0 0 X 0 0 X 0 0 0 0 0 0 0 0 0 0 0 0 0 0 X X 0 0 0 0 0 0 0 0 0 0 0 X X 0 X 0 0 0 0 X 0 0 0 X 0 0 0 0 X 0 X 0 0 0 0 0 0 0 X 0 0 0 0 0 0 0 0 0 0 0 0 X 0 0 0 0 0 0 0 0 0 0 0 0 X X 0 X 0 X X 0 X X 0 X 0 X X 0 0 X 0 0 0 X 0 0 X 0 0 X 0 0 0 0 0 0 0 0 0 0 0 0 0 0 0 X 0 0 0 0 0 0 0 0 X 0 0 0 0 0 0 0 0 0 X 0 X X 0 0 0 0 0 0 X
X X 0 X 0 X X 0 X 0 0 0 0 0 0 X 0 0 0 0 0 0 0 0 0 0 0 0 0 0 0 0 0 0 X 0 X 0 0 0 0 0 0 0 0 0 0 0 0 X 0 0 0 X 0 0 0 0 0 0 0 0 0 0 0 X 0 0 0 X 0 0 X 0 0 0 0 0 0 0 0 0 0 X 0 0 0 X 0 0 0 0 X 0 0 X X 0 0 0 0 0 0 0 0 0 0 0 0 0 0 0 0 0 0 0 0 X 0 X 0 X 0 X 0 0 0 0 0 0 0 0 0 0 X 0 0 0 0 X 0 0 0 X X 0 X 0 X 0 X 0 0 0 X 0 0 X X 0 X 0 X 0 0 X 0 0 0 0 0 X 0 0 0 X 0 0 X 0 0 0 0 0 X X X 0 0 0 0 0 0 0 0 0 X 0 0 0 X 0 0 0 0 0 0 0 X 0 X 0 X 0 0 X 0 0 X X 0 0 0 X 0 0 0 0 X 0 0 0 0 X 0 0 0 0 0 0 0 X 0 0 X 0 0 0 0 0 0 0 X X 0 0 0 0 0 X 0 0 0 0 0 0 0 0 0 0 X X 0 0 X 0 0 0 0 0 0 0 0 0 X 0 0 0 0 0 0 X 0 0 X 0 X 0 0 0 X 0 0 0 0 0 0 0 0 0 X 0 X 0 0 0 0 0 X 0 0 X 0 X X 0 0 0 0 0 0 0 0 X X X X X 0 0 0 0 0 0 0 0 X 0 0 0 0 0 X 0 0 0 0 0 0 X X 0 0 0 X 0 0 0 0 0 0 0 X X 0 X 0 0 X 0 0 0 0 X X 0 0 X X 0 0 0 0 0 0 0 0 0 0 X
X 0 0 X X X 0 0 X 0 0 0 0 0 0 0 0 0 0 0 0 X 0 0 0 0 0 0 0 X 0 X 0 0 0 0 X 0 0 0 0 0 0 0 0 0 0 0 0 0 0 0 0 0 0 X 0 0 X 0 0 0 0 0 X 0 0 X 0 0 0 0 0 0 0 0 X 0 0 X X X X 0 0 0 X 0 0 0 X 0 0 0 0 0 0 0 0 0 0 0 0 0 0 0 0 0 X 0 0 0 0 X 0 X 0 0 0 X 0 0 0 0 0 X 0 X 0 0 0 0 X 0 0 0 0 0 0 X 0 0 X 0 0 0 0 X 0 0 0 X 0 X 0 0 X 0 0 0 X 0 0 0 0 0 0 0 0 0 0 0 0 0 0 0 0 0 X 0 0 0 0 0 X 0 0 0 0 0 0 0 0 X 0 0 0 X 0 X 0 0 X 0 0 0 0 0 X X X X 0 X 0 0 0 0 0 X 0 0 0 0 0 0 0 0 0 0 X 0 X 0 0 0 0 0 0 0 0 0 0 0 0 0 0 0 0 X 0 0 0 0 X X 0 0 X X 0 0 0 0 X 0 0 0 0 X X X 0 X 0 0 0 0 0 0 X 0 0 0 0 0 0 0 X 0 0 X X 0 0 0 0 X 0 0 0 0 0 X 0 0 0 0 0 0 X 0 0 0 X 0 0 0 X 0 0 0 0 0 X 0 0 0 0 0 0 0 X 0 0 X 0 0 X 0 X X 0 0 0 0 0 0 X X 0 0 0 0 X 0 0 0 0 0 X 0 X 0 0 0 0 0 0 X 0 0 0 X 0 0 0 0 X 0 0 0 0 X 0 0 0 X 0 0 0 0 0 0 0 0 0 0 0 X
X 0 0 0 0 X 0 X X 0 0 0 0 0 0 0 X 0 0 0 X 0 X 0 X 0 X 0 0 0 0 0 0 0 0 0 0 0 0 0 0 X 0 0 0 X 0 0 0 0 0 0 X 0 0 0 0 0 0 0 0 0 X 0 X X 0 0 0 X 0 X 0 X 0 0 0 X 0 0 0 0 0 0 0 0 X 0 0 0 X X 0 0 X 0 0 0 0 0 0 X X 0 0 X X 0 0 0 X 0 X X 0 0 0 X 0 0 0 0 X 0 0 0 X 0 0 X 0 X 0 0 0 0 0 X 0 0 0 X 0 0 0 0 0 0 0 0 X 0 0 0 0 X 0 0 X 0 X X X X 0 0 0 0 X X X 0 0 0 0 0 X X 0 0 0 0 X 0 0 0 0 0 0 0 X X 0 0 0 0 0 X 0 0 0 0 X 0 0 0 X 0 0 0 X 0 0 0 0 0 0 0 0 0 0 X 0 0 0 0 0 X X 0 0 X X 0 0 X 0 0 0 X 0 0 0 0 0 X 0 X 0 0 0 0 X 0 X X X 0 0 0 X 0 0 0 0 0 0 0 0 0 0 0 0 0 0 0 0 0 0 X 0 0 0 0 0 0 X 0 0 0 0 0 0 0 0 X X 0 0 0 0 X 0 0 X 0 X 0 0 0 0 0 X 0 0 0 0 0 0 X 0 0 X 0 0 0 0 X 0 0 0 0 0 0 0 X 0 X 0 X 0 0 0 0 0 X 0 0 0 0 X 0 0 0 X X 0 0 X 0 0 X 0 0 0 0 0 0 0 0 X 0 0 0 0 0 0 0 0 0 0 0 X 0 0 X 0 0 0 0 0 0 0 0 0 0 0 0 0 X
X 0 0 0 0 0 0 0 X 0 0 0 0 0 0 0 0 0 0 0 0 0 0 0 0 X 0 X 0 0 0 0 0 0 0 0 X 0 0 0 X 0 X 0 0 0 0 0 0 0 0 0 0 X 0 0 0 0 0 0 0 0 X 0 0 0 X X 0 0 0 0 0 X 0 0 0 X 0 0 0 X X 0 0 0 X 0 0 0 0 0 0 0 0 X 0 0 0 0 0 0 0 0 X 0 0 0 X 0 0 0 0 0 X X 0 0 X 0 0 X 0 0 0 0 0 0 X 0 0 0 0 0 0 0 X X X 0 0 0 0 X 0 0 0 0 0 0 0 0 0 0 0 0 0 0 0 0 X 0 X X 0 0 0 0 0 0 0 X 0 0 0 0 0 0 0 0 0 0 X 0 0 0 0 0 X 0 0 X 0 X 0 0 0 X X X 0 0 0 0 X 0 0 0 0 0 0 0 X 0 0 0 0 0 0 X 0 0 0 0 0 X 0 0 0 0 X 0 0 0 0 0 0 X 0 0 0 X X 0 0 X 0 0 X X 0 0 0 X 0 X 0 0 0 0 0 0 0 0 X X X X 0 0 X 0 0 0 0 0 0 0 0 0 X 0 0 0 0 X 0 X 0 0 0 0 0 0 X 0 0 0 0 0 0 0 0 X 0 0 0 0 X X 0 0 0 X 0 X X X 0 0 0 X 0 0 0 0 0 0 0 0 0 X 0 0 0 0 0 X 0 X 0 0 0 0 0 0 0 0 0 0 0 0 0 X X 0 X 0 0 X 0 0 0 0 X 0 X 0 0 0 0 0 X X 0 0 0 X 0 0 X 0 0 0 0 X 0 0 X 0 0 0 0 0 X X X X X X
X 0 0 0 0 X 0 0 0 0 X 0 0 0 0 0 0 0 0 X 0 0 X 0 0 0 0 0 0 0 0 0 0 0 X 0 0 X 0 0 0 0 0 X X 0 0 0 0 X 0 0 X X X 0 X 0 0 0 0 0 0 X X 0 X 0 X 0 0 0 X 0 0 X X X 0 0 0 0 0 0 0 0 0 0 X X 0 X X X 0 0 X X 0 0 0 0 0 0 0 0 0 0 0 0 0 X X 0 0 0 0 0 0 0 0 X X 0 X 0 0 0 X 0 0 0 X 0 0 0 0 0 0 0 0 0 0 X X X 0 0 X 0 0 0 X 0 0 0 0 0 0 0 X 0 0 0 0 0 0 0 X 0 X 0 0 0 0 X 0 0 0 0 0 0 0 0 0 0 X X 0 X 0 0 X X 0 X 0 0 X 0 0 0 0 0 0 X 0 0 0 0 X 0 0 0 0 0 0 0 0 0 0 0 0 0 0 X 0 0 0 0 0 0 0 0 0 0 0 0 0 0 0 X X 0 0 0 0 0 0 0 0 0 X 0 0 X 0 0 0 0 0 0 0 X X 0 0 X 0 0 0 0 0 0 X 0 0 0 0 0 0 X X 0 0 0 0 0 0 0 0 0 X 0 0 0 0 0 X 0 0 0 0 0 0 0 0 X 0 0 0 0 0 0 0 0 X 0 X 0 0 0 0 0 0 0 0 X X 0 0 0 0 0 0 X 0 0 X 0 0 X 0 X 0 0 0 0 0 0 X 0 0 0 0 X X 0 0 0 X 0 0 0 X 0 0 0 X 0 X X 0 0 0 0 0 X X 0 0 0 0 0 0 0 0 0 0 0 X 0 0 0 0 0 0 0 0 X
X X 0 0 0 X 0 0 0 0 X X 0 0 0 X 0 X 0 X 0 X 0 0 0 0 0 X 0 0 0 0 0 0 0 0 0 0 0 0 0 0 0 0 0 0 0 X 0 0 X 0 0 X 0 X 0 0 0 X 0 0 0 X 0 0 0 0 0 0 0 X 0 0 0 0 X X 0 0 0 0 0 0 0 0 0 0 0 0 0 X 0 0 0 0 X X X 0 0 0 0 0 X 0 0 X X 0 X 0 0 0 0 0 0 X 0 0 X 0 0 0 0 0 X 0 0 X 0 0 0 0 0 X 0 X 0 0 0 0 0 0 0 0 0 0 0 0 0 0 0 0 0 0 0 0 X 0 X 0 0 0 X 0 0 0 X 0 0 0 X 0 0 0 0 0 0 0 0 0 0 X 0 0 X 0 0 X X 0 0 0 0 0 X 0 0 0 0 0 0 X 0 0 0 X 0 0 X 0 0 X X 0 X 0 0 0 0 0 0 0 0 0 0 0 0 0 0 X 0 X 0 0 X 0 X 0 0 0 0 0 X 0 X 0 0 0 0 0 0 X X 0 0 X 0 0 0 0 0 0 0 0 0 0 0 0 0 0 0 0 0 0 0 0 0 0 0 0 0 0 0 0 0 0 0 0 X 0 0 X 0 X X 0 0 X 0 0 0 X 0 0 0 0 0 0 X 0 0 X 0 0 X 0 0 0 0 0 0 0 X 0 0 X 0 0 0 0 X 0 0 0 0 0 0 0 0 0 X 0 0 X X X 0 0 0 0 0 0 X X 0 0 0 0 X 0 0 X 0 0 0 0 0 0 0 0 0 X X 0 X X 0 0 0 0 0 0 0 0 0 X X X 0 X 0 0 0 0 X X X X
X 0 0 X X 0 0 0 0 X 0 X 0 0 0 0 0 0 0 0 X 0 0 0 0 0 X 0 0 0 0 0 X 0 0 0 0 0 0 X 0 0 0 X 0 0 0 0 0 X 0 0 0 X 0 X 0 0 X 0 0 0 0 0 0 0 0 0 0 X 0 0 0 0 X 0 X 0 0 0 0 0 0 0 0 0 0 0 X 0 X X 0 0 X 0 0 0 0 X X 0 0 0 0 0 0 0 0 0 0 0 0 0 0 0 0 0 0 0 0 0 0 0 0 0 0 0 0 0 0 X X X 0 0 0 0 X 0 0 X 0 0 0 0 0 0 X 0 0 0 0 0 0 0 0 X 0 0 0 0 0 0 0 0 0 0 0 0 0 0 0 X 0 0 0 0 X X 0 0 0 0 0 X X 0 0 0 0 X X X 0 0 X X 0 0 0 0 0 X 0 0 X 0 0 0 0 X 0 X 0 X X 0 X 0 X 0 0 0 0 0 X 0 0 0 0 X 0 0 X 0 0 X X 0 X 0 X 0 0 0 0 0 0 0 0 0 X X 0 X 0 X X 0 0 0 0 0 0 0 X 0 0 0 0 0 X 0 0 0 0 0 0 0 0 0 0 0 0 0 0 X 0 0 0 0 0 X X 0 0 0 0 X 0 X 0 0 X 0 0 0 0 0 0 0 0 0 0 0 0 0 X 0 X 0 0 X 0 X 0 0 X 0 0 0 0 0 0 0 0 0 0 0 0 0 X 0 0 0 X 0 0 0 0 0 0 0 0 0 0 0 0 0 0 0 0 0 X 0 0 0 X 0 0 0 0 0 0 0 0 X 0 0 0 0 0 0 0 0 0 0 0 0 0 X 0 X 0 X 0 X 0 X
X 0 X 0 0 0 0 0 0 0 0 X 0 0 0 0 0 0 0 0 0 0 0 X 0 X X 0 0 0 0 0 X 0 0 X 0 0 0 0 0 0 X X X X 0 0 0 0 0 0 0 0 0 0 0 0 0 0 X 0 0 0 0 0 0 0 0 0 0 0 0 0 X 0 0 X 0 0 0 0 0 0 0 0 0 0 0 0 X 0 0 0 0 X 0 0 0 X 0 0 0 0 X 0 0 0 0 0 0 0 0 0 0 X 0 0 0 0 0 X 0 X 0 0 X 0 0 0 0 X X 0 0 0 X X 0 0 0 X X 0 0 0 0 0 0 0 0 0 0 X 0 0 0 0 0 0 0 0 0 0 0 0 0 X 0 0 0 0 0 0 0 0 0 0 0 X 0 0 0 X 0 X 0 0 0 0 0 0 0 0 X X 0 0 X 0 0 0 X 0 0 0 0 0 X 0 0 X 0 0 0 0 0 0 0 0 0 0 0 X X 0 0 0 0 X 0 0 0 0 0 0 0 0 0 X 0 X 0 X 0 0 0 0 0 0 0 0 0 0 X 0 0 0 0 0 0 0 0 0 0 0 0 0 0 X 0 0 0 0 0 0 X 0 X 0 X 0 0 X 0 X 0 0 0 0 X 0 X 0 0 0 X 0 0 0 0 X X 0 0 0 0 0 X 0 0 0 0 0 X 0 0 0 0 0 0 0 0 0 0 0 0 0 0 0 X 0 0 0 0 X 0 0 0 0 X 0 0 0 0 0 0 X 0 X 0 X 0 X 0 0 X X 0 0 0 0 0 0 0 0 0 X X X 0 0 0 0 X X 0 0 0 0 0 0 0 0 0 0 X 0 0 0 X 0 0 X 0 0 X 0 0 X
X 0 0 0 X 0 0 0 0 0 0 0 X 0 X 0 0 X 0 0 0 0 0 0 0 0 0 0 0 0 0 X 0 X X 0 0 0 0 0 0 0 0 0 X 0 0 0 0 0 0 0 0 X 0 0 0 X X 0 X 0 0 X 0 0 0 0 0 0 X 0 0 0 X X 0 0 X 0 0 0 0 X 0 0 0 X 0 X 0 0 0 X 0 0 0 X 0 0 0 0 0 0 0 0 0 0 0 0 0 0 0 0 0 0 0 0 0 0 0 0 0 0 0 X 0 X 0 0 0 0 0 X X 0 X X 0 0 0 0 0 0 0 0 0 0 0 0 0 0 0 X 0 0 0 0 X 0 0 0 0 0 0 0 0 0 0 X X 0 X 0 0 X 0 0 0 0 0 X 0 X 0 0 0 X 0 X X X 0 0 0 0 0 X 0 0 0 0 0 0 0 0 0 0 X X 0 0 X 0 0 0 0 0 0 0 0 X 0 0 0 X 0 0 0 0 X 0 0 0 X 0 0 0 0 0 X 0 X 0 0 0 0 0 0 X 0 0 0 0 0 0 0 X 0 0 0 0 0 X 0 0 0 0 0 0 0 0 0 0 0 0 0 0 0 0 0 0 X 0 0 0 0 0 0 X 0 0 0 0 X 0 0 0 0 0 0 X 0 0 0 0 0 0 0 0 0 0 0 X 0 0 0 0 0 0 0 0 0 0 X X X 0 0 0 0 0 0 0 0 X 0 0 0 X 0 0 0 0 0 X 0 0 0 0 0 0 X X 0 0 0 0 X 0 0 0 0 0 0 0 X 0 0 X 0 X 0 X 0 0 0 0 0 0 0 0 0 0 0 0 0 X 0 0 0 0 0 0 0 0 X 0 X X
X 0 0 0 0 0 X X 0 0 0 0 X 0 0 0 0 0 X 0 0 0 0 X 0 X 0 0 X 0 0 0 0 0 0 X 0 0 0 0 0 X 0 X 0 0 X X 0 0 0 X 0 0 0 X 0 0 0 0 0 0 0 0 0 0 0 0 0 X 0 0 0 X 0 0 0 X X 0 0 X 0 0 0 0 0 X 0 0 0 0 0 0 0 0 X 0 X 0 0 0 0 0 0 0 0 X 0 X 0 0 0 0 0 0 0 0 X 0 0 0 0 0 0 0 0 0 0 0 0 0 0 0 0 0 0 X 0 X 0 0 X 0 0 0 0 0 0 X 0 0 0 0 0 0 0 X 0 0 0 X 0 X 0 0 0 0 0 0 0 0 0 X 0 0 0 0 0 0 X 0 X 0 X 0 0 X 0 0 X 0 X 0 0 X X 0 0 X X 0 0 0 0 0 X 0 0 X 0 0 0 0 0 0 0 0 0 0 0 X 0 0 0 0 0 0 0 0 0 0 0 0 0 0 0 X 0 0 0 0 X 0 0 X 0 0 0 0 0 0 0 0 0 X 0 0 0 0 0 X 0 0 0 X 0 0 0 X 0 0 0 0 0 0 0 X 0 0 0 0 0 0 0 0 0 0 0 0 0 X 0 0 X X 0 0 X 0 0 0 X 0 0 0 0 0 X 0 0 X 0 0 0 0 0 0 0 0 0 0 0 X 0 0 0 X 0 0 0 0 0 0 X X 0 X X X 0 0 X 0 0 0 0 X 0 0 0 0 X 0 0 0 0 X X 0 X 0 0 X 0 0 0 0 0 0 0 0 0 0 0 0 0 0 0 0 0 X 0 0 0 0 X 0 0 0 0 X 0 0 0 0 0 0 0 X
X 0 0 0 X 0 0 0 0 0 0 0 0 0 X 0 0 0 0 X 0 0 X 0 0 X 0 0 0 0 0 0 0 X 0 0 X 0 X 0 X 0 0 0 X 0 0 X 0 0 0 0 0 X 0 0 0 0 0 0 0 X 0 0 0 0 0 X 0 0 0 0 0 0 0 0 0 0 0 0 0 0 0 0 0 0 0 0 0 X 0 0 X 0 0 0 0 0 0 0 X X 0 0 0 0 0 0 0 0 X X 0 0 0 0 0 X 0 0 0 0 X 0 0 0 0 0 X 0 X 0 0 0 X 0 0 0 0 0 0 0 0 0 0 0 X 0 X 0 0 0 0 X 0 0 0 0 0 0 0 0 0 0 0 0 X 0 0 0 0 0 0 0 0 X 0 0 0 0 X 0 0 0 X X 0 0 0 0 0 0 0 0 0 0 X 0 0 0 0 0 0 0 X 0 0 0 X 0 0 0 0 0 0 0 0 0 0 X 0 0 0 0 0 0 0 0 0 0 0 0 0 0 X 0 0 0 0 0 X 0 0 0 X 0 0 X 0 X 0 0 0 X 0 0 0 0 X 0 0 X 0 0 0 0 0 0 X X 0 X 0 X 0 0 0 0 X X 0 0 0 0 X 0 0 0 0 0 0 0 0 0 0 0 0 X 0 0 0 0 0 X 0 0 0 0 0 0 X 0 0 0 0 0 0 0 0 0 0 0 X 0 0 X 0 X 0 X 0 0 0 0 0 0 0 X 0 0 0 0 0 0 X 0 0 0 0 0 0 0 0 0 0 0 X 0 0 0 0 0 0 0 0 0 0 X X 0 0 0 X 0 0 0 X X X 0 0 0 0 0 0 0 0 0 0 0 X 0 X 0 0 0 0 0 0 X
X X 0 0 0 0 0 0 0 0 0 0 X 0 0 0 0 X 0 0 0 0 0 X 0 0 0 0 0 0 0 X 0 X 0 X X 0 0 0 0 0 0 0 0 0 0 0 0 0 0 X X 0 X 0 0 X 0 0 0 0 0 0 X X X 0 0 X 0 0 0 0 0 X 0 0 0 0 0 X 0 X 0 X 0 0 0 0 0 0 0 0 0 X 0 0 0 0 0 0 X 0 0 0 X X 0 0 X 0 0 0 0 0 X 0 0 0 0 0 0 0 0 0 0 0 0 0 0 0 0 0 0 0 0 0 0 0 X 0 X 0 0 0 0 0 0 0 0 0 0 0 0 X X 0 0 X 0 0 X 0 0 0 0 0 0 X X 0 0 0 0 0 X X 0 0 X 0 0 0 0 0 X 0 0 0 X 0 0 0 0 0 0 0 0 X 0 X X 0 0 X 0 0 0 0 X X 0 0 0 X 0 0 0 0 X X 0 0 X 0 0 0 X 0 0 0 0 0 0 0 0 0 0 0 X 0 X 0 0 0 0 0 0 X 0 X X 0 0 X 0 0 0 0 0 X 0 0 0 0 0 X 0 0 0 0 0 0 0 0 0 0 0 0 0 0 0 0 0 0 0 0 0 0 0 0 0 X 0 0 0 0 0 X X 0 0 0 0 0 0 0 0 0 0 0 X 0 0 0 0 0 0 X 0 0 X 0 0 0 0 X 0 0 0 X 0 0 0 0 0 0 0 0 0 0 0 0 0 0 0 0 0 X 0 0 X 0 0 0 0 0 0 0 0 0 0 0 0 0 0 0 0 0 X 0 0 0 X 0 0 0 0 0 0 X 0 0 0 X 0 0 0 0 0 0 0 0 X 0 0 X 0 X
X X 0 0 X 0 0 0 0 0 0 0 0 0 X X 0 X X 0 0 0 0 X 0 X X 0 X 0 X 0 0 0 0 X 0 0 0 0 0 0 0 0 0 0 0 0 0 X 0 0 X X 0 X 0 0 0 X 0 0 X 0 0 0 0 X X 0 0 0 X 0 0 0 X X 0 0 0 0 0 X 0 X 0 0 0 0 0 0 0 0 0 0 0 0 X X 0 0 X 0 0 0 0 0 X 0 0 0 0 X 0 X 0 0 0 0 0 0 0 0 X 0 0 0 0 0 0 X X 0 0 0 0 0 0 0 0 0 X 0 X 0 0 0 X 0 X 0 X 0 0 0 X 0 0 0 0 0 0 0 0 0 0 0 X X 0 X 0 0 0 0 X 0 X 0 X 0 0 0 0 X 0 X X 0 0 0 X 0 0 0 0 X 0 0 0 0 0 0 0 0 0 0 0 0 0 0 0 X 0 0 0 X X 0 0 0 0 X 0 0 0 X X X 0 0 0 0 0 0 0 0 0 0 X 0 X X 0 0 X X 0 0 0 0 X 0 0 0 X X X 0 0 0 0 X X 0 X 0 0 0 X 0 X 0 0 0 0 0 X 0 0 X 0 0 0 0 0 0 0 0 0 0 0 0 0 X 0 0 0 0 X X 0 0 X 0 0 0 0 0 X 0 0 0 0 0 0 0 0 0 0 0 0 0 0 0 0 X X 0 0 0 0 0 X 0 0 0 0 0 0 0 0 0 0 0 0 0 0 0 0 0 0 0 0 0 X 0 0 0 0 0 0 0 0 X 0 0 0 0 X 0 0 0 0 0 0 0 0 X 0 X 0 0 0 0 0 X 0 0 0 0 0 0 X 0 0 0 0 X
X 0 X 0 0 X X 0 0 0 0 0 0 0 0 0 X 0 0 X 0 X 0 0 0 0 0 0 X 0 0 X X 0 X X X 0 0 0 0 0 0 0 0 0 0 0 X 0 0 X X 0 X X 0 0 0 0 0 X 0 X 0 0 0 0 0 0 0 0 0 0 X X 0 0 0 X 0 0 0 0 0 0 0 0 0 0 0 0 0 0 0 0 0 0 0 0 0 X 0 0 X 0 0 X 0 0 0 0 0 0 0 0 X 0 X 0 0 0 X 0 0 0 0 0 X 0 X 0 X 0 X X 0 0 0 0 X 0 0 0 0 0 0 X X 0 0 X 0 0 X 0 0 0 0 0 0 0 0 0 0 0 0 0 0 0 0 0 0 0 0 0 0 0 0 0 0 0 0 0 0 0 0 0 X 0 0 0 0 X X 0 0 0 0 0 0 0 0 0 0 0 0 0 0 0 X X 0 0 0 0 0 0 0 0 0 0 0 0 0 0 0 X 0 0 X 0 0 X 0 0 0 0 0 0 0 0 0 0 0 0 0 0 0 X 0 0 X 0 X 0 0 X X 0 0 X 0 0 0 X X 0 0 0 0 0 0 X 0 0 X 0 0 0 0 0 X 0 0 X 0 0 0 0 X 0 0 0 0 0 X 0 X 0 X 0 0 0 X 0 0 0 X X X 0 0 X 0 X 0 0 0 0 0 0 0 0 0 0 0 0 0 0 0 0 0 0 0 X 0 X 0 X 0 X 0 X 0 0 0 0 0 0 0 0 0 0 0 0 X X 0 X 0 0 0 X 0 0 0 X 0 0 0 0 X 0 X 0 X X 0 0 0 0 0 X 0 0 0 0 0 0 0 0 0 0 0 0 0 0 0 X
X 0 X 0 X 0 X 0 0 0 0 X 0 0 0 0 0 0 0 0 0 0 X 0 0 0 X 0 0 X 0 0 X 0 0 0 0 0 X 0 X 0 0 0 X X 0 0 0 0 0 0 0 0 0 0 0 0 X 0 0 0 0 0 0 0 0 0 0 0 0 0 X 0 0 0 0 X 0 0 0 X 0 0 X 0 0 0 0 0 0 0 0 0 0 0 X 0 0 0 0 0 0 0 0 0 0 0 0 0 0 0 0 0 0 0 0 0 0 X 0 0 0 0 0 X 0 0 0 0 0 X X 0 0 0 X 0 0 0 0 X 0 0 0 0 0 0 0 0 X 0 0 X 0 0 X 0 0 0 0 X 0 0 0 0 X 0 X X X X 0 0 0 X 0 0 0 0 0 0 0 0 0 X 0 0 0 0 0 X X X 0 X 0 X 0 0 0 0 0 0 0 0 0 0 0 0 0 0 0 0 0 0 0 0 0 0 X 0 0 0 0 0 0 X X 0 0 0 0 X 0 0 0 0 0 0 0 0 0 0 0 0 0 0 X X 0 0 0 0 0 0 0 0 0 X 0 0 0 0 0 X 0 0 0 0 0 0 0 0 X X 0 X X 0 0 0 0 X 0 0 0 0 0 0 X 0 X 0 X 0 0 0 X X 0 X 0 0 0 X 0 X 0 0 0 X 0 X 0 0 X 0 0 0 0 X 0 0 0 0 0 0 0 0 0 0 0 X X 0 0 X X 0 X 0 0 X 0 0 X 0 0 0 X 0 X 0 0 0 0 X X 0 0 0 0 0 0 0 X 0 0 X 0 X 0 X X 0 0 X 0 0 0 0 0 X 0 X 0 0 X 0 0 0 0 0 0 0 X X 0 X
X 0 0 0 0 0 X 0 0 X X 0 0 0 0 0 X 0 0 0 0 0 0 0 0 0 0 0 0 0 0 0 0 X 0 0 X 0 X 0 0 0 0 0 0 X 0 0 X 0 0 0 0 0 0 X 0 0 X 0 0 0 0 0 0 0 0 0 0 0 X 0 0 0 0 0 0 0 0 0 0 X 0 0 0 X 0 0 0 0 X X X 0 X 0 0 0 0 X 0 0 0 0 0 0 X 0 0 0 0 0 0 X X 0 0 0 0 0 0 X 0 X X X 0 0 0 X 0 X 0 0 0 0 0 0 X 0 0 0 0 0 0 0 X 0 X X X 0 0 X X 0 0 0 0 X 0 0 0 0 0 0 0 0 0 X 0 0 0 0 0 0 0 0 0 0 0 0 X 0 X X 0 0 0 0 0 0 X 0 X 0 0 0 X 0 X 0 0 0 0 0 0 0 X 0 0 0 0 0 0 0 0 0 0 0 0 0 X X 0 0 0 0 0 X 0 0 0 0 X 0 0 0 X 0 0 X 0 0 0 0 X X 0 0 0 0 0 0 X 0 0 0 X 0 0 X X X 0 0 0 0 X 0 0 0 0 X 0 0 0 0 0 0 0 0 0 X X 0 0 0 X 0 0 0 0 0 0 0 0 0 X 0 0 0 X X X 0 0 X 0 0 0 0 X 0 0 0 X 0 0 0 0 0 0 0 X 0 0 0 0 0 X 0 0 0 0 X 0 0 X 0 0 0 0 0 0 0 X X 0 0 0 X 0 0 0 0 0 0 0 0 0 0 X 0 0 0 X 0 0 0 0 0 0 0 X X X 0 0 0 0 0 X X 0 0 0 0 0 0 X 0 0 X 0 0 0 0 X X
X 0 0 0 0 0 X 0 0 0 0 0 0 0 X 0 0 X X X 0 0 0 0 0 0 X X 0 0 0 X X 0 X 0 0 X 0 0 0 0 0 0 X 0 0 0 0 0 0 0 0 0 X 0 0 0 0 0 0 0 0 0 0 0 0 0 0 0 0 0 0 0 0 0 0 0 0 X 0 0 0 X 0 X 0 0 0 0 0 X 0 0 0 0 0 0 0 0 0 0 0 0 0 X 0 0 0 0 0 0 0 0 0 0 0 X 0 0 0 X 0 0 0 0 0 0 0 0 X 0 X 0 X 0 X 0 X 0 0 0 X 0 0 0 X 0 0 0 0 0 0 0 0 0 0 X 0 0 0 X 0 0 0 0 0 0 0 0 X 0 X 0 X 0 0 0 0 0 0 0 0 X X 0 0 0 0 0 X X 0 0 0 0 0 0 0 0 0 X 0 0 0 0 0 X 0 0 0 0 X 0 0 0 0 0 0 0 0 0 0 0 0 0 0 0 0 0 0 0 0 X 0 0 0 0 X 0 0 X 0 0 X 0 0 0 0 0 0 X X 0 0 0 0 0 X X 0 0 X 0 0 0 0 0 X 0 0 0 X 0 0 0 0 0 0 0 0 0 0 0 0 0 0 0 0 0 0 0 0 X 0 0 0 0 0 0 0 0 0 0 X 0 0 X X 0 0 0 0 0 X 0 0 0 0 0 0 0 0 0 0 0 0 0 0 0 0 0 X 0 0 0 0 0 0 X 0 0 0 X 0 0 X 0 X 0 0 0 0 0 X 0 0 0 0 0 0 0 0 0 0 X 0 0 0 0 0 X X X 0 X 0 0 X 0 X X 0 0 0 0 0 0 0 0 0 0 0 0 X 0 0 0 0 X
X 0 0 0 0 0 0 X 0 0 0 0 X X 0 X 0 X X 0 0 0 0 0 0 0 X 0 0 0 X X X 0 0 0 0 0 0 0 0 0 0 0 0 0 0 0 0 0 0 0 0 X 0 X 0 X 0 X 0 0 0 0 0 X 0 0 0 0 0 0 0 0 0 X 0 0 0 X 0 0 0 0 0 0 X 0 X 0 0 X 0 X 0 X 0 0 0 0 0 0 0 0 0 0 0 0 X 0 0 0 X 0 0 X 0 0 0 0 0 0 0 0 X X 0 0 0 0 X 0 0 0 X X 0 X 0 0 0 0 0 0 X X 0 0 0 0 0 0 0 0 X X 0 X 0 0 0 0 X 0 0 X X 0 X 0 0 0 0 0 0 0 X 0 0 0 0 0 0 0 0 0 X 0 0 0 0 X 0 0 0 0 0 X 0 0 0 0 0 0 0 X 0 X 0 0 0 0 0 0 0 X 0 X X 0 X 0 X X 0 0 0 0 0 0 0 0 0 X 0 0 0 0 0 X 0 0 0 0 0 0 X 0 X 0 0 0 0 0 0 X 0 X 0 0 0 X 0 0 0 0 0 0 0 0 0 0 0 X 0 0 0 0 0 X 0 0 0 0 0 0 0 X X 0 X 0 0 0 X 0 0 X 0 0 0 0 X 0 0 X X 0 0 0 0 0 0 0 0 0 0 X 0 0 X 0 X X X 0 0 0 0 X 0 0 0 0 0 0 0 0 0 X 0 0 0 0 0 0 0 0 X X 0 X X X X 0 X 0 0 X 0 X X 0 0 0 0 0 X 0 X 0 0 0 0 0 0 0 0 0 0 0 0 0 X 0 X 0 X 0 0 X 0 0 0 0 0 0 X X
X 0 X 0 0 0 0 0 0 0 0 0 0 X 0 0 0 0 0 X 0 0 0 X 0 0 X 0 0 0 X X 0 0 0 0 0 0 X X 0 0 0 0 0 0 0 0 0 0 0 0 0 0 0 0 0 X 0 0 0 0 0 0 0 0 0 0 0 X 0 0 0 0 0 0 0 0 0 0 X X 0 0 0 0 0 0 0 0 0 0 X 0 0 0 0 0 0 0 X X 0 X X X 0 0 0 X 0 0 0 X 0 X 0 0 0 X 0 X 0 X 0 X 0 X 0 0 0 0 X 0 0 0 0 X 0 0 0 0 0 X 0 0 0 0 0 0 0 X 0 0 0 0 0 X X 0 0 0 0 X X 0 X 0 0 0 0 0 0 0 X 0 0 0 0 0 0 X 0 0 X 0 0 0 0 0 X 0 0 0 X 0 X 0 0 0 X 0 0 0 0 0 0 0 0 0 0 0 0 0 X 0 X X X 0 0 X 0 0 0 X 0 0 X X 0 0 0 0 0 0 X 0 0 X 0 0 0 0 X 0 0 X 0 0 0 X 0 0 0 0 0 X 0 X 0 0 X X X 0 X 0 0 0 0 X 0 0 0 0 0 0 0 0 0 X 0 0 0 0 0 0 0 0 0 0 X 0 X X 0 0 0 X 0 X 0 X 0 0 X 0 0 0 0 0 X 0 0 0 0 0 X 0 X 0 0 0 0 0 0 0 X 0 0 0 0 0 X 0 0 X 0 0 0 0 0 0 0 0 X 0 0 X 0 0 0 0 0 0 X 0 X 0 0 0 0 X 0 X X 0 0 X 0 0 0 X 0 X 0 0 0 0 0 0 0 0 0 0 X X 0 0 0 X 0 X X 0 0 0 0 X
X 0 0 0 0 0 0 0 0 X X 0 0 0 0 0 0 0 0 0 0 0 0 0 0 0 X 0 0 0 0 0 0 0 0 0 0 0 0 0 0 0 X 0 0 0 0 0 0 X X 0 X 0 0 0 0 0 0 0 0 0 0 0 X 0 0 0 0 X 0 X X 0 0 0 0 X 0 0 0 0 X 0 0 0 X 0 0 0 0 0 0 0 X X 0 0 0 X 0 0 0 0 0 X 0 0 X 0 0 0 X 0 0 0 0 X 0 0 0 0 0 0 0 0 0 X X X 0 0 X 0 X 0 0 0 0 X 0 0 X 0 0 X X 0 0 X 0 0 0 0 0 0 0 0 0 0 0 0 X 0 0 0 0 0 0 0 X 0 0 0 0 0 0 0 0 0 0 0 X 0 0 X 0 0 X 0 0 X 0 X 0 0 0 0 0 0 0 0 0 0 0 0 0 0 0 0 X 0 0 0 0 0 0 0 0 0 0 0 0 0 X 0 0 0 0 0 0 0 0 0 0 0 0 0 X 0 0 0 X X 0 0 0 0 0 0 0 0 X 0 0 0 0 0 0 0 0 0 0 0 0 0 0 0 0 0 0 0 0 0 0 0 0 0 0 0 0 X X 0 0 0 0 0 0 0 0 X 0 0 0 0 0 0 0 0 X 0 0 0 0 0 X X 0 0 0 0 X 0 0 X X 0 X 0 0 0 0 0 0 0 X 0 X X 0 0 0 X 0 0 0 0 0 0 0 0 0 0 0 0 X 0 X 0 0 0 0 0 X X 0 0 X 0 X 0 0 0 0 0 0 0 0 0 0 0 0 0 0 0 X 0 0 0 0 0 0 0 0 0 0 0 0 0 X 0 0 0 0 0 0 0 0 X
X 0 0 X 0 X X 0 0 0 0 0 X 0 0 0 X 0 0 0 0 0 0 0 0 0 X 0 X 0 0 0 0 0 X 0 0 0 0 0 0 0 X 0 X 0 0 0 0 0 0 X X 0 0 X 0 0 X 0 X 0 0 0 0 X 0 0 0 0 X 0 0 0 0 X 0 0 0 0 X 0 0 X 0 0 0 0 0 0 0 0 X X X 0 0 0 0 X 0 0 0 X 0 0 X X X 0 0 0 0 0 0 X 0 X 0 0 0 X X 0 0 0 0 X 0 0 0 X 0 0 0 0 0 0 0 X 0 0 X 0 0 0 X X 0 0 0 0 0 0 0 X 0 0 0 0 0 X 0 0 X 0 0 0 X 0 0 0 0 0 0 0 0 0 0 0 X 0 0 0 0 0 0 X 0 0 0 0 0 0 0 X X 0 0 0 0 0 0 0 X X 0 0 0 0 X 0 X 0 0 0 X 0 0 0 0 X 0 X X 0 0 0 0 0 0 0 0 0 0 0 0 0 0 0 X 0 0 0 0 0 0 X X X 0 0 X 0 0 0 0 0 0 0 0 0 0 X 0 0 0 0 X 0 0 X 0 0 0 X X 0 0 0 X 0 0 X X 0 0 X 0 X 0 X 0 0 0 X 0 0 0 0 0 0 0 X 0 X 0 0 0 0 0 X 0 0 0 0 0 0 X 0 0 X 0 0 0 0 0 0 X 0 0 0 X 0 0 X 0 0 0 0 X 0 X 0 0 0 0 0 0 0 X X X 0 0 0 0 0 0 X X 0 0 0 0 0 0 0 0 X 0 0 0 0 0 X 0 0 0 0 0 0 X 0 0 0 0 0 0 0 0 0 0 0 0 0 0 0 0 X
X 0 0 0 X X 0 X X X X 0 0 0 0 0 0 0 X 0 0 0 0 0 X 0 X 0 0 0 0 X 0 0 0 0 0 0 0 0 0 0 0 0 X 0 0 0 0 0 0 0 0 0 0 0 0 0 0 0 0 0 X 0 0 X 0 X X X X 0 X 0 0 0 X 0 X 0 X 0 0 0 0 0 X 0 0 X 0 X 0 0 X X X 0 X 0 0 0 X 0 0 0 0 0 0 X 0 0 0 0 X 0 0 0 0 X 0 0 0 0 0 0 0 0 0 0 0 0 0 0 0 0 0 0 0 0 0 0 0 0 0 0 0 X 0 X 0 X 0 0 0 X 0 0 0 0 0 0 0 0 0 0 0 0 0 0 0 0 0 0 0 0 0 0 0 0 0 0 0 0 0 0 0 0 0 0 0 0 0 0 0 0 0 0 0 X 0 0 X 0 0 0 0 0 0 0 0 0 0 0 0 0 0 0 0 0 X 0 0 0 0 X 0 0 X 0 0 0 0 0 0 X 0 0 0 X X X 0 0 X 0 0 X 0 0 0 0 0 0 0 0 0 0 0 0 0 0 0 0 0 X 0 X 0 0 0 0 0 0 0 0 0 0 0 0 0 0 0 0 X X 0 X 0 0 0 X X 0 X X 0 0 X 0 0 0 0 0 0 0 0 X 0 0 0 X X 0 0 0 0 0 0 0 0 0 0 0 0 0 0 0 0 0 0 0 0 0 0 X X X X 0 0 0 0 0 0 X 0 0 0 0 X 0 0 0 X 0 0 0 0 0 X 0 0 0 0 0 0 0 0 0 X 0 0 0 0 0 0 0 0 0 0 0 X 0 0 0 0 0 0 0 0 0 0 0 0 0 0 0 0 X
X 0 X 0 0 0 0 0 0 X 0 X 0 0 0 0 X 0 X 0 0 0 X 0 X 0 X 0 0 0 0 0 0 0 0 0 0 0 0 X 0 0 0 0 0 X 0 0 0 X 0 0 0 0 0 0 0 0 0 0 0 0 0 0 0 0 X 0 0 0 X X X 0 0 0 0 0 0 0 0 0 0 0 0 0 0 0 0 0 0 0 0 0 0 0 0 X 0 0 X 0 0 0 0 0 0 0 0 0 0 0 0 0 X 0 0 0 0 0 X 0 0 0 X 0 0 0 X X X 0 0 0 0 0 X 0 X 0 0 X X 0 X X X X X 0 0 0 0 X 0 0 0 0 X 0 X 0 X 0 X 0 0 0 0 0 X X X 0 0 0 0 0 0 0 X 0 X 0 0 0 0 0 X X 0 0 0 X X 0 0 0 0 X 0 0 0 X 0 0 X 0 0 0 0 X 0 0 0 0 0 0 0 0 0 0 0 0 0 X 0 0 0 0 0 0 0 0 0 X X 0 0 0 0 0 0 0 0 0 0 0 0 X 0 0 0 0 0 X 0 0 0 X 0 0 0 X 0 0 0 X 0 0 X 0 X 0 0 X 0 0 0 0 X X 0 0 X 0 0 X 0 0 0 0 0 0 0 X X 0 0 0 0 0 0 X X 0 X 0 0 0 X 0 X X 0 0 0 0 0 0 0 0 0 0 0 X 0 0 0 X X 0 0 X X 0 X 0 0 0 0 0 0 0 0 X 0 0 0 0 0 0 0 0 0 0 0 0 0 0 0 0 0 0 0 0 X 0 0 0 0 X 0 0 0 0 0 0 X X 0 X 0 0 X 0 0 0 0 0 0 0 0 0 0 0 0 0 0 X
X 0 0 0 0 X 0 X X X 0 0 0 X 0 0 0 0 0 0 X 0 0 0 0 0 0 0 X 0 0 0 0 0 X X X X 0 0 0 0 0 0 0 0 X X 0 0 0 0 X 0 0 0 0 0 0 0 0 0 0 0 X 0 X 0 0 0 0 0 0 0 X X 0 0 0 0 X 0 0 0 0 0 0 0 X 0 0 0 X X 0 0 X X 0 0 0 0 0 0 0 X 0 0 0 X 0 X 0 X 0 0 0 0 0 0 0 0 0 0 X X X 0 0 0 0 0 X X 0 X 0 0 X 0 0 X 0 0 0 0 0 0 X 0 0 0 0 0 0 0 0 0 0 X 0 0 X 0 0 0 0 X X 0 0 0 0 0 0 0 0 0 0 0 X X 0 0 0 X 0 0 0 X X X 0 0 0 0 0 X 0 X 0 0 0 0 0 0 0 0 0 0 X X 0 X 0 0 0 0 X X 0 0 0 0 0 0 0 0 0 X 0 X 0 0 0 0 0 0 X 0 0 0 X X 0 0 0 X 0 0 0 0 0 0 0 0 0 0 0 0 X 0 0 0 0 X 0 0 0 0 0 0 0 X 0 0 0 0 X 0 0 0 0 0 0 0 0 0 0 0 0 0 0 X 0 0 0 X 0 0 0 0 0 X 0 X 0 0 X 0 X 0 0 0 0 0 0 0 0 0 X 0 0 0 0 0 X 0 X 0 X 0 0 0 0 0 0 0 0 X X 0 0 0 0 0 0 0 0 X X X X 0 0 0 0 0 0 0 0 0 0 0 0 0 X 0 0 0 X 0 X 0 0 0 0 0 0 X X 0 X 0 0 X X X 0 X X 0 X 0 0 0 0 0 X X
X 0 0 0 0 0 0 0 0 0 0 X 0 X 0 0 0 X 0 0 0 0 0 0 0 0 0 0 0 0 0 0 0 X 0 0 0 X X 0 0 X 0 0 X 0 0 0 0 0 0 0 0 X 0 0 0 0 0 0 X 0 X 0 X 0 0 0 0 0 0 0 0 0 0 X 0 0 X 0 0 0 X 0 X 0 0 0 0 X 0 0 0 0 0 0 0 0 0 0 0 X 0 X 0 X 0 0 X 0 0 X X 0 0 0 0 X 0 0 X 0 0 X 0 0 X X 0 0 0 0 X X 0 0 X 0 0 0 0 X 0 0 0 X 0 X X 0 0 0 0 X 0 0 0 0 X 0 0 0 X 0 0 0 X X 0 0 0 0 0 0 0 0 X 0 X 0 0 0 0 0 0 0 0 0 0 0 0 X 0 X 0 0 0 0 0 0 0 X 0 0 0 0 X 0 0 0 0 0 X 0 0 X 0 0 0 0 0 0 0 0 X 0 X 0 0 0 0 0 X 0 0 0 0 0 X X X X 0 0 0 0 0 0 0 0 X X 0 0 X X 0 0 0 X 0 0 X 0 0 0 0 X X 0 0 X 0 0 0 0 0 X X X 0 0 0 0 0 0 0 0 0 X 0 0 0 X 0 0 0 0 0 0 0 X 0 0 0 0 0 0 0 0 0 0 X 0 0 0 0 X X 0 0 0 0 0 0 0 0 0 X X 0 0 X 0 0 0 X X 0 0 0 0 0 0 0 0 0 0 0 0 0 0 0 0 0 0 0 0 0 0 0 0 0 0 X 0 0 0 X 0 X 0 0 0 0 X X 0 0 0 0 0 0 0 0 0 0 0 X 0 0 0 0 0 0 0 0 0 0 X
X 0 0 X X 0 0 0 X 0 0 0 0 0 0 X X 0 0 0 0 0 X X 0 X 0 0 0 0 0 0 0 0 0 0 0 0 0 0 0 X 0 0 X 0 X 0 0 0 X 0 0 X 0 0 X 0 0 X 0 0 0 0 0 0 0 0 0 0 X X 0 0 X X 0 0 0 0 0 X 0 0 0 X 0 X 0 0 0 X X 0 0 X 0 0 0 X 0 0 0 0 0 0 0 0 0 0 0 0 X 0 0 0 0 0 0 0 0 0 0 0 X 0 X X X 0 0 0 0 0 0 X X X 0 0 X X 0 0 0 0 0 0 0 0 0 0 X X X 0 X 0 X X 0 0 0 0 0 X 0 X 0 0 0 0 0 0 0 X X 0 0 0 0 0 0 0 X X 0 0 0 0 X 0 0 0 0 0 0 0 0 0 0 0 0 0 0 0 X X 0 0 0 0 0 0 0 X 0 0 0 0 X 0 X 0 X 0 0 0 0 0 0 0 0 0 0 0 0 0 0 0 X 0 0 0 X 0 0 0 0 0 0 X X X 0 X X 0 0 X X X 0 X X 0 X X 0 0 X 0 0 0 0 0 X 0 X 0 X 0 X 0 0 0 0 0 0 X 0 0 0 0 0 X 0 0 0 0 0 X 0 0 X 0 0 X 0 X 0 0 X 0 X X 0 0 X 0 0 0 0 0 0 X X 0 0 0 0 0 0 0 X 0 0 0 0 0 0 0 0 0 0 0 X 0 X 0 X 0 X 0 0 X 0 0 X 0 0 0 0 0 0 0 0 0 0 0 0 0 0 0 0 X 0 0 0 0 0 0 0 0 0 0 0 0 0 0 0 0 0 0 0 0 0 0 0 X
X X 0 0 X 0 0 X 0 0 X 0 X X 0 0 X 0 0 0 X X 0 X 0 0 0 X 0 0 0 0 X 0 0 0 0 0 0 0 0 0 0 0 X X 0 0 X 0 0 0 X X 0 0 0 X 0 0 X 0 X 0 0 0 X 0 X 0 0 0 0 0 0 X 0 X 0 0 0 X X X X 0 0 0 0 0 0 0 0 X 0 0 0 X 0 0 0 0 0 X 0 X X X 0 X 0 X 0 0 0 X 0 0 0 0 X 0 0 0 0 0 0 0 0 0 X 0 0 0 0 0 0 0 X 0 0 0 X 0 0 X 0 0 X 0 0 0 0 0 0 0 X X 0 0 0 X 0 0 0 0 X X 0 0 0 X X 0 0 0 0 0 X 0 X 0 0 0 0 0 0 0 0 0 0 0 0 0 0 0 X 0 0 0 0 0 0 0 0 0 0 X X 0 0 0 0 X 0 0 0 0 0 0 0 X 0 0 0 0 0 0 X X X 0 X 0 0 0 0 X 0 0 0 0 0 0 0 0 0 0 0 0 0 X X 0 0 0 0 0 0 0 0 0 0 0 0 0 0 0 0 0 0 0 0 0 X X 0 0 0 0 0 0 0 X X 0 0 0 0 0 0 0 X 0 0 X 0 0 X 0 0 0 0 0 0 0 0 0 0 X X 0 0 X 0 0 0 0 0 0 X 0 X 0 0 0 0 0 0 0 0 0 0 0 0 X 0 0 X X 0 0 0 X 0 X 0 0 0 X 0 0 0 0 0 0 0 0 0 0 0 X 0 0 X 0 0 0 0 0 X X 0 0 0 0 0 0 0 X 0 0 0 0 0 0 0 0 0 0 0 0 0 0 X X 0 0 0 X
X 0 0 0 0 0 0 0 X 0 X 0 0 0 0 X X 0 X 0 0 0 0 0 X 0 0 0 X 0 0 X 0 0 0 X X 0 0 X 0 0 0 X X 0 X 0 X X 0 0 0 0 0 0 0 0 0 0 0 0 0 0 0 0 0 0 0 X 0 0 0 0 0 0 0 0 0 0 0 0 0 X 0 X 0 0 0 0 0 0 X X X 0 X 0 0 0 0 0 0 0 X 0 0 0 0 X 0 X X 0 0 0 0 X X 0 X X X 0 0 X 0 0 0 0 0 0 0 0 0 0 X 0 0 0 0 0 X 0 X 0 0 0 X X 0 0 0 0 0 0 X 0 0 0 0 0 0 0 0 X 0 X 0 0 X X 0 X 0 0 X 0 0 X 0 0 X 0 X 0 0 0 0 0 0 0 0 0 0 0 0 0 0 0 X 0 X 0 0 0 0 0 0 0 0 0 0 0 0 0 X X 0 0 0 0 0 X 0 0 X 0 0 0 0 0 0 0 X 0 0 0 0 0 0 0 0 0 0 0 0 0 X 0 0 0 0 0 0 X X 0 0 0 0 X 0 0 0 X 0 0 X X 0 0 0 0 0 X 0 0 0 0 0 X 0 X 0 X 0 0 0 X 0 0 0 X 0 0 X 0 0 0 0 X 0 0 0 0 0 0 0 0 0 X 0 0 0 X 0 0 0 X 0 X 0 0 X 0 0 0 0 0 0 0 0 0 X X 0 0 0 0 X X 0 X 0 0 0 0 0 X 0 0 X 0 0 0 0 0 0 0 0 X X X 0 0 0 0 0 X 0 0 0 X 0 0 X X 0 0 0 0 0 X 0 0 0 0 0 X 0 0 X 0 0 0 0 0 0 X
X X 0 0 0 0 0 0 0 0 0 0 0 0 0 0 0 0 0 0 0 X 0 0 0 0 0 0 0 X 0 0 0 0 0 0 0 0 X 0 0 0 X X 0 0 0 0 0 0 0 0 0 0 0 0 0 X 0 0 0 0 0 0 0 X 0 0 0 0 X X 0 X 0 0 0 X 0 0 0 0 0 0 X 0 0 0 0 0 0 X X 0 X 0 0 0 X 0 0 0 0 0 0 0 0 0 0 X X 0 0 0 0 X 0 0 0 X 0 0 0 0 0 0 X 0 0 0 0 0 0 X 0 X 0 0 X 0 X 0 0 0 0 0 0 0 0 X 0 X 0 0 X X 0 0 0 0 0 0 0 0 X X X 0 0 0 0 0 0 0 0 0 X 0 0 0 0 0 0 0 0 0 X 0 0 0 0 0 X 0 0 X 0 0 X X 0 0 0 0 0 0 0 X 0 0 0 X X X 0 X 0 0 0 0 0 X 0 0 0 0 0 0 0 0 X 0 0 0 0 0 0 0 X 0 X X 0 X 0 0 0 X 0 0 0 0 0 X X X 0 X 0 0 0 0 X 0 X 0 0 0 X 0 0 0 0 0 0 0 X 0 0 X 0 0 0 0 X 0 X 0 0 0 0 0 0 X 0 X 0 0 0 0 X 0 0 0 X 0 0 0 X 0 X X X 0 0 0 0 X 0 X 0 0 0 X 0 0 0 0 0 0 0 0 0 0 0 0 X 0 X X 0 0 0 0 X 0 0 0 0 0 X 0 0 0 0 0 X X 0 0 0 0 0 X 0 0 0 0 0 0 0 X 0 0 0 0 0 0 0 0 0 0 0 0 0 0 X 0 X 0 X 0 0 0 0 0 0 0 0 X
X 0 0 0 0 0 0 0 0 0 0 0 0 0 0 0 0 0 0 X 0 0 0 0 0 0 0 0 0 X 0 0 0 0 0 0 0 0 0 0 0 0 X 0 0 0 0 0 0 X 0 0 0 0 0 X 0 0 0 0 0 0 0 0 0 X 0 0 0 0 X 0 0 X 0 0 0 X 0 0 X 0 0 0 0 0 X 0 0 0 0 X 0 X 0 X 0 0 0 0 X 0 0 0 0 0 0 0 0 0 0 0 0 0 X 0 0 0 0 0 X 0 0 0 X 0 X 0 0 0 0 0 0 0 0 X 0 X 0 X 0 0 0 0 X 0 X 0 0 X X 0 0 0 0 0 0 0 0 0 0 0 0 0 0 0 0 0 0 0 0 0 0 0 0 0 0 0 X 0 0 0 0 0 0 0 0 X 0 0 0 0 0 0 0 0 0 0 0 0 0 0 0 0 0 0 0 0 0 X 0 0 0 0 0 0 0 0 X 0 0 0 X X 0 0 0 X 0 0 0 0 0 0 0 0 0 0 0 0 0 X X 0 0 X 0 X X 0 0 0 0 0 X 0 0 0 X 0 0 0 0 0 0 0 0 0 X X X 0 X X 0 0 0 0 0 0 X 0 X 0 0 0 0 0 0 0 0 0 0 0 0 0 0 0 X X 0 0 X 0 0 0 X 0 X 0 X 0 0 0 0 0 X 0 X X 0 X X 0 0 0 0 0 0 0 0 0 X X 0 0 X 0 X X 0 0 0 0 0 0 X 0 X 0 0 0 0 0 0 0 0 0 0 0 0 X 0 X 0 X 0 0 0 0 0 0 0 0 0 0 0 0 0 0 0 0 0 0 0 0 X 0 0 0 0 0 0 X X 0 0 0 X X
X 0 X X 0 0 0 0 0 X X 0 X 0 0 0 0 0 0 0 0 0 0 0 0 0 0 0 0 0 0 X 0 0 0 0 0 X 0 0 0 0 0 X 0 0 0 X 0 0 0 0 0 0 0 0 0 0 0 0 0 0 0 0 0 X 0 0 0 0 0 X 0 0 X 0 X 0 X 0 0 0 X 0 0 0 0 0 0 0 0 0 0 X X 0 0 0 X X X 0 0 0 0 0 0 0 0 X 0 0 0 0 0 0 X 0 0 X 0 X 0 0 0 0 0 0 0 0 X 0 X 0 X X 0 0 0 0 0 0 0 0 0 0 0 0 0 0 0 0 0 X X 0 0 0 0 0 X X 0 0 0 0 0 0 0 0 0 0 0 0 0 0 0 0 0 X 0 0 0 0 X 0 0 X 0 0 0 0 X 0 0 X 0 0 0 X 0 0 0 X X X 0 0 0 X 0 0 0 0 0 0 0 X 0 0 0 0 0 0 0 0 0 X 0 0 0 0 0 X X X 0 0 X 0 0 X 0 0 X 0 0 0 0 0 0 0 0 0 0 X X 0 X 0 0 0 0 0 0 0 0 0 0 X 0 0 0 X 0 0 X 0 X 0 X 0 0 X 0 X 0 0 0 0 0 0 0 0 0 0 0 X X 0 0 0 0 0 0 0 0 0 0 0 0 X X X 0 0 0 0 X 0 0 0 X 0 0 0 0 0 0 0 X 0 0 0 0 0 0 X X 0 0 0 X 0 0 0 0 0 0 0 0 0 X 0 0 0 0 0 0 X 0 0 0 0 0 0 X 0 0 X X 0 X 0 0 0 X 0 0 X 0 0 X 0 0 X X 0 0 X 0 X 0 0 0 0 0 0 0 X
X 0 0 0 0 X X 0 X 0 0 0 0 X X 0 0 0 X 0 0 X 0 0 0 X 0 0 0 0 0 0 X 0 0 0 0 0 0 0 0 0 X 0 0 0 0 0 0 0 X 0 X 0 0 0 0 0 0 0 0 0 0 X 0 0 X 0 0 0 0 0 0 X X 0 0 0 X 0 0 0 0 0 0 0 0 0 0 0 0 X 0 0 0 0 0 0 0 X 0 0 X 0 0 X 0 0 0 0 0 0 0 0 0 0 0 X 0 0 0 0 0 0 X 0 0 0 X 0 0 X X 0 X 0 X 0 0 0 X X 0 0 0 0 0 0 0 0 0 X 0 X 0 X 0 0 0 0 X X 0 0 0 0 0 0 0 0 X 0 0 X 0 0 0 X 0 0 0 0 0 0 X 0 0 0 0 0 0 0 0 0 0 0 0 X 0 0 X 0 X 0 0 X X 0 X 0 0 0 0 0 0 0 0 0 0 0 X 0 0 0 0 X 0 0 X 0 0 X 0 0 X X 0 0 0 X 0 0 0 0 0 0 0 0 0 0 0 0 X 0 0 0 0 0 0 0 X 0 X 0 0 X 0 0 0 0 0 0 0 0 X 0 0 0 0 0 0 X X 0 0 0 X X X X 0 0 0 X X 0 0 0 X X 0 X 0 0 0 0 0 0 0 0 0 X 0 0 0 0 0 X X 0 X X 0 0 0 0 0 X X 0 0 X X X 0 0 X 0 0 0 X 0 0 0 0 0 X 0 0 0 0 0 X 0 0 0 X 0 0 0 0 0 0 0 0 0 0 X 0 0 0 0 0 X 0 X X 0 0 0 0 0 X 0 X 0 0 X 0 0 X 0 0 0 X 0 X 0 0 X
X 0 0 0 0 0 0 0 0 0 0 0 0 0 X 0 0 0 0 0 0 X X 0 0 0 0 0 X 0 0 0 0 0 0 X X 0 0 0 0 X 0 X X 0 0 0 0 0 0 0 0 0 0 0 0 0 X X 0 0 0 0 X 0 0 0 0 0 X X 0 X 0 0 0 0 0 0 0 0 0 0 0 X 0 0 X 0 0 0 0 0 0 0 0 0 0 0 X X 0 0 0 X 0 0 X 0 X 0 0 0 0 0 X X 0 0 0 0 0 0 0 0 0 0 0 0 0 X 0 X 0 0 0 0 0 X 0 0 0 0 0 0 0 0 0 0 0 0 0 0 0 0 0 0 0 0 X 0 0 0 0 0 X X 0 0 0 0 0 0 X 0 0 0 0 0 X 0 0 0 0 0 0 0 0 X 0 0 0 0 0 0 0 0 0 0 0 0 0 0 0 X 0 0 0 0 0 0 X 0 0 X 0 0 0 0 X 0 0 0 X X X X 0 X 0 0 X 0 0 0 0 0 0 0 0 X 0 0 0 0 X X 0 0 0 0 0 0 X 0 0 0 0 0 0 0 0 X 0 0 X 0 0 0 0 0 0 0 0 X 0 0 0 0 X 0 0 0 0 0 X 0 X 0 0 0 0 0 0 0 0 0 X 0 0 0 0 0 0 0 0 X 0 X X 0 0 0 0 0 0 0 0 0 0 0 0 X 0 0 0 0 0 0 X 0 0 0 0 0 0 X 0 0 0 0 0 0 0 X 0 0 0 X 0 0 0 0 0 0 0 0 0 0 X 0 0 0 0 X 0 0 0 0 X 0 0 X 0 0 0 0 0 0 X 0 0 0 X 0 0 0 0 0 0 0 0 0 X 0 X 0 0 X
X 0 0 X 0 0 0 0 0 0 0 0 0 0 X 0 0 0 0 X 0 0 0 0 0 0 0 0 0 0 X 0 0 0 0 0 0 X X 0 0 0 0 0 X 0 X 0 0 0 0 X 0 0 X X X X 0 X X X X 0 0 0 0 0 X 0 X 0 0 X 0 0 X 0 0 0 0 X 0 0 0 0 0 0 X 0 0 0 0 0 X 0 0 0 0 0 X 0 0 0 0 0 X 0 0 0 0 0 X 0 0 0 0 0 0 0 0 0 0 0 0 X 0 0 0 0 0 0 0 0 0 0 0 0 0 0 0 0 0 0 0 0 X X 0 0 0 0 0 X X 0 0 0 0 0 0 0 X 0 0 0 0 0 0 0 0 0 0 0 X 0 0 0 X 0 X 0 X 0 0 0 0 0 0 0 X X 0 0 0 0 0 0 0 0 0 0 0 0 X X X 0 0 X 0 X 0 0 0 0 X 0 X 0 0 X 0 0 X X X 0 0 X 0 0 0 X 0 0 0 0 0 0 0 0 0 0 X 0 0 0 0 0 0 0 0 0 X 0 0 0 0 0 0 0 0 0 0 X 0 0 0 0 0 X 0 0 0 X 0 0 0 X X 0 X 0 0 0 X X X 0 0 X X 0 0 X 0 0 X X 0 X X 0 0 X 0 0 0 0 0 0 0 0 X 0 0 X 0 0 0 0 0 0 0 X X 0 0 0 0 X 0 0 X 0 0 0 0 0 0 0 0 X 0 0 0 0 0 0 0 0 0 0 X 0 0 0 X 0 0 0 0 0 0 X 0 0 0 0 0 X 0 0 0 0 0 0 0 0 0 X 0 0 X 0 0 0 0 0 0 0 0 0 0 X 0 0 X X
X 0 0 0 0 0 0 X 0 0 0 0 0 0 0 0 0 0 X 0 0 X 0 0 0 X X 0 0 0 0 0 0 X 0 0 0 0 X 0 0 0 0 0 0 X 0 0 0 0 0 0 X 0 0 X 0 0 0 0 0 0 0 0 0 0 0 0 0 0 0 0 X 0 X 0 X 0 0 0 0 0 0 0 0 X 0 X 0 X 0 X 0 X 0 X 0 0 0 0 0 0 X 0 0 0 0 0 0 X 0 0 X 0 0 0 0 0 0 0 X 0 0 0 0 0 0 0 0 X 0 0 0 X X 0 X 0 0 0 0 X X 0 0 0 0 X 0 0 0 X 0 0 X 0 0 X 0 0 X 0 0 0 0 X 0 0 0 0 0 0 0 X X 0 0 0 0 0 0 0 0 0 0 0 0 0 0 0 X 0 0 X 0 0 0 0 0 0 0 0 0 X 0 X X 0 0 0 0 0 0 0 0 X 0 0 0 0 0 0 0 0 X 0 0 0 0 X X 0 0 0 X X X 0 0 0 X 0 0 0 0 0 X X 0 0 X X 0 X X 0 0 0 X 0 0 0 0 0 0 0 0 0 0 0 0 0 0 X X 0 0 X 0 X 0 0 0 0 0 0 0 X 0 0 0 0 0 0 0 0 0 0 0 X 0 0 0 0 0 0 X X 0 0 0 0 0 0 0 0 0 0 0 X 0 0 0 0 0 0 0 0 0 X 0 0 0 0 X 0 0 0 X 0 0 0 0 0 0 0 X 0 0 0 0 0 0 0 X 0 0 0 0 0 0 0 X 0 0 0 0 X 0 0 X 0 0 0 0 0 0 0 0 0 0 0 0 0 0 0 0 0 0 0 0 0 0 0 0 0 X 0 0 X
X X X 0 0 X X 0 0 0 0 0 0 0 0 0 0 0 0 0 0 0 0 0 0 0 X 0 0 0 0 0 0 0 0 0 X 0 0 0 0 X 0 0 0 X 0 0 X 0 X 0 0 0 0 0 0 0 X X X 0 0 0 X 0 0 0 X 0 0 0 0 0 X 0 0 0 0 0 0 0 0 0 0 X X 0 0 X 0 X 0 X 0 0 0 0 X 0 X 0 0 0 0 0 0 0 X 0 X 0 0 0 0 0 0 X X 0 0 X 0 0 0 X 0 0 0 0 X 0 0 X 0 0 X X 0 0 0 0 0 0 0 0 0 0 0 0 0 0 0 X 0 0 0 0 X 0 0 X X 0 X 0 0 0 0 0 0 0 0 0 0 0 0 0 0 X 0 0 0 X 0 0 0 0 X 0 0 0 0 0 X 0 0 0 0 0 0 0 0 0 0 0 0 0 0 0 X 0 X 0 0 0 0 0 0 0 0 0 X X 0 0 0 0 0 X 0 0 0 X 0 X X 0 0 X 0 0 0 0 0 0 X 0 X 0 0 0 0 X 0 0 0 0 0 X 0 0 X 0 0 0 0 0 X 0 X X 0 0 0 X 0 0 0 0 X 0 0 0 0 0 X 0 0 0 0 0 0 0 0 0 X 0 0 X 0 0 0 0 0 0 0 0 0 0 0 X X X 0 0 0 0 X 0 0 0 0 0 X 0 0 X X 0 X 0 X X 0 0 0 X X 0 0 0 X 0 0 0 0 X 0 0 X 0 X 0 0 X 0 X 0 X X 0 0 0 0 0 0 0 0 X 0 X 0 0 0 X 0 0 0 0 X 0 X 0 X X X 0 0 0 X 0 X 0 0 0 0 0 0 X
X 0 X 0 X 0 0 0 0 0 0 0 X 0 0 0 X 0 0 X 0 0 0 0 X 0 0 0 0 0 X 0 0 X X 0 0 0 0 0 0 0 0 0 X 0 X 0 0 0 0 0 0 0 0 0 0 0 0 0 0 0 0 X 0 X X 0 X X 0 0 0 X 0 0 0 0 0 X 0 0 0 0 0 X 0 0 0 0 X 0 X X X 0 0 0 0 0 0 0 0 0 X 0 X 0 X X 0 0 0 0 0 0 0 0 0 0 0 0 0 0 0 X X 0 0 0 X 0 0 X X 0 0 0 0 0 X 0 X 0 0 X 0 0 X 0 0 0 0 0 0 0 0 0 0 0 0 0 0 0 X X X 0 0 X 0 0 0 0 0 0 0 0 X 0 0 0 0 0 0 X 0 0 0 0 0 0 X 0 0 0 0 0 0 0 X 0 0 X 0 0 0 0 0 X X 0 0 0 X 0 0 X X 0 0 0 0 0 0 0 0 0 0 0 0 0 0 0 X 0 0 0 0 X X 0 0 0 0 X X 0 0 0 0 0 0 0 0 0 X 0 0 0 0 0 0 0 0 0 0 X 0 0 0 0 0 X 0 0 0 X 0 0 X 0 0 X 0 0 0 0 0 0 0 0 0 0 0 0 0 0 0 0 0 0 0 X X 0 X 0 X 0 0 0 0 X 0 0 0 0 0 0 X 0 0 0 0 0 0 0 0 0 X 0 0 0 0 0 0 0 0 0 0 0 0 0 0 0 0 X 0 X X 0 0 0 0 0 0 0 0 0 0 0 X 0 0 0 0 0 0 0 0 0 0 0 0 0 X 0 0 0 0 0 0 X 0 0 0 X 0 0 0 0 0 0 0 X 0 0 0 X
X 0 0 0 0 X 0 0 0 0 0 0 0 X 0 0 0 X 0 0 0 0 0 0 0 0 X 0 0 0 X 0 0 0 0 0 0 X 0 0 0 0 X 0 0 0 0 0 X X X 0 X 0 0 0 X 0 0 X 0 0 0 0 X X 0 0 0 0 0 0 X 0 0 X X 0 0 0 0 0 0 0 X 0 0 0 0 0 0 X 0 0 0 0 0 0 0 0 X 0 0 0 X X X 0 0 0 0 0 0 0 0 0 0 0 0 0 0 0 0 0 0 0 0 0 0 0 0 X X 0 0 0 0 0 0 0 0 X X X 0 0 0 X 0 0 0 0 0 0 X 0 0 0 0 0 X 0 0 0 X 0 0 0 0 X 0 X 0 0 0 X 0 X X X X 0 0 0 0 0 X X 0 X 0 0 0 0 0 0 0 X 0 0 0 0 0 X 0 0 0 0 0 0 X X 0 0 0 0 0 X 0 0 0 0 X 0 X 0 0 X 0 0 X 0 0 0 0 X X 0 0 0 0 0 0 0 0 0 0 0 0 X X 0 0 0 X 0 X 0 0 0 0 0 0 0 0 0 0 0 0 0 0 X X 0 0 0 0 0 0 0 0 0 0 0 0 0 0 0 0 0 0 0 0 0 0 0 0 0 X 0 0 X 0 0 0 0 X 0 0 X 0 0 0 X X 0 0 0 X 0 0 0 0 0 X 0 0 0 0 X 0 0 0 X 0 0 0 0 0 0 0 X X 0 0 X X 0 X 0 0 X 0 X 0 0 0 0 0 0 0 0 0 0 0 0 X X 0 0 0 X 0 0 0 0 0 0 0 X 0 0 0 0 0 0 X 0 0 0 0 0 0 0 X 0 0 0 0 X
X 0 0 0 0 0 0 0 0 0 0 X X 0 0 X 0 0 0 0 0 0 0 0 0 0 X 0 0 0 0 0 0 0 0 0 0 0 0 0 0 0 0 X 0 X 0 0 X 0 0 0 0 0 0 0 0 0 0 X 0 X X X 0 0 0 0 0 0 0 0 0 0 0 0 0 0 0 0 X X X X 0 0 0 0 X 0 0 0 0 X 0 0 0 0 0 0 0 X 0 0 0 0 X 0 X 0 0 0 0 0 0 0 0 0 0 0 0 X 0 0 X 0 X 0 0 0 0 0 0 X X X 0 0 0 0 X 0 X X 0 0 0 0 X 0 0 0 X 0 0 X X 0 0 X 0 X 0 0 0 0 0 0 0 0 0 0 0 0 X 0 0 0 0 0 0 0 0 0 0 X 0 0 0 0 X 0 0 0 0 0 0 0 X 0 0 0 0 X X 0 0 0 0 X 0 0 X 0 0 0 0 0 0 0 0 0 0 0 0 0 0 0 X X X 0 0 0 0 0 X 0 0 0 0 X 0 0 0 0 X 0 0 0 X X 0 0 0 0 0 0 X 0 0 0 X 0 0 0 0 0 0 X 0 0 0 0 0 0 0 0 0 0 0 0 0 0 X 0 0 0 X 0 0 0 0 X 0 X 0 0 0 X 0 0 0 0 0 0 0 0 0 0 0 0 X 0 0 0 0 0 X 0 0 0 0 X 0 0 0 0 0 X 0 0 0 0 0 0 0 0 0 X 0 0 0 X 0 0 0 0 0 0 X X 0 0 0 0 0 0 0 0 X X 0 0 X 0 0 0 0 0 0 X 0 0 0 0 X 0 X 0 X 0 0 X 0 0 0 0 0 0 0 0 X X 0 0 0 X 0 X
X X 0 X 0 X 0 X 0 X 0 0 0 0 0 0 0 X 0 0 0 0 X 0 0 0 0 0 0 0 0 0 0 0 0 0 0 X X 0 0 X 0 0 X X 0 0 0 0 X 0 0 0 0 X X 0 0 0 0 0 X 0 0 0 0 0 X 0 0 0 0 0 0 0 0 0 0 0 0 0 0 0 0 0 0 0 0 0 X X 0 0 X 0 X X X X X X X X 0 0 0 0 X 0 0 0 0 0 X 0 0 X X 0 0 0 0 0 0 0 0 0 0 0 0 0 0 0 0 0 0 X 0 0 X 0 0 X 0 X X 0 0 0 0 0 0 0 0 X X X 0 0 0 0 0 0 X 0 0 0 0 0 0 0 0 0 0 0 0 0 X X 0 0 X 0 0 0 0 0 X 0 0 0 0 X 0 0 0 0 0 X 0 0 0 0 0 X 0 0 0 0 0 X 0 X X 0 0 0 0 0 0 X 0 0 X 0 X 0 0 X 0 X 0 0 0 0 0 0 0 0 0 0 0 X 0 0 0 0 X X 0 0 0 0 0 0 0 0 0 0 0 0 0 0 0 0 0 0 X 0 0 0 0 0 0 0 0 X 0 0 0 0 X 0 0 0 0 X 0 0 0 0 0 0 X X 0 0 0 X X X 0 0 0 0 0 0 0 X 0 0 0 0 0 0 X 0 0 0 X 0 0 0 X X X 0 0 0 0 0 X 0 X 0 0 0 0 0 0 0 0 0 0 0 0 0 0 0 0 X 0 0 X 0 0 0 0 0 0 0 X X X 0 0 0 0 X X X 0 0 0 0 0 0 0 0 0 0 X X 0 0 0 X 0 X 0 0 0 0 0 X 0 0 0 X
X 0 0 0 0 X X 0 0 0 0 X 0 X 0 X 0 0 0 0 X 0 0 0 0 X X 0 0 0 0 X X X 0 0 0 0 0 0 0 0 0 0 0 0 0 0 X X 0 0 0 0 X 0 0 0 0 0 X 0 0 0 X X 0 0 0 X X 0 0 0 0 0 0 0 0 0 0 0 0 0 0 0 0 X 0 0 0 0 0 0 0 0 0 0 0 0 0 0 X 0 0 0 0 0 0 0 0 0 X 0 X X 0 0 0 0 0 0 0 0 0 0 X X 0 0 0 0 X 0 0 0 0 0 0 0 X 0 0 0 0 0 0 0 0 0 0 0 0 X 0 0 0 X 0 0 X 0 0 0 0 0 0 0 0 0 0 0 0 0 0 X X 0 0 0 0 0 0 0 0 0 X 0 0 0 0 0 0 0 0 0 0 0 X 0 0 0 0 0 0 0 0 0 0 X X 0 0 0 0 0 0 0 0 0 0 0 0 0 0 X 0 0 X X 0 0 0 0 0 0 X 0 0 0 0 X 0 0 0 0 0 0 X 0 0 0 0 0 0 0 0 0 X 0 0 0 0 0 0 0 0 0 0 X 0 0 0 0 X 0 0 0 0 0 0 0 X 0 0 0 0 0 0 0 0 0 X 0 X X 0 0 0 0 0 0 X 0 0 X X 0 0 0 0 0 0 0 0 0 0 0 0 0 0 0 X 0 X 0 0 0 X 0 0 0 0 0 0 X 0 0 0 0 X 0 X 0 X X 0 0 X 0 0 X 0 0 0 0 0 0 0 0 0 0 0 X 0 0 0 0 X 0 0 0 0 0 0 X 0 X 0 X 0 0 0 X X 0 0 0 0 0 0 0 0 0 X 0 X 0 X X
X X 0 0 0 0 0 0 0 0 0 0 0 0 0 X 0 X X 0 0 0 X 0 0 0 X 0 X X X 0 0 0 0 X X 0 0 0 X 0 0 0 0 0 0 0 0 0 X 0 X 0 0 0 0 X 0 X X 0 0 X 0 0 0 0 0 0 0 0 0 0 X 0 X 0 0 0 0 0 0 0 X 0 0 0 X 0 0 0 0 0 0 0 0 0 0 0 0 0 0 0 X X 0 0 0 X 0 0 X 0 0 0 X X X X 0 0 0 X 0 0 0 0 0 0 0 X 0 0 X 0 0 0 0 X 0 0 0 X X 0 0 0 X 0 0 0 X 0 0 0 0 0 0 X 0 0 0 0 0 0 0 0 X X 0 0 0 0 0 0 0 0 X 0 X 0 0 0 0 X X 0 0 0 0 0 0 X 0 0 X 0 0 0 0 0 0 0 0 0 0 0 X X 0 0 0 0 X 0 0 0 0 X X 0 0 0 0 X 0 0 0 0 0 X 0 0 X 0 0 0 0 0 0 0 0 0 X 0 X 0 0 0 0 0 0 X 0 0 0 0 0 0 0 0 0 0 X 0 X 0 0 0 0 0 0 X 0 0 0 0 0 0 0 0 0 X X 0 0 0 X 0 0 X 0 0 0 0 0 0 0 0 0 0 0 0 0 0 X X 0 0 0 X X 0 0 0 0 0 0 0 X X 0 X 0 0 0 X 0 0 X X 0 0 0 0 0 X 0 0 0 0 0 0 0 X 0 X 0 0 X 0 0 0 0 X 0 0 0 X 0 0 0 0 0 0 0 0 0 0 0 0 X 0 X 0 0 0 0 0 0 0 X 0 0 0 X 0 0 0 0 0 0 0 0 0 X 0 0 X
X 0 X 0 0 0 0 0 0 0 X 0 0 0 0 0 0 0 0 0 0 0 0 0 0 X 0 0 0 0 X 0 0 0 0 0 X X X 0 X 0 0 0 0 0 X 0 0 0 0 0 0 0 0 0 0 0 0 0 0 0 X X 0 0 0 0 0 0 0 0 0 0 0 0 0 0 X 0 0 0 X X X 0 0 0 0 0 0 X 0 0 X 0 0 0 X 0 0 X 0 0 0 0 0 0 0 X X 0 X 0 0 0 X X 0 0 0 0 0 X X 0 X 0 0 0 0 X 0 X 0 0 0 0 0 0 X 0 0 0 0 0 0 0 0 X 0 X X X X X 0 0 X 0 0 0 0 0 0 0 0 0 X 0 X 0 X X 0 0 0 X 0 X 0 0 0 0 0 X 0 0 0 0 0 0 0 0 0 X 0 0 0 X 0 0 X 0 0 X 0 0 0 0 X 0 0 0 0 0 0 0 X 0 0 0 0 0 0 0 0 0 0 0 0 0 0 0 0 0 0 0 0 X 0 X X 0 X 0 0 X 0 0 0 0 X 0 X X 0 X 0 0 0 X X 0 0 0 0 0 0 0 0 0 0 X 0 X 0 0 0 0 X X X X X 0 0 0 X 0 0 0 0 0 0 X 0 X X 0 0 0 0 0 0 X 0 0 0 0 0 X 0 X 0 0 X 0 0 X 0 X 0 0 0 0 0 0 0 0 0 X 0 X 0 0 0 0 0 0 X 0 X 0 0 0 X 0 0 0 0 X X 0 0 0 0 X 0 0 0 0 0 0 X 0 0 0 0 0 0 0 0 0 0 0 0 0 0 0 0 0 X X 0 X 0 X 0 0 0 0 0 0 X 0 X 0 0 X
X 0 0 0 0 0 X 0 0 0 0 X 0 X 0 X 0 0 0 X 0 0 X 0 0 X 0 0 0 0 X X 0 X 0 0 0 0 0 0 0 X X 0 X X 0 0 0 0 X 0 0 0 0 0 X 0 0 0 X 0 0 0 0 0 0 X X X 0 0 0 0 0 X 0 0 0 0 X 0 0 0 0 0 0 X 0 0 0 X 0 0 0 0 X 0 0 0 0 0 0 0 0 0 0 0 0 0 0 X 0 0 0 X 0 0 0 0 0 0 X 0 0 X 0 0 X 0 0 0 0 0 0 0 0 X 0 0 0 0 0 0 X 0 0 0 X 0 0 X 0 0 0 X 0 X 0 0 0 0 X 0 X 0 0 0 0 0 X 0 0 0 0 0 0 0 0 0 0 0 0 0 0 X 0 0 0 X 0 0 0 0 0 0 X X 0 0 X X X 0 0 X 0 0 0 X 0 X 0 0 X X 0 X 0 0 0 0 0 0 X 0 0 0 0 X 0 0 0 0 0 0 0 0 0 0 X 0 0 0 0 0 0 0 0 0 0 0 0 0 0 0 0 0 X 0 0 X 0 0 0 0 0 X 0 0 0 0 0 X 0 X 0 0 X 0 0 0 0 X 0 0 0 0 X X 0 0 0 0 0 0 X 0 0 0 0 0 0 0 X X 0 0 0 X 0 X 0 0 0 0 0 0 X 0 0 0 0 0 0 0 0 0 X X X 0 X X 0 X 0 X 0 0 0 0 0 X 0 X 0 0 0 X 0 0 0 0 0 0 0 0 0 0 0 0 0 X 0 0 0 0 X 0 0 0 0 0 0 0 0 0 X X 0 0 0 X 0 X X 0 X 0 0 0 X 0 0 0 0 0 0 X
X X 0 0 0 0 0 0 0 0 0 0 X 0 0 0 0 0 0 0 X 0 0 0 0 0 0 X 0 0 0 0 X 0 0 0 0 0 0 X 0 0 0 0 0 0 0 X 0 0 0 0 0 0 0 0 0 X 0 0 0 0 0 0 0 0 0 X 0 X 0 0 X 0 0 0 0 X X 0 0 0 X 0 0 0 X 0 X 0 0 0 0 0 0 0 0 X X 0 X 0 X 0 0 0 0 0 0 0 0 0 0 0 0 X 0 0 0 0 0 0 0 0 X X X 0 0 0 0 0 0 X 0 0 0 0 0 0 0 X X 0 0 X 0 0 0 0 0 0 0 X 0 0 0 X X 0 0 0 0 0 X 0 0 X 0 0 0 0 0 0 0 0 0 0 X X 0 X 0 X 0 0 0 0 0 0 0 0 0 X X 0 0 0 0 0 0 X 0 0 X X 0 0 0 0 X 0 X 0 X X 0 X 0 0 X 0 0 0 0 0 0 0 0 0 0 X X 0 X 0 0 X X 0 X 0 0 0 0 0 0 0 0 0 X 0 0 0 0 X 0 0 0 0 0 0 0 X 0 X 0 0 X 0 X 0 0 X X 0 0 0 X X X 0 0 0 0 0 0 0 X X 0 0 0 0 0 0 0 0 0 X X 0 X X 0 0 0 0 0 0 0 0 0 0 0 0 0 0 0 X 0 0 0 X 0 X X 0 X 0 0 0 0 0 X 0 0 0 0 0 0 0 0 0 0 0 0 0 X 0 X 0 0 0 0 0 0 0 0 X 0 0 0 0 0 0 0 0 0 0 0 0 0 0 0 0 0 X 0 0 X 0 0 0 0 0 0 0 X 0 0 0 0 X 0 X 0 X 0 X
X 0 0 0 0 0 0 0 0 X X X X X 0 0 0 0 X 0 0 X 0 0 0 0 0 0 0 0 0 0 0 0 0 X X X 0 0 X X 0 0 0 X 0 0 0 0 0 X X 0 0 0 0 X 0 0 0 0 0 0 0 0 0 0 0 0 X X 0 0 0 0 0 0 0 0 0 0 X X 0 0 0 0 0 0 0 0 0 0 0 0 0 0 X 0 X 0 0 0 0 X 0 X 0 0 X 0 X 0 0 0 0 0 X 0 0 0 0 0 X 0 0 0 0 0 0 0 0 0 X 0 0 0 0 0 0 X X 0 0 0 0 0 X 0 0 0 0 0 0 0 0 0 0 0 X X 0 0 X 0 0 0 X 0 0 0 0 0 0 0 0 X 0 0 0 0 X 0 0 0 X 0 X 0 X 0 X 0 0 0 0 0 0 0 0 0 0 X 0 0 0 0 0 0 0 X 0 0 0 0 0 0 0 0 0 0 0 0 0 X 0 0 0 0 0 0 0 0 0 0 0 0 X 0 X 0 X X 0 0 0 0 0 0 0 0 0 0 0 0 0 0 0 0 0 0 0 0 0 0 0 0 X 0 0 X X 0 0 X 0 X X 0 0 0 0 0 0 X 0 0 0 0 0 0 0 0 0 0 0 X 0 0 X 0 X 0 0 0 0 0 X 0 0 0 X 0 X X 0 0 0 0 X 0 0 0 0 X 0 X 0 0 X 0 X 0 0 0 0 0 0 0 X X 0 X 0 0 0 0 X 0 0 0 X 0 0 0 0 0 X 0 0 0 0 0 0 0 X 0 0 0 0 0 X 0 0 0 0 X 0 0 0 X 0 X 0 X X X 0 0 0 0 0 0 X 0 0 X X X
X 0 X 0 0 X X X X 0 0 0 0 0 0 X 0 0 0 0 X 0 0 0 0 0 X 0 0 0 0 0 0 X 0 X 0 0 0 0 0 0 0 0 0 X 0 0 0 0 X 0 0 0 0 0 X 0 X 0 X 0 0 X X 0 X 0 0 0 0 0 0 X 0 0 X 0 0 0 0 0 0 X 0 0 X X 0 X X 0 0 0 0 0 0 0 0 0 0 X X 0 0 0 0 X 0 0 X 0 0 X 0 0 0 0 0 0 X 0 0 0 0 X 0 0 0 X 0 0 X X 0 0 0 0 0 0 X 0 0 0 0 0 X X 0 0 0 0 X 0 0 0 0 0 0 0 X X 0 0 0 0 0 X 0 0 X 0 0 0 0 X X 0 0 0 X 0 0 0 0 0 X 0 0 X 0 0 X 0 X 0 0 X 0 0 0 X 0 0 0 0 X X 0 0 0 0 0 0 0 0 0 0 0 0 X 0 0 0 0 0 0 0 0 0 0 0 0 0 0 0 0 0 X 0 0 0 X 0 X 0 0 X 0 0 0 0 0 X 0 0 0 0 X X 0 X 0 0 0 X X 0 X 0 0 X 0 0 0 0 X 0 X 0 0 0 X 0 0 0 0 0 0 0 X 0 0 X 0 0 0 0 0 0 0 0 0 0 0 0 0 X 0 0 0 0 0 0 X 0 X 0 0 0 0 X 0 0 0 0 0 0 0 0 0 0 0 0 X 0 0 0 0 0 0 0 0 0 0 0 X 0 0 0 X 0 0 0 0 X 0 0 0 X X 0 X X X 0 0 0 0 X 0 0 X X X 0 0 0 0 0 0 0 0 0 0 0 0 0 0 0 0 0 0 0 0 X X 0 X X
X 0 0 0 X 0 0 0 0 X 0 0 0 X 0 0 X 0 0 0 0 X 0 0 0 0 X 0 0 0 0 0 0 0 0 0 0 0 0 0 0 X 0 0 0 0 X 0 X 0 0 0 0 0 X 0 0 0 0 0 0 0 X 0 0 0 0 0 0 X 0 0 0 0 0 0 0 X X 0 X 0 X 0 0 0 0 X 0 0 0 0 0 0 0 0 0 0 0 X 0 0 0 0 0 0 0 0 0 0 0 0 0 0 0 0 0 0 X 0 0 0 0 0 0 0 0 0 0 0 0 0 X 0 0 0 0 X 0 0 0 0 0 0 0 0 0 X 0 0 0 0 0 0 0 X 0 X 0 0 X 0 X 0 0 0 0 0 0 0 X 0 0 0 X 0 0 0 0 X 0 0 0 0 X X 0 0 0 X 0 0 0 0 X 0 0 0 0 X 0 0 0 0 0 0 0 0 0 0 X 0 0 0 0 0 0 0 0 0 X 0 0 X 0 0 X 0 0 0 0 0 0 0 X 0 0 X 0 0 0 0 0 0 0 0 0 0 0 0 0 0 0 0 0 X 0 X 0 X X X X 0 X 0 0 0 0 0 X X X 0 0 0 0 X 0 0 0 0 0 X 0 X 0 0 0 0 0 X 0 0 0 0 0 0 0 X 0 0 X 0 0 0 0 0 0 0 0 0 0 X 0 0 X 0 0 0 0 X 0 X 0 0 0 0 0 0 0 0 0 X 0 0 0 0 0 0 0 0 0 0 0 0 X 0 0 0 0 0 X 0 0 0 0 0 0 0 0 0 0 0 0 X 0 0 0 0 0 0 X 0 0 0 0 0 0 0 0 0 0 0 0 0 0 0 0 0 0 0 X 0 0 0 0 X 0 X
X 0 X 0 0 0 0 0 X 0 X 0 X 0 0 0 0 0 0 0 0 X X 0 0 0 0 X 0 0 X X 0 0 0 0 0 0 0 0 0 0 0 0 X 0 0 X 0 0 0 0 0 X X 0 0 0 0 0 0 0 0 0 0 0 0 0 0 0 0 0 0 0 0 0 0 0 0 0 X 0 0 X X 0 X 0 0 0 X 0 0 0 0 0 0 X X 0 0 X 0 X 0 0 0 0 0 0 X 0 0 X X 0 0 0 0 X 0 0 0 0 0 0 0 0 X 0 0 0 0 0 0 0 0 0 0 0 0 X 0 X 0 0 0 X 0 0 X 0 0 X 0 0 0 0 0 X X 0 0 0 X 0 0 X 0 0 0 0 0 X 0 X 0 0 0 0 X 0 0 X X 0 0 X X 0 X 0 0 X 0 0 X X 0 0 0 0 0 0 X 0 0 X 0 X X 0 0 0 0 0 0 0 0 0 0 0 0 0 X 0 0 0 0 0 0 X 0 0 0 0 X 0 0 0 X 0 0 0 0 0 X 0 0 0 0 0 0 0 X X 0 X 0 X 0 0 0 0 0 0 X 0 0 X 0 X X 0 0 0 0 0 0 0 X 0 0 X 0 0 X 0 X 0 0 0 X 0 0 0 0 0 0 X 0 0 0 0 0 0 0 0 0 0 0 X 0 0 0 0 0 0 0 0 0 0 0 0 0 0 X 0 0 0 0 X 0 0 0 0 0 X 0 X 0 0 X 0 0 X 0 0 0 0 0 0 0 X 0 0 0 0 0 0 X 0 X 0 X 0 0 0 X X 0 0 0 0 X 0 X 0 X 0 0 0 0 0 X X X 0 0 X X X 0 0 0 X 0 0 X X
X 0 0 0 0 0 X 0 X 0 X X 0 0 X X 0 0 X 0 X 0 0 0 0 X X 0 0 0 0 0 0 X 0 0 0 0 0 X 0 X 0 0 0 0 0 0 0 X 0 X 0 0 0 0 0 0 0 0 X 0 X 0 0 0 0 0 0 0 0 X X 0 0 0 X 0 X 0 0 0 0 0 0 X X 0 X 0 0 0 0 0 0 X 0 X 0 0 0 0 0 0 X 0 0 0 0 0 0 0 0 0 0 0 0 X X 0 X 0 0 0 0 X 0 X 0 0 0 0 X 0 0 0 X 0 0 0 0 X 0 X X 0 X 0 0 0 0 0 0 0 0 X 0 0 0 0 0 0 0 0 X 0 0 0 0 0 0 0 0 0 0 X 0 0 X X 0 0 0 X 0 0 X X 0 0 0 0 0 0 X 0 0 0 0 0 0 0 X 0 X 0 0 0 0 0 0 0 X 0 X 0 0 0 0 X 0 0 X 0 0 0 0 0 X 0 X 0 0 0 0 X 0 0 0 X 0 0 0 0 X 0 0 0 0 0 X 0 0 0 0 0 0 0 0 0 X 0 X 0 0 0 0 0 0 0 0 0 0 X 0 0 X 0 0 0 0 X X 0 0 X 0 0 0 X 0 0 0 0 0 0 0 0 0 0 0 0 0 0 0 0 0 X X X 0 0 0 0 X X 0 0 0 0 0 0 0 0 0 X 0 X 0 X X 0 X 0 0 0 X 0 0 0 0 0 0 0 0 0 0 0 0 0 0 0 0 X 0 0 0 0 X 0 0 0 X 0 0 0 0 0 0 0 0 0 0 X 0 0 0 X 0 0 0 0 0 0 X 0 X 0 0 0 0 0 0 0 0 0 0 0 0 X
X X 0 0 0 X 0 0 0 0 0 0 0 0 0 X 0 0 0 0 X 0 X 0 X 0 0 0 X 0 X 0 0 0 X 0 0 0 X 0 0 0 0 X 0 0 X 0 0 0 0 0 X 0 0 X 0 0 0 0 0 X 0 0 0 0 0 0 X 0 0 0 0 0 0 X X 0 0 X 0 0 0 0 0 X 0 0 X 0 X 0 0 X 0 X 0 0 0 X X 0 0 0 X 0 0 0 0 0 X 0 0 0 0 0 0 0 X X 0 X 0 0 0 0 0 0 X 0 0 0 0 0 X 0 0 0 X X 0 0 0 0 X 0 0 X 0 0 0 0 0 0 0 0 0 0 0 X 0 0 0 X 0 0 0 0 0 0 0 0 0 0 0 X X 0 0 0 0 0 0 0 0 0 X 0 0 X 0 0 0 X 0 X 0 0 0 0 0 0 0 0 0 0 0 0 0 0 0 0 0 0 0 0 0 X 0 0 0 X X 0 0 0 0 0 0 X X 0 0 0 X 0 0 X 0 0 0 0 X 0 0 0 0 X 0 0 0 X 0 0 0 0 0 0 0 0 0 0 0 X 0 0 X 0 0 0 X 0 0 0 0 0 0 X 0 0 0 0 X X X X 0 0 0 0 0 0 0 0 X 0 0 0 X 0 0 0 0 0 0 0 0 X 0 0 0 0 0 X 0 0 X 0 X 0 0 X 0 0 0 0 0 X 0 0 X 0 0 0 0 0 0 X X 0 0 X 0 X X 0 0 X 0 X X 0 0 0 0 0 0 0 0 0 0 0 0 0 0 0 0 0 0 0 0 0 0 0 0 0 X X 0 0 X 0 0 0 0 0 0 0 0 0 0 X 0 0 0 X 0 0 0 X
X 0 X 0 X 0 0 0 X 0 0 0 0 0 0 0 0 0 0 0 0 0 0 X X X 0 X 0 0 X 0 0 0 0 0 0 0 0 0 0 0 X 0 0 X 0 0 X 0 0 0 0 X 0 X 0 0 0 0 0 0 0 0 X X 0 0 0 0 X 0 X 0 0 0 0 0 0 0 0 0 0 0 0 0 X 0 0 0 0 0 0 X 0 0 0 0 0 0 0 0 0 X 0 X 0 0 0 0 0 X 0 X 0 0 0 0 0 0 0 0 0 0 0 0 0 X 0 0 0 0 0 X 0 0 0 0 0 X X 0 0 0 X 0 X 0 X 0 0 0 0 0 0 0 X 0 0 0 0 0 0 0 0 0 X X 0 X 0 0 0 X 0 0 0 0 0 X X 0 0 0 0 0 X 0 0 0 0 X 0 0 0 X 0 0 X 0 0 X 0 0 0 0 0 0 X 0 0 0 0 0 0 0 0 X 0 0 0 0 0 0 0 X X 0 X 0 0 0 0 X 0 0 0 0 0 0 0 0 0 0 0 X 0 0 0 0 0 X 0 0 0 0 0 X X 0 X X 0 0 0 0 X X 0 0 0 0 0 0 0 0 X X X X 0 0 0 0 X 0 X 0 0 X 0 0 0 0 X X 0 0 0 0 0 X 0 0 X 0 0 0 0 X 0 0 0 0 0 0 0 X X 0 0 0 0 0 0 X 0 0 0 0 0 0 0 0 0 0 0 0 X 0 X 0 0 0 0 0 X 0 X 0 X 0 0 0 0 0 0 X 0 X X X 0 0 0 0 0 0 0 0 X 0 0 0 0 0 0 0 0 0 X X 0 X 0 0 X 0 0 X X 0 0 X 0 0 0 0 0 X
X 0 0 0 X 0 0 0 0 0 X 0 0 0 0 0 0 0 0 0 0 0 0 0 0 0 0 X 0 X 0 0 0 0 0 0 0 0 X 0 X X 0 0 X 0 0 0 0 0 0 0 0 0 0 0 0 0 0 0 0 X 0 0 0 0 0 0 X 0 0 0 0 0 0 0 X 0 0 0 0 0 0 X 0 0 0 0 0 0 0 0 0 0 X 0 0 0 0 X 0 0 0 0 X 0 X 0 X 0 0 X 0 0 0 0 0 0 0 0 0 0 0 0 X 0 X 0 0 0 0 0 0 0 0 0 X 0 X 0 0 0 0 0 X 0 X 0 0 0 0 0 X X 0 0 0 0 0 0 X 0 0 X 0 0 0 X 0 0 0 X 0 0 0 0 0 X 0 0 0 0 X X 0 0 0 0 X X 0 0 0 0 0 0 X 0 X 0 0 X X 0 0 0 0 0 0 0 0 0 X 0 0 0 0 0 0 X 0 0 0 0 X 0 0 0 0 0 0 X 0 0 0 0 0 0 0 0 X 0 0 0 0 0 0 0 0 0 X 0 0 X 0 0 0 X 0 X 0 0 0 0 0 0 0 0 0 0 0 0 0 X X 0 0 0 0 0 0 X 0 0 0 0 0 0 0 0 0 0 0 0 0 X X 0 X 0 0 0 0 0 0 0 0 0 0 0 0 X 0 0 0 0 0 0 0 0 X X 0 0 0 0 0 0 0 0 0 X 0 0 0 0 0 0 0 0 0 0 X 0 0 0 0 0 0 0 0 0 0 0 X 0 X X X 0 0 0 0 0 0 0 0 0 0 0 X X 0 0 X 0 0 0 0 0 0 0 0 0 0 X X X X 0 0 0 X X 0 0 0 0 0 X
X 0 0 0 X 0 0 0 0 0 0 0 0 0 0 0 0 0 0 0 0 0 X 0 0 0 X 0 X 0 0 0 0 0 0 0 0 X 0 X 0 0 0 0 0 0 0 0 0 0 0 X 0 X 0 0 0 X 0 0 0 0 0 0 0 0 0 0 0 0 0 0 0 0 0 0 X 0 0 0 0 0 0 0 0 0 0 0 0 X 0 0 X 0 0 0 0 0 0 0 X 0 0 X 0 0 0 X 0 0 X 0 0 0 0 0 0 0 0 0 0 0 0 0 0 0 0 0 X 0 0 0 0 X 0 0 0 0 0 0 0 0 0 X X 0 0 0 0 0 X 0 X 0 0 0 X 0 X 0 0 0 0 0 0 0 0 0 0 0 0 0 0 0 X 0 0 0 0 0 0 X 0 0 X 0 0 0 X 0 0 0 0 X 0 0 0 X 0 0 X X 0 0 0 0 0 0 0 0 0 0 0 X 0 0 0 0 0 0 0 0 X 0 0 X 0 0 0 0 0 X 0 0 0 0 0 0 0 0 0 0 X 0 0 0 X 0 0 X X X 0 0 X 0 0 0 X X X 0 0 0 0 0 0 X X 0 0 0 0 0 0 0 0 0 X 0 0 0 X 0 0 0 0 0 0 X X 0 0 0 X 0 0 0 0 0 0 0 0 0 0 0 X 0 0 0 0 0 0 0 0 0 0 0 0 0 0 0 0 0 0 0 0 0 0 0 0 0 0 0 0 0 0 0 X 0 0 X 0 0 0 0 0 X 0 X 0 0 0 0 0 0 0 0 0 0 0 0 0 X 0 0 X X 0 0 0 0 0 0 X 0 0 0 0 0 X 0 0 0 0 0 0 0 X 0 0 0 0 0 0 0 0 0 0 X
X 0 0 X 0 0 0 0 0 0 0 0 0 X 0 0 0 0 0 0 0 0 X 0 X 0 X X X 0 0 0 0 0 0 0 0 0 0 0 X X 0 0 0 0 0 0 0 0 0 0 0 X 0 0 X 0 X 0 0 X 0 0 0 0 X 0 X 0 0 0 X 0 0 0 X X 0 0 0 0 0 0 0 X 0 0 X 0 0 0 0 X 0 0 0 X 0 0 0 0 0 X 0 0 0 0 0 0 0 0 0 0 0 X X 0 0 0 0 X 0 0 X 0 X 0 0 0 X X 0 X 0 0 0 0 0 X 0 0 0 0 0 0 0 X X 0 0 0 0 0 0 0 0 X X 0 0 0 0 0 0 0 0 0 X 0 X 0 0 0 X 0 0 X 0 0 0 0 0 0 0 0 0 0 0 0 X 0 0 0 X 0 X X 0 0 X 0 0 0 X 0 0 0 0 X 0 0 0 X 0 0 0 0 0 0 0 0 0 0 0 0 0 0 X 0 0 0 0 X 0 0 0 0 0 0 0 0 0 X 0 0 0 0 0 X 0 0 0 0 0 0 0 X 0 0 0 0 0 X 0 0 0 0 0 0 0 0 0 0 0 0 0 X 0 0 0 0 0 0 0 0 0 0 0 0 0 0 0 0 0 0 X X 0 0 0 0 0 0 0 X 0 0 0 0 0 0 0 X 0 X 0 0 0 0 0 0 X 0 0 0 X X 0 X X 0 0 0 0 X X X 0 0 0 0 0 0 0 0 X 0 0 0 0 0 0 0 0 0 0 0 0 0 0 0 0 0 X 0 0 0 0 0 0 0 0 0 0 0 0 X 0 X 0 0 0 0 0 0 X 0 0 0 0 X X 0 0 0 0 0 X X
X 0 0 0 0 0 0 0 0 X 0 0 0 0 0 0 X 0 0 0 0 0 0 0 0 X 0 0 0 X 0 0 0 0 0 0 0 X X 0 0 0 0 0 0 0 0 0 X 0 0 0 0 0 0 X 0 0 0 X X 0 0 0 0 X X 0 0 0 0 0 0 0 0 0 0 0 0 0 X 0 0 X 0 0 X 0 X 0 0 0 0 0 0 0 0 0 0 0 X 0 0 0 0 0 X 0 0 0 X X 0 X X X 0 0 X 0 0 0 0 0 X X 0 0 0 0 0 X 0 0 X X X X X 0 0 0 0 X 0 0 X 0 0 0 X 0 0 0 X 0 X 0 0 0 X 0 0 0 0 0 0 0 0 0 0 0 0 0 X 0 X 0 0 X 0 0 0 0 0 0 0 X 0 0 0 0 0 0 0 0 0 0 0 0 0 0 0 0 X 0 0 0 0 0 0 0 0 0 0 0 0 0 0 0 0 0 X 0 0 0 0 0 0 X 0 0 0 0 0 0 0 0 0 0 0 0 0 0 X 0 0 0 0 X 0 0 0 0 0 0 0 X X 0 0 0 0 X 0 X 0 0 0 X X 0 0 0 X X 0 0 0 0 X X X 0 0 0 0 0 0 X 0 0 X 0 X 0 0 X 0 0 0 0 0 0 0 0 0 0 0 0 0 X 0 0 0 X 0 X 0 0 0 0 X 0 0 0 0 X 0 0 0 0 0 0 0 0 0 X 0 0 X 0 0 0 0 0 0 0 0 0 0 0 0 0 0 0 0 0 X 0 X 0 0 X 0 X 0 X 0 0 X 0 0 X 0 0 X 0 0 0 0 0 0 0 X 0 0 0 X 0 X 0 0 0 0 0 0 0 0 X
X 0 0 0 X 0 0 0 0 0 0 0 0 X 0 X X 0 0 0 0 X 0 0 0 0 0 0 0 0 0 0 X 0 0 0 0 0 X 0 X 0 0 0 0 0 0 0 0 0 0 0 X X X 0 0 0 0 0 X 0 0 0 X 0 0 X 0 0 0 X 0 0 0 0 X 0 0 X 0 0 0 0 0 0 0 0 0 X 0 0 0 X 0 0 0 X 0 0 X 0 X 0 0 X 0 0 0 0 X X 0 0 0 X 0 0 0 0 0 0 0 0 0 X 0 0 X 0 0 0 0 0 0 0 0 0 X 0 0 0 X 0 X 0 0 0 0 0 X 0 X X 0 0 0 0 0 0 X 0 0 0 0 0 0 0 0 0 0 X X 0 0 0 0 X 0 0 0 0 0 X 0 0 X 0 0 0 0 0 X X 0 0 0 0 X 0 0 0 0 X X 0 0 X 0 0 X 0 0 X 0 X 0 X X 0 0 0 0 0 X 0 X 0 0 0 0 0 0 X 0 0 0 X 0 X 0 0 X 0 X 0 0 X 0 X 0 0 X 0 0 X 0 0 0 X 0 0 0 0 0 0 0 0 X 0 0 0 0 0 0 0 0 0 0 0 0 X 0 0 X 0 0 0 0 0 0 0 0 0 X 0 0 0 0 0 0 0 X 0 X 0 0 0 0 0 0 0 0 0 0 0 0 0 0 X X 0 0 0 0 0 X 0 X X 0 0 X 0 0 0 0 0 0 0 X 0 0 0 0 0 0 0 X 0 0 0 X 0 0 0 0 0 X 0 0 0 X 0 0 0 X 0 X 0 0 0 X 0 X 0 0 0 0 0 0 0 0 0 0 X 0 X 0 0 0 0 0 0 0 0 X X 0 X
X X 0 0 0 0 0 0 0 0 0 0 0 0 0 0 0 0 0 0 0 0 0 0 0 0 0 0 0 0 0 0 0 0 0 0 0 0 X X 0 0 0 X 0 X 0 0 0 0 0 0 0 0 0 X 0 0 0 X 0 0 X X X X 0 0 0 X X 0 0 X 0 X 0 0 0 0 0 0 X 0 0 0 0 0 0 0 0 0 0 0 0 0 0 X 0 0 0 X 0 X X X 0 X 0 0 0 0 0 0 0 0 0 0 0 0 0 X 0 0 0 0 X X 0 0 0 0 0 0 0 0 0 0 0 0 0 0 0 0 X 0 X 0 0 0 0 0 0 X 0 0 0 0 0 0 0 0 X 0 0 0 X 0 0 0 X X 0 0 0 0 0 X 0 X X X X 0 0 0 0 0 0 0 0 0 0 0 0 0 0 X X 0 X 0 0 0 0 0 X 0 0 0 X 0 X 0 X 0 0 X X 0 0 0 0 0 0 0 0 0 0 0 0 0 X 0 0 0 0 0 0 0 0 0 0 0 0 0 0 0 0 0 0 0 0 0 0 0 0 0 0 X 0 X 0 0 0 X 0 X 0 0 0 0 0 0 0 0 0 0 0 X 0 X 0 0 0 0 0 0 0 0 0 0 0 X 0 X 0 0 0 0 0 0 X 0 X 0 X 0 0 0 X 0 X X X 0 0 0 0 0 0 0 0 0 X 0 0 X 0 0 X 0 0 0 X 0 0 0 0 0 0 0 0 0 0 X 0 0 0 0 0 0 X 0 0 0 0 0 0 0 0 0 X 0 X X 0 0 0 0 0 0 0 X 0 0 0 0 0 0 0 0 0 0 0 0 0 X 0 0 0 0 0 0 0 0 0 0 0 X
X 0 0 0 0 0 0 0 0 0 X X 0 0 X X 0 0 0 0 0 0 X 0 0 0 0 0 0 0 0 0 0 0 0 0 0 0 X X 0 0 X 0 X 0 0 0 X 0 X X 0 0 X 0 X X 0 0 0 0 0 0 0 0 0 0 0 X 0 0 X 0 0 0 0 0 0 0 0 0 0 0 0 0 0 X 0 0 X X 0 0 0 0 0 0 0 0 0 0 0 X 0 0 0 X 0 0 0 0 0 0 0 0 X 0 0 0 0 X X 0 0 0 0 0 0 X 0 X 0 0 0 X 0 0 0 0 X 0 0 0 0 0 0 0 0 0 0 0 0 0 0 X 0 0 0 0 0 0 X 0 0 0 0 0 X 0 0 0 X 0 0 0 0 0 X 0 0 X 0 0 0 0 0 0 0 0 0 0 0 0 0 0 0 0 0 0 0 0 X 0 0 0 0 0 0 X 0 X X 0 0 X X 0 0 0 0 X X 0 X X 0 0 X 0 X X 0 0 0 X X 0 0 0 X X 0 X X 0 0 0 0 X 0 0 0 0 0 0 0 0 X 0 0 0 0 0 X 0 0 0 X 0 0 0 0 0 0 0 X X 0 X X X 0 0 0 X 0 0 0 0 X X 0 0 0 0 X 0 X X 0 0 X 0 0 0 0 0 0 0 0 0 0 0 0 0 0 0 X 0 X 0 0 0 0 0 0 X 0 0 0 X X 0 X X 0 0 X 0 0 0 0 0 0 X 0 0 X 0 0 0 0 X 0 0 0 X X X 0 0 0 0 0 0 0 0 0 0 0 0 0 0 X 0 0 0 0 X 0 0 0 0 X X 0 0 0 0 0 0 0 0 0 0 X 0 0 X
X 0 X X 0 0 X 0 0 0 X 0 0 0 0 X 0 X 0 0 X X X X X 0 0 0 0 0 0 0 X 0 0 0 0 0 0 0 0 0 0 X 0 0 0 0 0 0 0 0 X 0 0 X 0 0 X 0 0 0 0 X 0 0 0 0 0 X 0 0 0 X 0 0 0 0 0 0 0 0 0 0 0 X X 0 0 0 0 0 0 0 0 0 0 0 X 0 0 0 0 0 0 0 X X 0 0 0 0 0 0 0 0 0 0 0 0 0 0 0 0 0 0 0 0 0 X 0 X 0 0 X 0 X 0 0 X 0 0 0 0 0 0 0 0 0 0 0 0 0 0 0 0 0 X X 0 0 0 0 0 0 0 0 X 0 0 0 0 0 0 0 0 0 0 0 0 0 0 0 X 0 0 0 0 0 0 0 0 0 0 0 0 0 X 0 X 0 X 0 0 0 0 0 0 0 0 X 0 0 0 0 0 0 0 0 0 X 0 0 0 0 0 X 0 0 0 0 X 0 0 0 0 X 0 X 0 X X 0 0 X 0 0 0 0 X 0 0 0 X 0 0 X 0 0 0 0 X 0 X X 0 X 0 0 0 X X X 0 0 0 0 0 0 0 0 X 0 0 0 0 0 0 X 0 X 0 0 0 X 0 0 0 0 X 0 0 X 0 0 0 0 0 0 0 0 0 0 0 X X 0 0 0 0 0 0 0 0 0 X 0 0 0 0 0 0 0 0 X 0 0 X 0 0 0 0 0 0 0 0 0 0 0 0 X 0 0 X 0 0 0 0 X 0 0 0 0 0 0 X 0 0 0 0 0 0 0 X 0 0 0 0 0 X 0 X 0 0 0 0 0 0 0 0 0 0 0 0 0 0 0 0 0 X
X X X 0 0 0 0 0 0 0 0 0 X 0 0 0 0 0 0 0 0 X 0 0 X X 0 0 0 0 X 0 0 0 X 0 0 X 0 0 X 0 0 0 0 0 X 0 0 X 0 X 0 0 0 X 0 0 0 0 0 X 0 0 0 0 0 0 0 0 X 0 X 0 0 0 X 0 0 0 0 0 0 0 0 0 0 0 0 0 0 X 0 0 0 X 0 0 X 0 X 0 0 0 0 X X 0 0 0 0 0 X 0 0 0 0 0 X 0 0 0 0 0 0 0 X 0 0 0 0 0 0 0 0 0 0 0 0 0 0 0 0 0 X 0 0 0 0 0 0 X 0 0 0 0 X 0 0 0 0 0 0 X X 0 0 0 X 0 X X 0 X 0 X 0 X 0 0 X 0 0 0 0 0 X 0 X X 0 X 0 0 0 0 0 0 0 0 X 0 0 0 0 0 0 0 X 0 0 0 0 0 X 0 0 0 0 0 0 0 0 0 0 0 0 0 0 0 0 0 0 0 0 0 0 X 0 0 X 0 X 0 X X X 0 0 0 0 X X 0 0 0 X 0 0 0 0 0 0 0 0 0 0 0 0 X 0 X 0 0 0 X 0 0 0 0 X X 0 0 0 0 X 0 0 0 0 0 X 0 0 X 0 0 0 X 0 X 0 X 0 X 0 0 X X 0 0 0 0 0 0 0 0 0 0 X 0 X 0 0 0 0 0 0 0 0 X X 0 0 X 0 0 0 X X 0 0 0 0 0 X 0 0 0 0 0 0 0 0 X 0 0 0 X 0 0 0 0 0 0 0 0 X 0 X 0 0 0 0 0 0 X 0 0 0 0 0 0 0 X 0 0 0 0 0 X X 0 0 X 0 0 0 X
X 0 0 0 0 0 0 0 0 0 0 X X X 0 0 0 0 0 0 0 0 0 X 0 0 0 X 0 0 0 0 0 0 0 X 0 0 0 0 0 0 0 X 0 0 0 0 X 0 X 0 0 0 0 0 0 0 X 0 0 0 X 0 0 0 0 0 0 0 0 0 0 0 0 X 0 0 0 0 0 0 X 0 0 0 0 X 0 0 0 0 0 0 X 0 0 0 0 0 0 X 0 X 0 0 0 0 X X 0 0 0 X 0 0 0 0 X X 0 0 X 0 0 0 X X 0 0 X X 0 0 0 0 X 0 0 X 0 0 0 0 0 0 0 0 0 0 0 0 X 0 0 0 0 0 X 0 0 0 0 0 0 0 0 0 0 0 0 X X 0 0 X X 0 X 0 0 0 X 0 0 0 0 0 0 0 0 0 0 X 0 0 0 0 0 0 0 X 0 0 X 0 0 0 0 0 0 0 0 0 0 0 0 0 0 0 0 X 0 0 X X X 0 0 X 0 X 0 0 0 0 X 0 0 0 0 0 0 0 0 0 0 0 X 0 0 0 0 0 0 0 0 0 X X 0 0 0 0 0 X 0 0 0 0 0 0 0 X 0 0 X X 0 0 X 0 X 0 0 X 0 0 0 0 0 X 0 0 0 0 0 0 0 0 0 0 X 0 0 X 0 0 0 0 0 0 0 0 0 0 0 0 0 0 0 0 X 0 X 0 0 0 0 0 0 X 0 0 0 0 X 0 0 X 0 X X 0 0 0 0 0 0 0 0 0 X 0 0 0 0 0 0 0 0 0 0 0 0 X 0 X 0 0 0 0 0 0 0 X 0 X 0 X X 0 0 0 0 X 0 0 0 X 0 0 X 0 0 0 0 0 0 X
X 0 0 0 0 0 0 0 X 0 0 0 0 0 0 0 0 0 X 0 X 0 X 0 0 0 0 0 0 0 X 0 0 0 0 X 0 0 0 X 0 X 0 X 0 0 0 0 0 0 X 0 0 0 0 0 0 X 0 0 0 X 0 0 0 0 0 0 X 0 0 0 0 0 0 0 X X 0 0 0 0 X 0 X X 0 0 0 0 0 0 0 0 0 X X X X 0 0 0 0 0 0 0 0 0 0 0 0 0 0 0 0 0 0 0 0 0 0 0 0 0 0 0 0 0 0 0 0 0 0 0 0 0 X X 0 0 0 0 0 0 X 0 0 X 0 0 0 X 0 0 X 0 0 0 X 0 X X 0 0 0 0 0 0 0 0 0 0 0 0 0 0 0 0 X X 0 X 0 0 0 X 0 0 0 0 0 X 0 0 0 0 0 0 0 0 0 0 0 X 0 0 0 0 0 0 0 0 0 0 X 0 0 0 X 0 0 0 0 0 0 0 0 0 0 0 0 0 0 0 0 0 0 X 0 0 0 0 0 0 0 0 0 0 0 0 0 0 0 0 0 0 X 0 0 X 0 X 0 0 0 0 0 0 0 0 0 0 0 0 0 0 0 0 X 0 0 0 0 X X 0 0 0 0 X 0 0 X X 0 0 0 0 0 0 0 X 0 0 X 0 X 0 0 0 0 0 0 0 0 X X 0 0 X X X X 0 0 0 0 0 0 0 0 0 0 0 0 0 0 0 0 X 0 0 0 0 0 X X 0 0 0 0 0 0 0 0 0 0 X 0 X 0 X 0 0 0 0 0 0 0 0 0 0 0 0 0 0 0 0 0 0 0 0 X X 0 0 0 0 0 0 0 0 0 0 0 X X X 0 X
X 0 0 0 X 0 0 0 X 0 0 0 0 0 0 0 0 0 0 0 0 0 0 0 0 0 X 0 X 0 0 X 0 0 0 0 0 0 0 X 0 0 0 X X 0 0 0 0 0 0 X 0 X 0 0 0 X 0 0 X 0 0 0 0 0 0 0 0 X X 0 0 0 0 0 0 0 X 0 X X 0 0 0 0 0 0 0 X 0 0 0 X X 0 0 X 0 0 0 0 X 0 0 X 0 0 0 0 0 X X 0 0 0 0 0 0 0 0 0 0 X 0 0 X 0 0 0 0 0 X 0 X 0 X 0 0 X X 0 X 0 0 0 X 0 0 0 0 X 0 X X 0 0 0 X 0 X 0 X 0 X 0 X 0 0 X 0 X 0 0 0 0 0 0 0 0 0 0 0 0 0 X 0 0 0 0 X 0 0 0 0 0 0 X 0 0 0 0 0 0 0 0 0 0 0 0 0 0 0 X 0 X 0 0 0 0 0 X 0 X 0 0 0 X X 0 0 0 0 0 0 0 0 0 0 0 0 0 0 0 0 X 0 0 0 0 0 0 0 0 0 0 X 0 0 0 0 0 0 0 0 X 0 0 0 0 0 0 0 0 0 0 0 0 0 0 0 0 0 0 0 0 0 0 0 0 X 0 X X 0 0 0 0 0 0 0 0 X 0 0 0 X 0 0 0 0 0 0 0 0 0 0 0 0 0 0 0 0 0 X X 0 0 X 0 0 0 0 0 0 X 0 0 X 0 X 0 0 0 X 0 0 0 0 X 0 0 0 0 0 X 0 X 0 0 0 0 X 0 0 0 0 0 0 0 0 0 0 0 X 0 X 0 X 0 0 0 X 0 X 0 0 0 X X 0 X 0 0 0 X 0 0 0 X
X X X 0 0 0 0 0 0 0 0 0 0 X X 0 0 0 0 0 0 X X X 0 0 0 0 X 0 0 0 0 0 0 0 0 0 0 0 X 0 0 0 0 0 X 0 0 0 0 0 0 0 0 0 0 X X 0 0 0 0 0 0 0 0 0 0 0 0 X 0 0 0 0 0 X 0 0 0 0 X 0 0 0 0 0 0 0 0 0 0 X 0 0 0 X 0 X 0 0 X 0 0 0 X 0 0 0 0 X 0 0 0 X 0 0 0 0 0 X 0 0 0 0 0 0 0 0 0 X 0 0 0 X 0 X 0 0 0 X 0 0 X 0 0 0 0 0 0 0 0 0 0 0 X 0 0 0 0 0 0 X 0 X X X 0 0 0 0 X 0 X 0 0 0 X X 0 0 0 0 0 0 0 0 X 0 0 0 0 0 0 0 0 0 0 0 0 0 0 0 X X 0 0 X X 0 X 0 0 0 0 0 0 0 0 0 0 0 0 0 X 0 0 0 0 0 0 0 0 0 0 0 0 0 0 0 X 0 0 X 0 0 X 0 0 X X X X 0 0 0 X X X 0 0 X 0 0 0 0 X 0 0 0 0 0 0 0 0 0 0 X X 0 0 0 0 X 0 0 0 0 0 0 0 0 0 0 0 0 0 0 0 0 0 0 0 0 0 0 0 0 0 0 0 0 0 0 X X 0 0 0 0 X 0 0 X 0 0 0 0 0 0 X 0 0 X 0 0 0 0 0 0 0 0 0 X 0 0 0 0 0 0 0 X 0 X 0 0 0 0 0 0 0 0 X 0 0 0 X 0 X 0 0 0 X 0 X 0 0 0 0 0 X 0 0 0 0 0 0 0 0 X X 0 0 X 0 0 0 0 X
X 0 X 0 0 0 0 X 0 0 0 0 0 0 0 0 0 X 0 0 0 0 X X 0 X 0 X 0 0 0 X X 0 0 0 0 X 0 0 X 0 X 0 X 0 0 0 0 0 X X 0 0 0 0 0 0 0 0 0 0 X 0 0 0 0 0 0 0 0 0 0 X 0 0 0 0 0 0 X 0 0 0 0 X X 0 0 X 0 0 0 0 X X 0 X 0 0 0 0 0 0 0 0 0 0 0 0 0 0 X 0 0 0 0 0 0 0 0 X X 0 X 0 0 0 0 0 X 0 0 0 0 0 0 0 0 0 X 0 X 0 0 0 0 0 0 0 0 0 0 0 X 0 0 0 0 0 0 0 0 0 X 0 0 X 0 X 0 0 0 X X 0 X 0 0 0 0 0 0 0 0 X 0 X 0 0 0 X X 0 0 0 0 X 0 0 X 0 0 0 0 0 X 0 0 X 0 0 0 0 0 0 0 0 0 0 X 0 0 0 0 0 0 0 0 0 X 0 X 0 0 0 0 0 0 0 0 0 0 0 0 X X 0 0 0 0 X 0 0 0 0 X X 0 0 X 0 0 X 0 0 X X 0 0 0 0 0 0 0 0 0 0 X X X 0 0 0 X X 0 0 X 0 X 0 X X X 0 X 0 0 0 0 0 0 X 0 0 0 0 0 0 0 0 0 0 0 0 X 0 X 0 0 X 0 0 0 X 0 0 X 0 X 0 0 0 0 0 0 0 0 X 0 0 X 0 0 0 0 0 0 0 0 X 0 0 0 0 0 X 0 0 0 0 0 X 0 0 0 0 0 X 0 0 0 0 0 0 0 0 X 0 0 0 0 0 0 0 0 0 X 0 X 0 0 X 0 0 0 0 0 X
X 0 0 0 0 X 0 0 0 0 X 0 0 0 X 0 0 0 0 0 0 0 0 0 0 0 X X 0 0 X X 0 0 0 0 X 0 X 0 0 0 0 0 X 0 0 0 0 X X 0 0 X 0 0 0 X 0 X 0 0 0 0 0 0 0 X 0 X 0 X 0 0 0 0 0 0 X 0 0 0 0 0 0 0 X X 0 0 0 0 0 0 0 0 0 0 X 0 0 0 0 0 0 0 0 0 0 0 0 0 0 0 0 0 0 0 0 0 0 0 X 0 0 0 0 0 0 0 0 X 0 0 X 0 0 X 0 0 0 0 0 0 X 0 0 0 0 X 0 0 X 0 0 0 0 0 0 0 0 0 0 0 0 0 0 0 0 0 0 X 0 0 0 X 0 0 X 0 0 0 0 0 0 0 0 0 0 0 0 X X 0 0 0 0 0 0 X X 0 X 0 0 0 0 0 X 0 0 0 X 0 0 X 0 0 X X 0 0 X X 0 0 0 0 0 X 0 0 0 0 0 X 0 0 0 X X 0 0 0 0 0 X 0 0 0 0 0 X 0 X 0 0 0 0 0 X 0 0 X X 0 X 0 0 X X 0 0 0 0 0 0 0 0 X 0 0 0 0 0 0 0 0 0 0 X 0 0 0 0 0 0 0 0 0 0 0 0 0 X X 0 0 0 0 X 0 0 X X 0 0 0 0 0 0 0 0 0 0 0 0 0 0 0 0 0 0 0 0 0 0 X 0 0 0 0 0 0 0 0 0 X 0 X 0 0 0 0 0 0 0 0 0 0 X 0 0 0 0 0 0 0 X 0 X X X 0 X 0 0 0 X 0 X X 0 X X 0 0 0 0 X X 0 0 0 0 0 0 0 0 X
X 0 0 X 0 0 0 X X X 0 0 0 0 0 0 0 X 0 0 0 0 X X X X 0 0 X 0 0 0 0 0 0 X X X 0 0 0 0 X 0 0 0 0 0 0 0 0 0 0 X 0 0 X 0 X 0 0 0 X 0 0 0 0 0 0 0 0 0 0 0 0 0 0 X 0 0 X 0 0 X X X 0 X 0 X 0 0 0 0 0 0 0 0 X 0 0 X 0 0 0 0 0 0 X 0 0 0 0 X 0 0 0 0 X 0 0 0 X X 0 0 0 X 0 0 0 0 0 0 0 X 0 0 X 0 0 0 X 0 0 0 0 X 0 0 X 0 0 0 0 X 0 0 0 0 0 X 0 X 0 0 0 0 0 0 X 0 0 0 0 0 0 X X X 0 X 0 0 0 0 0 0 0 0 0 0 0 X 0 0 0 X 0 0 X X 0 X 0 0 0 0 X 0 0 0 X X X 0 X 0 X X 0 0 0 0 0 0 X 0 X 0 0 0 X 0 0 0 0 0 0 0 0 0 0 0 0 0 0 0 0 0 0 0 0 0 0 0 0 0 0 0 0 0 0 0 0 0 0 0 X 0 0 0 0 0 0 0 0 0 0 X 0 0 0 0 0 0 0 X 0 0 X 0 0 0 0 0 0 0 0 X 0 X 0 X 0 X 0 X 0 0 0 X X 0 0 0 X 0 0 0 0 0 0 X 0 0 0 0 0 X 0 0 X 0 X 0 0 0 X 0 0 0 0 0 0 0 0 0 0 0 0 0 0 0 X 0 0 0 0 0 0 0 0 0 0 0 0 0 0 0 X 0 0 0 0 0 0 X X X 0 0 0 0 0 0 0 0 0 X 0 0 0 0 0 0 X X X X
X 0 0 X 0 X 0 X 0 X 0 0 0 X 0 0 X 0 0 0 0 0 0 0 0 0 0 0 0 0 0 0 0 X 0 0 0 X 0 0 0 X 0 0 0 0 X X 0 0 0 0 X 0 0 0 0 0 0 0 0 X 0 0 0 0 X 0 X 0 X 0 0 0 X 0 0 0 0 X X X X X 0 X 0 0 X 0 0 0 0 0 X 0 0 X X 0 0 0 0 X 0 0 0 0 X 0 0 0 0 X 0 0 0 X X 0 0 0 0 X 0 0 0 X 0 X 0 0 0 0 0 0 0 X 0 0 X 0 0 0 0 0 0 0 0 0 0 0 0 0 0 0 X 0 0 0 0 0 X 0 0 0 0 0 0 0 0 0 0 0 0 0 0 0 0 0 0 0 X 0 0 0 0 X 0 0 0 0 0 X X 0 0 0 0 0 0 0 X 0 0 X X 0 0 0 0 0 0 0 0 0 0 0 0 X X 0 X 0 0 0 0 0 0 X 0 X 0 0 0 0 X X 0 0 0 0 0 0 0 0 0 0 X X 0 0 0 X 0 0 0 0 0 0 0 X 0 0 0 X 0 0 0 0 0 X 0 0 0 0 0 0 X 0 X 0 0 0 X 0 0 0 0 0 0 0 X 0 0 0 0 0 0 0 0 0 0 0 X 0 0 X 0 0 X 0 0 0 0 X 0 X X 0 0 X X 0 0 0 0 X X 0 0 0 X 0 0 0 0 0 0 0 0 0 0 X 0 0 0 0 X 0 X 0 0 0 0 X X X 0 0 0 X 0 X 0 0 X 0 0 0 0 0 X 0 0 0 0 X 0 0 0 X 0 0 0 0 X 0 0 0 X 0 0 0 X X 0 0 0 X
X X 0 0 0 0 0 0 0 0 X 0 0 0 0 0 0 X 0 0 0 X X X X X 0 X 0 0 X X 0 X 0 X 0 X 0 0 X 0 0 0 0 0 0 0 X 0 0 0 0 0 0 0 X X 0 0 0 0 0 X 0 0 0 0 0 0 0 0 0 0 0 0 0 X X 0 X 0 0 0 0 0 0 0 0 0 0 0 0 X 0 0 X X 0 X 0 X 0 0 0 0 0 0 0 0 0 0 0 0 0 X 0 X 0 0 0 0 0 X X 0 0 0 0 0 X 0 0 0 0 0 0 0 0 X 0 0 0 0 0 0 0 0 0 0 0 0 0 0 X 0 X 0 0 0 X X 0 0 0 0 0 0 0 0 0 0 0 0 0 0 0 X 0 X 0 0 0 0 0 0 X 0 0 0 0 X 0 X 0 0 X 0 X 0 X 0 X X 0 0 0 0 0 0 0 0 0 0 0 0 0 0 X 0 0 0 0 0 0 0 0 0 0 0 0 0 0 X X 0 0 0 0 0 0 X 0 0 0 X X 0 0 X 0 0 0 0 0 0 0 X 0 0 0 0 X 0 0 0 0 0 0 0 0 0 0 0 0 0 0 0 X 0 0 0 0 0 0 0 0 0 0 0 0 0 X 0 0 0 0 X 0 0 0 0 0 X X 0 0 X 0 0 0 0 0 0 0 X 0 0 0 0 0 X 0 0 0 0 0 0 0 0 0 0 0 0 0 0 X 0 0 0 X X X 0 X 0 0 0 0 0 X 0 0 0 0 0 X 0 0 0 0 X 0 0 0 0 0 0 0 0 0 0 0 0 X 0 0 0 0 0 0 0 0 0 0 X 0 0 X 0 0 0 X 0 0 X X 0 0 X
X 0 0 X X 0 X X 0 0 0 0 0 0 0 0 0 0 0 0 0 0 0 0 0 X 0 0 0 0 0 0 0 0 X 0 0 0 X 0 0 0 0 0 0 0 X 0 0 0 0 0 0 X X 0 X 0 0 0 0 0 0 0 X 0 0 X 0 0 0 0 0 0 0 0 X 0 0 0 0 0 0 0 0 0 0 X 0 0 0 0 0 0 0 X 0 0 0 0 0 X 0 0 0 0 0 0 0 0 X 0 0 0 0 0 0 0 0 0 0 0 0 X 0 0 0 0 0 X 0 0 0 0 X X X 0 0 0 X 0 X X X 0 0 X 0 X 0 0 0 X 0 0 X X 0 0 0 0 0 0 0 X 0 0 0 0 0 0 0 0 0 0 0 0 0 0 0 0 0 0 0 X 0 X 0 0 X X 0 X 0 0 0 0 0 0 X X 0 0 0 X 0 0 0 X X 0 X 0 X 0 0 0 0 X 0 X 0 0 X 0 0 0 0 X 0 0 0 0 0 0 0 0 0 X 0 0 X 0 0 0 0 0 0 X 0 0 0 0 0 0 X 0 X 0 0 0 0 X 0 X X X 0 0 X 0 0 0 0 0 0 0 0 0 0 0 0 0 0 0 0 0 0 X X 0 0 X X 0 0 X 0 X X 0 0 0 0 X 0 0 0 0 0 0 0 0 0 0 0 0 0 0 0 0 X 0 X 0 X 0 X 0 X 0 0 0 0 0 0 X 0 0 0 0 0 0 0 X 0 X X 0 0 0 X X 0 0 0 0 0 0 0 X X X 0 0 X 0 0 X X 0 0 0 0 X 0 0 0 X 0 0 0 0 0 0 0 X X 0 X 0 0 0 0 0 0 0 X X
X 0 0 0 0 0 X X 0 0 X 0 0 0 0 X 0 0 X 0 0 0 X 0 0 X 0 0 0 0 0 0 X X X 0 0 0 0 0 0 0 0 X 0 X 0 X X 0 0 0 0 0 0 0 X 0 0 0 0 0 X 0 0 0 0 0 0 0 0 X X 0 0 X 0 0 0 0 0 0 X 0 0 0 0 0 0 0 0 X 0 0 0 0 0 0 0 0 0 0 0 X X X 0 0 0 0 0 X 0 0 0 0 X X 0 X X 0 0 0 0 0 0 X 0 0 X 0 0 0 0 0 0 0 0 0 0 0 0 0 0 0 0 X X X 0 0 X 0 0 0 0 0 0 0 X 0 0 0 X 0 X 0 X X 0 X 0 0 0 0 0 0 X 0 0 0 0 0 0 0 0 0 0 0 0 0 0 0 X 0 X X 0 0 0 0 0 X 0 0 0 X 0 0 X 0 0 X 0 X 0 0 0 X 0 0 0 X 0 0 0 0 0 0 0 0 0 X 0 X X X 0 0 X 0 X 0 X 0 0 0 0 0 X 0 X 0 X 0 X X 0 X X X X 0 0 X 0 0 0 0 X 0 0 X 0 0 0 0 0 0 0 X 0 0 0 0 0 X 0 0 0 X 0 0 0 0 X X 0 0 0 X 0 0 0 0 0 X 0 0 0 0 0 0 X 0 0 X 0 0 0 0 0 0 0 0 0 0 X X 0 X 0 0 0 X 0 0 0 0 0 0 0 0 X 0 0 0 0 X 0 X 0 0 0 0 X 0 0 0 0 0 0 0 0 0 0 X 0 0 0 0 X 0 0 0 0 0 0 0 0 0 0 X 0 0 0 X 0 0 0 0 0 X 0 X 0 X 0 X
X 0 0 0 0 0 0 0 0 0 0 0 X 0 X 0 0 0 0 0 0 0 0 X 0 0 X X 0 0 X 0 0 0 0 X 0 0 0 0 0 0 X X 0 0 0 0 0 0 0 0 X X X 0 0 0 0 0 0 0 0 0 0 0 0 0 0 0 X 0 X 0 0 0 0 0 X 0 0 X 0 0 0 0 0 0 0 X 0 0 X 0 0 0 X 0 0 X 0 0 0 0 0 0 X 0 0 0 0 0 0 0 0 0 0 0 0 0 0 0 0 0 0 X 0 0 X X X X 0 X 0 0 0 0 0 X 0 0 0 0 0 0 0 X 0 0 0 X 0 0 0 0 0 0 0 0 0 0 0 0 0 0 X 0 0 0 0 X 0 0 0 0 X 0 0 0 0 X 0 0 0 0 X 0 0 X 0 0 X X X X 0 0 X 0 X X 0 0 0 0 0 0 0 X X 0 0 X 0 0 0 0 0 0 0 0 0 0 0 0 X 0 X 0 0 0 0 X 0 X X 0 0 X 0 0 0 0 0 0 0 0 0 0 X 0 0 X 0 0 0 0 0 X X 0 0 0 0 0 0 0 0 0 X X X X 0 0 0 0 0 0 0 0 0 0 X 0 0 0 X 0 0 X 0 X 0 0 0 X 0 0 X 0 X 0 0 0 0 0 X X 0 0 X 0 0 X 0 0 0 X 0 X 0 0 0 0 X 0 0 0 X 0 0 0 X 0 0 0 0 0 X 0 X X X 0 0 0 0 0 0 0 0 0 0 0 X 0 X 0 X 0 0 0 0 0 0 0 0 0 X 0 0 0 X 0 0 X 0 0 X 0 X X 0 X 0 0 0 X 0 0 0 X 0 0 X 0 X X
X 0 X X 0 0 X X X 0 0 0 0 0 0 0 0 0 X 0 0 0 0 0 X 0 0 0 0 X 0 0 0 X 0 0 0 0 0 0 0 X 0 0 0 0 0 0 X 0 0 0 0 0 0 X 0 0 0 0 0 X 0 0 0 0 0 X 0 X 0 0 0 X 0 X 0 0 0 0 0 X 0 0 X 0 X 0 0 X 0 0 0 0 0 0 X 0 0 X 0 0 0 0 0 0 0 0 0 X 0 0 X 0 X 0 0 0 0 0 X 0 X 0 0 0 0 0 0 X 0 X 0 X 0 0 0 0 0 0 0 0 0 0 0 0 0 X 0 0 0 0 0 X X 0 X 0 0 0 0 0 0 0 0 0 0 0 0 X 0 X 0 X 0 X 0 0 X 0 X 0 0 0 X 0 0 0 0 0 X 0 0 0 0 0 0 0 0 0 0 0 0 0 X 0 X 0 0 X X X 0 0 0 0 0 0 0 0 0 0 X X 0 0 0 X X 0 X 0 0 0 0 0 0 0 0 0 X 0 0 0 0 0 X 0 0 0 X 0 0 X 0 0 0 0 X 0 0 0 0 0 0 0 0 X 0 0 0 0 0 0 0 0 0 X 0 0 0 0 0 0 X 0 X 0 0 X 0 0 0 0 0 0 0 0 0 0 0 X 0 0 X 0 0 0 0 0 0 0 0 0 X 0 0 0 0 0 0 0 0 0 0 X 0 X 0 0 0 0 0 0 0 0 0 0 0 X 0 0 0 0 0 0 0 0 0 0 0 0 0 X 0 0 0 0 0 0 0 X 0 0 X 0 0 0 0 0 0 0 0 X 0 0 0 X X 0 0 0 0 X X 0 0 0 0 0 0 0 X X 0 0 0 0 0 X
X X 0 0 0 X 0 0 0 0 0 0 0 X 0 0 0 0 0 X 0 0 0 0 0 0 0 0 0 0 0 0 0 X 0 0 0 0 0 0 0 0 0 0 0 X 0 0 0 0 0 X 0 X 0 0 0 0 0 0 X 0 0 0 0 0 0 0 0 X 0 X X X 0 0 0 0 0 0 0 0 0 X 0 0 0 0 0 0 0 0 0 0 X 0 0 0 0 0 X 0 0 0 0 0 X X 0 0 0 0 0 X 0 0 X 0 0 0 0 0 0 0 0 0 0 0 0 0 0 X 0 0 0 0 0 0 0 0 X X 0 0 0 0 0 0 0 0 0 0 0 X X 0 X 0 X 0 0 0 X 0 0 X 0 0 0 0 X 0 X X 0 0 X X 0 X X 0 0 X 0 0 0 0 X 0 X X 0 0 0 0 0 0 X 0 0 0 0 0 0 X 0 0 X 0 0 0 0 X 0 0 0 0 0 0 0 X 0 0 X 0 X 0 0 0 0 X 0 X 0 0 0 0 X 0 0 0 0 0 0 X X 0 0 0 0 0 0 0 0 0 0 0 0 0 0 0 0 0 0 0 0 0 0 0 0 0 0 X 0 0 0 0 0 X 0 0 0 0 0 0 0 X X 0 0 0 0 0 0 X X X 0 X X 0 0 0 0 0 0 0 X X 0 0 0 0 X 0 0 0 X 0 0 0 0 0 0 0 0 0 0 0 0 0 X 0 X 0 0 X 0 0 0 0 0 0 0 0 0 X 0 0 X 0 0 X 0 X 0 0 0 0 0 0 0 0 0 0 X X 0 0 0 0 X X 0 0 0 X 0 0 0 0 0 0 0 X X 0 0 X 0 0 0 0 0 0 0 0 X X
X 0 0 0 0 0 X 0 0 0 0 0 0 X 0 0 0 0 X 0 0 0 X 0 0 0 0 0 0 0 0 0 0 X X 0 0 0 X 0 0 0 0 X 0 0 0 X 0 0 0 0 X 0 0 0 0 0 0 0 0 0 0 0 0 0 X 0 0 X 0 0 0 0 0 X X 0 0 X 0 X 0 0 0 0 0 0 0 0 0 X 0 0 X 0 0 0 X 0 0 0 0 0 0 X 0 0 0 0 0 0 0 X 0 0 0 0 0 0 0 0 0 X X 0 0 X X X 0 X 0 X 0 0 0 0 0 X 0 0 0 0 0 0 0 0 0 0 0 0 X 0 X 0 0 0 X 0 0 0 0 0 0 0 0 0 0 X 0 0 0 0 0 X 0 0 X 0 0 X 0 X 0 0 0 X X 0 0 0 0 0 0 0 0 X 0 0 0 0 0 0 0 0 0 0 0 0 0 0 0 0 0 0 X X 0 0 0 X 0 0 0 X 0 0 0 0 0 0 X 0 0 X X 0 X 0 0 0 0 0 X 0 0 0 X 0 X 0 0 0 X 0 X 0 0 0 0 X 0 0 0 X 0 0 0 X 0 X X 0 0 0 0 0 0 0 0 X 0 0 X 0 0 0 0 X X 0 0 0 0 0 0 0 0 0 0 0 0 X X 0 0 X 0 0 0 0 X X 0 0 0 X 0 0 0 0 0 0 0 0 0 0 0 0 0 X 0 0 0 0 0 0 0 0 0 0 0 0 0 0 X 0 X 0 0 X 0 0 0 0 0 0 0 0 0 0 0 0 0 0 0 0 0 0 0 0 0 0 0 X 0 0 0 0 0 X X 0 X X 0 X 0 0 X 0 0 0 0 0 0 X 0 X
X 0 0 0 0 0 0 0 0 0 0 X 0 0 0 0 0 0 0 0 0 0 0 0 0 0 0 0 0 0 0 X X 0 X X 0 0 X X X 0 0 0 0 0 X 0 0 0 0 0 X 0 0 X 0 0 X 0 X 0 0 0 X 0 0 0 0 0 X 0 0 X 0 0 0 0 X 0 0 0 0 0 X 0 0 0 0 X 0 0 0 0 X X X 0 0 X 0 X 0 X 0 0 0 X 0 0 0 0 0 0 0 X 0 0 0 0 0 0 0 0 X 0 0 0 0 0 0 0 0 X X 0 X X 0 0 0 X 0 0 0 0 0 0 0 0 0 0 0 X 0 0 0 0 X X 0 0 0 0 0 0 0 0 X 0 0 0 0 0 X 0 0 X X 0 0 0 0 0 0 0 X 0 0 0 X 0 0 0 0 0 0 0 0 0 0 0 0 0 0 0 X 0 0 0 0 0 0 0 0 0 X 0 0 0 0 0 X 0 0 0 X 0 0 0 0 X 0 0 0 0 0 0 X 0 0 0 0 0 0 0 0 0 0 X 0 0 0 0 0 0 0 0 X 0 0 0 0 0 0 0 X 0 X 0 0 0 0 X 0 0 X 0 X 0 0 0 0 0 0 0 X X 0 0 0 X X 0 0 0 X 0 0 0 0 X 0 X 0 0 X 0 0 0 0 0 X 0 X 0 0 0 0 0 0 0 X 0 0 0 0 X 0 0 0 X 0 X X 0 0 0 0 0 0 0 0 0 0 0 0 0 0 0 0 0 0 X 0 0 X 0 X 0 0 0 0 0 0 0 0 X 0 0 0 0 0 0 0 X 0 0 X 0 0 X 0 0 X 0 0 X 0 X X 0 X 0 X 0 0 0 0 X
X 0 0 0 0 0 0 0 0 0 0 0 0 X 0 0 X 0 0 0 0 0 0 0 X 0 0 0 0 0 X 0 0 0 0 0 0 0 X 0 0 0 X 0 X 0 0 0 0 0 0 0 X 0 0 X 0 0 0 X X 0 X 0 0 0 0 0 0 0 0 0 0 0 0 0 0 0 0 0 X 0 X 0 0 0 0 0 0 X 0 0 0 0 0 0 0 0 0 0 X 0 0 0 0 X 0 0 X 0 0 0 X 0 0 0 X 0 0 0 0 0 0 0 0 X 0 0 0 0 0 0 X 0 0 0 0 0 0 0 X 0 0 0 0 0 0 X 0 0 X 0 X 0 0 0 0 0 0 0 X 0 0 0 0 0 0 0 0 0 0 0 0 0 0 0 X 0 0 0 X 0 0 0 0 X 0 X 0 0 0 0 0 0 X 0 0 0 0 0 0 0 0 0 0 0 0 X 0 X 0 X X 0 X 0 0 0 0 0 0 0 0 0 0 0 X X 0 X 0 0 0 0 X 0 X 0 0 X 0 0 0 0 0 0 0 0 0 0 X 0 0 0 X 0 X 0 0 0 0 0 0 0 0 X 0 0 0 0 X 0 0 X 0 X X X 0 0 0 0 0 0 0 0 0 0 0 0 X 0 0 0 0 0 X 0 0 0 X X X 0 0 0 0 0 X 0 0 X X 0 X 0 0 X 0 0 0 X 0 0 0 0 0 0 0 X 0 0 0 0 0 0 0 0 0 0 0 X 0 0 0 0 0 X 0 0 0 X 0 0 0 0 X X 0 0 X 0 0 0 X 0 0 0 X 0 X 0 X 0 0 0 0 0 X 0 X 0 X 0 0 0 0 X 0 X 0 X X 0 0 X 0 0 0 X
X 0 0 0 0 0 0 0 0 0 0 0 0 0 X 0 0 0 0 0 0 0 0 0 0 0 0 0 0 0 X X 0 0 0 0 0 0 0 0 0 0 0 0 0 0 0 0 X X 0 X 0 0 0 X 0 0 0 X X 0 X X 0 X 0 X 0 X 0 0 0 X 0 X 0 0 0 0 0 0 0 0 X 0 0 0 0 0 0 0 0 0 0 X X 0 0 0 0 0 0 0 X 0 0 0 0 0 0 X 0 X 0 0 0 X 0 X X 0 0 0 0 0 0 0 0 0 0 0 0 X 0 0 0 0 0 X 0 0 0 0 0 0 X X 0 0 0 0 0 X 0 X 0 0 0 0 0 0 0 0 0 0 0 0 0 0 0 0 X 0 0 0 X 0 X 0 0 X 0 X 0 0 X 0 X 0 0 0 0 0 0 0 0 0 0 0 0 0 0 X 0 X 0 0 X 0 0 0 0 0 0 X X 0 0 0 0 0 0 0 0 0 0 0 0 0 0 0 0 0 0 0 0 X X 0 0 0 0 0 0 0 0 0 0 0 0 0 X X 0 X X 0 0 0 0 0 0 0 0 0 0 X 0 X X 0 0 0 0 0 0 0 0 0 0 0 0 0 0 0 X 0 0 0 X X 0 0 0 0 X 0 X 0 0 0 0 0 0 0 0 0 0 X 0 X 0 X 0 0 0 0 0 0 X 0 X 0 0 0 0 0 0 0 X X X 0 0 0 X 0 0 0 0 0 0 0 0 0 0 0 0 0 0 0 0 0 0 0 0 0 0 0 0 X X X 0 0 0 0 0 0 X 0 0 0 X 0 0 0 0 X X X 0 X X 0 X 0 0 0 0 0 0 X 0 X 0 X X X
X 0 0 X 0 0 X 0 0 X X X 0 X 0 X 0 X X X X X 0 0 0 0 0 X 0 0 0 X 0 X 0 0 0 X 0 0 0 0 X X 0 0 0 0 0 0 0 0 X 0 X X 0 0 0 0 0 0 0 0 0 0 0 0 0 0 0 0 0 0 0 X 0 0 0 0 X X 0 0 0 X 0 0 X 0 0 0 0 0 0 0 0 0 X 0 X 0 0 0 0 0 X 0 X 0 0 0 0 0 0 X X 0 0 X 0 0 0 0 0 0 0 0 0 0 0 0 0 0 0 0 0 0 0 0 0 0 0 0 0 0 0 X X 0 0 0 0 0 X 0 0 0 0 0 0 0 X 0 0 0 0 0 0 0 0 0 X 0 X 0 X 0 X 0 0 X 0 0 X 0 X 0 0 0 0 0 0 X 0 0 0 0 0 X 0 X 0 0 0 0 0 0 0 0 0 X 0 X 0 0 0 0 0 X 0 0 0 0 0 0 0 X 0 X X 0 0 0 0 0 0 0 0 0 0 0 0 X X 0 0 0 0 X 0 0 0 0 X 0 0 X 0 0 X X X 0 0 0 0 0 0 0 0 0 0 0 0 0 0 X 0 0 0 0 0 0 X 0 0 X 0 0 0 0 0 0 X 0 X 0 X 0 0 0 0 0 X 0 0 0 X 0 0 X 0 0 0 0 0 0 0 0 X X 0 0 X X 0 X X 0 0 0 0 0 0 0 0 0 X 0 0 0 0 0 0 0 0 0 X 0 0 0 0 0 0 0 0 X X 0 0 0 X X X X 0 0 0 0 0 0 0 0 X 0 X 0 0 0 0 X 0 0 0 0 0 0 0 0 0 X X 0 0 X 0 0 0 X
X 0 0 0 0 0 0 0 0 X 0 0 0 0 X 0 0 0 0 0 X X X 0 0 0 0 0 0 0 0 0 X 0 0 0 X 0 X 0 0 0 0 X X 0 0 0 0 0 0 0 0 0 X 0 0 0 X 0 0 X 0 0 0 X 0 0 X 0 0 0 0 0 X 0 0 0 0 0 X 0 0 0 0 0 X 0 0 0 0 X 0 X 0 0 0 0 0 0 0 X 0 X 0 X 0 0 X X X 0 0 0 0 0 X X 0 0 X 0 0 0 0 0 0 X X 0 0 0 X X X 0 0 0 0 0 0 0 0 X 0 0 0 X 0 0 0 0 0 0 0 0 0 0 0 0 0 0 0 X 0 X X 0 0 0 0 0 0 0 0 0 X 0 0 0 0 0 0 0 0 X X 0 X 0 X X 0 0 0 0 0 X 0 X 0 X X 0 X 0 0 X 0 0 0 0 0 0 0 X 0 0 0 0 0 0 0 X X 0 0 0 0 0 0 0 0 0 0 0 0 0 0 0 X 0 0 X 0 0 0 0 X X 0 0 0 0 0 0 0 0 0 X X 0 0 0 0 0 0 0 0 0 0 0 X 0 0 0 0 0 0 X 0 0 0 0 0 0 0 0 0 X X 0 0 X X 0 X 0 0 0 0 0 0 X 0 0 X 0 X X 0 0 0 0 0 0 X X 0 0 X 0 0 0 0 0 0 X 0 0 0 0 X X 0 0 X 0 0 0 X 0 0 X 0 0 0 X 0 X 0 0 0 0 X 0 0 0 0 0 0 X 0 0 0 0 0 X 0 X 0 0 0 0 0 0 0 0 0 0 0 X 0 0 X 0 X 0 0 0 0 0 0 0 0 0 0 0 0 X
X 0 0 0 0 0 0 0 0 0 0 0 0 0 X 0 X 0 X 0 0 0 0 X X X 0 0 0 0 0 0 0 0 0 0 0 X X 0 0 0 0 0 0 0 0 0 0 0 X 0 0 0 0 X 0 0 0 0 0 0 X 0 0 0 0 0 0 0 X 0 0 0 0 X 0 0 X 0 0 0 0 0 0 0 0 0 0 X 0 0 0 X 0 0 0 0 0 0 X 0 X 0 0 0 0 0 0 X 0 0 0 0 0 0 0 0 0 0 X 0 0 X 0 X 0 0 0 X 0 0 0 0 0 0 0 0 X X 0 0 0 0 0 0 0 0 0 0 0 0 0 0 0 0 0 0 0 0 0 X 0 0 X 0 0 0 0 0 X X 0 X 0 X X 0 0 0 0 0 0 0 0 0 0 0 X X 0 0 X X 0 0 0 0 0 0 0 0 X 0 X 0 X 0 0 0 X 0 0 X 0 0 X X 0 0 0 0 0 0 0 0 0 0 0 0 0 0 0 0 0 0 0 0 0 X 0 0 0 X 0 0 0 0 0 0 0 0 0 X 0 0 0 0 0 X X X 0 0 0 0 0 0 0 0 0 0 0 0 0 X 0 X 0 0 0 0 0 0 0 0 X X 0 0 0 0 0 0 X X X 0 X 0 0 0 0 0 0 0 0 0 0 0 0 0 X 0 0 0 0 0 X 0 0 0 0 X 0 X 0 0 0 0 0 0 0 0 0 0 0 0 X X 0 X X 0 0 0 0 0 X X 0 0 0 0 0 X 0 0 0 0 0 X X X 0 0 0 0 0 0 0 X X 0 0 0 0 0 0 0 0 0 0 0 X 0 0 0 0 0 0 0 0 0 0 0 0 X 0 X
X 0 0 0 0 X 0 X 0 0 X 0 0 X 0 0 0 0 0 X 0 0 X 0 X 0 0 0 X 0 0 X 0 X 0 0 0 0 0 0 0 0 0 0 X 0 0 0 0 0 0 0 0 X X 0 X 0 X 0 0 0 0 0 0 0 X 0 X 0 X X 0 0 0 0 0 0 0 0 0 0 0 0 0 0 0 0 0 0 0 0 0 0 X 0 0 X 0 0 0 0 0 0 0 X 0 X X 0 0 0 0 X 0 X X 0 X 0 X 0 0 0 0 0 0 0 X 0 0 0 0 0 0 0 X 0 X X X 0 0 0 0 0 0 X 0 0 0 0 X 0 X 0 0 X 0 0 0 0 X 0 0 0 X X X 0 X 0 0 0 0 0 0 X 0 0 0 0 X 0 0 0 X X 0 0 0 0 0 0 X 0 X 0 0 0 0 0 X 0 0 0 0 0 X 0 0 0 X X 0 0 0 0 0 0 0 X 0 0 0 0 0 0 0 0 X 0 0 X 0 X 0 0 0 0 0 X 0 0 0 0 0 0 0 0 0 0 0 X 0 0 0 0 0 0 0 0 X 0 0 0 0 0 0 0 0 0 0 0 0 0 0 0 0 0 X 0 X 0 0 X 0 0 0 0 X 0 0 0 0 0 0 0 X 0 0 0 0 0 0 0 X X 0 0 X 0 0 X X 0 0 0 0 X 0 X 0 0 0 0 X 0 X 0 0 0 0 X 0 0 X X 0 0 0 0 0 0 X X 0 0 0 0 0 0 0 0 0 0 0 0 0 0 0 0 0 0 0 X X 0 X 0 X 0 0 0 0 0 0 0 0 0 0 0 0 0 0 0 X 0 0 0 0 0 0 0 X X 0 0 X X
X 0 0 0 0 0 0 0 0 0 0 X 0 0 X 0 0 0 0 0 X 0 0 0 X 0 X 0 0 X 0 0 0 0 0 0 0 X 0 0 0 0 0 0 0 0 0 0 0 0 0 X 0 0 X 0 0 0 X X 0 X 0 X 0 X 0 0 X 0 0 X 0 0 0 0 0 0 X 0 X 0 0 0 0 0 0 X 0 0 0 0 0 0 0 X 0 0 0 0 0 0 0 0 X X 0 0 0 X 0 0 0 X 0 0 0 X 0 0 0 0 0 0 0 0 0 X 0 0 X 0 0 0 0 0 0 0 0 X 0 0 X 0 0 X X X 0 0 X 0 0 0 X 0 X X 0 X 0 0 0 0 X 0 0 0 0 0 0 0 0 X 0 0 0 0 0 0 0 0 0 0 0 0 0 0 0 0 0 0 0 0 0 0 0 X X 0 0 0 0 0 X X X X 0 0 0 0 0 0 0 0 0 0 0 0 0 0 0 X 0 X 0 0 0 0 X X X X 0 0 0 0 0 0 0 0 0 0 0 0 X 0 X X X X 0 X 0 0 0 X 0 0 0 0 0 0 0 0 0 0 0 0 0 0 X 0 0 0 0 X 0 X 0 0 0 0 0 0 0 0 0 0 0 0 0 0 0 0 X 0 0 0 0 X 0 X 0 0 X 0 0 0 X 0 0 0 0 0 X X X X 0 0 0 0 0 0 0 0 0 0 X 0 0 X 0 X 0 0 0 0 X 0 0 0 0 0 0 X X 0 0 0 0 0 0 0 X 0 0 X 0 X 0 0 0 0 0 0 X 0 0 0 X 0 0 0 0 0 0 0 0 0 0 0 0 0 0 0 X 0 0 X 0 0 X 0 0 0 0 X
X 0 0 0 0 X 0 0 0 0 0 0 0 0 0 0 0 0 0 0 0 0 0 0 0 0 0 X 0 0 0 X 0 0 0 0 0 0 X 0 X 0 X 0 0 0 X 0 0 0 0 0 X 0 0 0 0 0 0 0 0 0 0 X 0 0 0 0 X 0 0 0 0 X X X 0 0 0 0 0 0 0 0 0 X 0 0 0 X 0 0 X 0 0 0 0 0 X X X 0 X X 0 X 0 0 0 0 0 0 X 0 0 X 0 X X 0 0 X 0 0 X 0 0 0 0 X 0 0 X 0 X 0 X 0 0 0 X 0 X 0 0 0 0 0 0 0 0 0 0 X 0 0 0 0 0 X 0 0 0 0 0 0 0 0 0 0 0 0 0 0 X 0 0 0 0 X 0 0 X 0 0 0 0 0 0 0 0 0 0 0 0 0 0 0 X 0 0 0 0 0 0 0 0 0 0 X 0 0 0 X 0 X 0 0 0 0 X X 0 0 0 0 0 0 X 0 0 0 X 0 X 0 0 0 0 0 0 0 X 0 X 0 0 0 0 0 0 0 X 0 0 X 0 0 X 0 X 0 0 X 0 0 X 0 0 0 0 0 0 X 0 0 0 0 0 0 0 0 0 0 0 0 X 0 X 0 0 0 0 0 0 0 0 0 0 0 X 0 0 0 0 X 0 X X 0 0 0 0 0 0 X X 0 0 0 X 0 0 0 0 0 0 0 0 0 0 0 0 X 0 0 0 0 0 X X 0 0 0 0 0 0 0 0 X 0 0 0 0 0 X 0 X 0 X 0 0 0 0 X 0 0 0 0 0 0 X 0 X 0 0 0 0 0 0 X 0 0 0 0 0 0 0 X 0 0 X 0 0 0 X 0 0 0 X
X 0 0 X X 0 0 X X X 0 0 0 0 0 X 0 0 X X 0 0 0 0 0 0 X 0 0 0 0 0 0 0 0 0 0 X X 0 X 0 X X 0 X X 0 0 0 0 X 0 0 X 0 0 0 0 0 X 0 0 0 0 0 0 0 0 0 0 0 0 0 0 0 0 0 0 0 0 0 0 0 0 X 0 0 X 0 0 0 0 0 0 0 0 0 0 0 0 0 0 0 0 0 0 0 0 X X X 0 X 0 0 X X 0 0 0 0 0 0 X X 0 X X 0 0 0 0 0 0 0 0 0 0 0 0 0 0 0 0 0 0 X 0 X 0 0 0 0 0 0 0 0 0 0 0 0 0 0 0 X 0 0 0 0 X 0 0 0 X 0 0 0 0 X 0 0 0 0 0 X 0 0 0 0 0 0 0 0 0 0 0 0 0 0 0 0 0 0 X 0 X 0 0 X 0 X 0 X X 0 X 0 0 0 X 0 0 0 0 0 0 X 0 0 X 0 0 0 X 0 X 0 0 0 X 0 0 0 X X 0 0 0 0 0 0 0 0 0 X 0 0 X X 0 0 0 0 X 0 0 0 X 0 X 0 X 0 X 0 0 0 0 0 0 0 0 0 0 X 0 0 0 X 0 X 0 0 0 X 0 0 0 0 0 X 0 X 0 X 0 0 0 0 X X 0 X X 0 0 0 0 0 0 X 0 X 0 X 0 0 0 X 0 0 0 0 0 0 0 0 0 0 0 X 0 X 0 0 0 0 0 0 0 0 0 X 0 X 0 0 0 0 0 X 0 0 X 0 0 0 0 0 0 0 0 X 0 X X 0 X 0 X 0 0 X 0 0 0 0 X 0 0 0 0 0 0 X 0 X 0 X
X 0 0 0 0 0 0 0 0 X 0 0 X 0 0 0 X 0 0 X 0 0 X X 0 0 0 0 0 0 X 0 0 X X 0 0 0 0 0 0 0 0 0 0 0 0 0 0 0 0 0 X 0 0 0 X 0 0 X 0 0 0 X X 0 0 0 0 0 0 0 0 X 0 0 0 0 0 0 X 0 0 0 X 0 0 0 0 0 0 0 0 0 0 0 0 0 0 0 0 0 X 0 X 0 X 0 0 0 0 0 0 0 0 0 0 0 0 0 X 0 0 X 0 X 0 0 0 X 0 0 0 0 0 X 0 0 0 X X 0 0 0 0 0 0 0 0 0 0 0 0 0 0 0 0 0 0 0 0 0 X 0 0 0 0 0 X X X X 0 0 0 0 0 X 0 0 0 0 0 0 0 0 0 0 X 0 0 0 X 0 0 0 0 0 X 0 0 0 0 0 0 0 0 0 0 0 0 0 X 0 0 0 X 0 0 0 0 0 0 0 0 0 0 0 0 0 X 0 0 0 X 0 X 0 0 X 0 0 0 X 0 0 0 X 0 0 0 X 0 0 X X 0 0 0 0 X X 0 0 X 0 X 0 0 0 0 0 0 0 0 0 0 0 0 X 0 0 0 X X 0 0 X X 0 0 0 0 0 0 0 0 0 0 0 X 0 0 X 0 0 0 0 0 0 0 0 0 0 0 0 X 0 0 0 0 0 0 0 0 0 0 0 0 0 0 X 0 0 0 0 0 0 0 0 0 X 0 0 0 X 0 0 X 0 0 X 0 0 0 0 0 0 0 0 X 0 0 0 0 0 0 0 0 0 X 0 0 0 0 0 0 0 0 0 0 0 0 0 0 0 0 0 X 0 0 0 X X 0 0 0 0 X X
X 0 0 0 X 0 0 0 0 0 X 0 0 0 0 0 0 0 0 X X X 0 0 0 X 0 0 0 0 0 0 X 0 X 0 0 0 0 0 X 0 X 0 0 0 X X X X 0 0 0 0 0 0 X 0 0 0 X 0 0 X 0 0 0 0 0 0 0 0 0 0 X 0 0 0 0 X 0 0 0 0 0 0 0 0 0 0 0 0 0 0 0 0 0 X X X 0 0 0 X 0 0 X 0 0 0 0 0 0 0 0 0 0 0 X 0 0 X 0 X 0 0 0 0 X 0 0 0 0 0 0 0 0 0 0 0 0 0 0 0 0 0 0 X 0 0 0 0 0 0 0 X 0 0 0 0 0 X 0 0 0 0 0 0 0 0 X 0 0 0 0 X X 0 X X 0 0 X 0 0 0 0 0 0 0 0 0 0 0 X X 0 0 X 0 0 X X 0 0 0 0 0 0 0 0 0 0 0 0 0 0 0 X 0 0 0 0 0 0 0 0 0 0 0 0 0 0 X 0 0 0 X 0 0 0 0 0 0 X 0 0 X 0 0 0 0 X X 0 0 0 X X 0 X 0 0 0 X 0 0 0 0 0 0 0 X 0 0 X 0 0 X 0 0 0 0 0 0 0 0 0 0 0 X X 0 0 X 0 0 X 0 0 0 X 0 X 0 0 0 X 0 0 X 0 0 0 X 0 0 0 0 0 0 0 0 0 X X X 0 0 X 0 0 X X 0 0 X 0 X 0 X 0 0 0 X 0 0 0 0 0 0 0 0 0 X X X 0 0 0 0 0 X 0 0 0 0 0 X X 0 0 0 0 X 0 0 0 0 0 X 0 0 X X 0 0 0 0 0 0 0 X 0 0 0 0 0 0 X
X 0 0 0 X 0 0 0 0 X X 0 0 0 X 0 0 X 0 0 0 0 0 0 0 0 X 0 X 0 0 0 0 0 0 0 0 0 X X 0 0 0 0 0 0 0 0 0 0 0 0 0 0 X 0 0 X 0 0 0 0 0 X X 0 0 0 X 0 0 X 0 0 X X 0 0 0 0 0 X 0 0 0 X X X 0 0 0 X X 0 0 X 0 X 0 0 X 0 0 0 0 0 0 X 0 0 0 0 0 0 0 X X 0 0 0 0 0 0 0 X X 0 0 0 0 0 0 0 0 X 0 0 0 0 0 0 0 0 X 0 0 0 0 0 0 0 X 0 0 0 0 0 0 0 0 0 X 0 0 0 0 X 0 0 0 0 0 X 0 X 0 0 0 X 0 0 X 0 0 0 0 0 0 0 0 0 0 0 0 0 0 0 0 0 0 0 0 0 0 0 X 0 0 0 X 0 X X 0 X 0 0 0 X 0 0 0 X 0 0 0 0 0 0 0 0 0 0 0 0 0 0 0 X 0 0 0 0 0 X 0 0 0 0 0 0 0 0 0 0 0 0 X 0 0 0 0 0 0 0 0 0 0 0 0 X 0 0 X 0 0 0 0 0 0 0 0 0 0 0 X 0 0 0 0 0 0 0 0 0 0 X 0 X 0 0 0 0 0 X 0 X X 0 X 0 0 X 0 0 0 0 0 0 0 X 0 0 0 0 0 0 0 0 X 0 0 0 0 0 0 0 0 0 0 0 0 0 0 0 0 0 0 0 0 X X X 0 0 X 0 X X 0 0 0 0 0 0 0 0 X 0 0 0 X X 0 0 0 0 0 0 X X 0 0 0 0 0 0 X 0 0 0 0 0 0 0 0 0 X 0 X
X 0 0 X X 0 0 0 0 0 0 0 X X 0 0 0 0 X 0 0 0 0 0 0 0 0 0 0 0 0 X 0 0 0 0 0 X X 0 0 X X 0 0 0 0 X 0 0 0 0 0 X 0 0 0 0 X 0 0 0 0 0 0 0 0 0 0 0 0 0 X 0 0 0 0 0 X 0 0 0 0 0 0 0 0 X X 0 X 0 0 0 0 0 0 0 0 0 0 0 0 0 X 0 0 0 0 X X 0 0 0 X 0 0 0 0 0 0 0 0 0 X 0 0 0 0 0 0 0 0 X 0 X 0 0 0 0 0 X 0 0 X 0 0 X 0 X 0 0 0 X 0 0 X 0 0 X 0 X X 0 0 X 0 0 X X 0 0 X 0 X 0 0 X 0 0 0 0 X 0 0 0 0 X 0 0 0 0 0 0 0 0 0 0 X 0 0 0 0 0 0 X X 0 0 0 0 0 0 0 0 X 0 0 0 0 0 0 X 0 X 0 0 0 0 0 0 X 0 X X X X 0 0 X 0 0 0 0 X 0 0 0 X 0 0 0 X 0 0 0 0 0 0 0 X 0 X 0 X 0 0 X 0 X 0 0 0 0 0 X X 0 0 0 0 0 X 0 X X 0 0 0 0 0 0 0 X 0 0 0 0 0 0 0 0 0 X 0 X 0 0 0 0 X X 0 0 0 0 0 0 0 0 X 0 0 0 0 0 X 0 0 0 0 X 0 X 0 0 X 0 X 0 0 0 0 0 0 0 0 0 X 0 0 0 X 0 0 X 0 0 0 0 X X 0 0 X X 0 0 0 0 0 0 0 0 0 0 X X 0 0 0 X 0 0 0 0 0 0 0 0 0 0 0 X 0 0 0 0 X X
X 0 0 0 0 0 0 0 0 0 X 0 0 X 0 X 0 X 0 0 0 X 0 0 0 0 0 0 0 0 0 0 0 X 0 0 0 0 0 0 0 0 0 0 0 0 0 X X 0 0 X 0 0 0 0 0 0 0 0 0 0 0 0 0 0 0 0 0 0 0 0 0 0 0 0 0 0 0 0 X 0 0 0 X 0 X 0 X 0 0 0 0 0 0 0 X 0 0 0 X 0 0 0 0 0 0 0 0 0 0 X X 0 0 0 0 0 X 0 0 X 0 0 0 0 X 0 0 0 0 0 0 0 X 0 0 0 0 0 0 0 0 X 0 0 0 0 X 0 0 X 0 X 0 0 0 0 0 0 X 0 0 0 0 0 0 0 0 X 0 0 X 0 0 0 0 0 X 0 0 0 0 X 0 0 0 0 0 0 X 0 0 0 0 0 0 0 X 0 0 0 0 0 0 0 0 X 0 0 0 0 0 0 0 0 0 0 X 0 0 0 0 X 0 0 X 0 0 0 0 0 0 0 0 0 X 0 0 0 0 0 X 0 0 0 X X X X 0 0 0 0 0 0 0 0 0 0 X 0 X 0 X 0 0 0 0 X 0 0 0 0 0 0 0 0 0 0 0 0 X 0 X 0 0 X 0 X 0 0 X 0 X 0 0 0 0 0 0 X X 0 0 0 0 X 0 0 X 0 0 0 0 0 0 X 0 0 0 X 0 0 0 0 0 0 0 0 0 X X 0 0 0 0 X 0 X 0 0 0 0 0 X X 0 0 0 0 0 0 0 0 0 0 0 0 0 0 0 0 0 0 0 0 X 0 0 0 X X X 0 0 0 0 0 0 0 0 0 0 0 0 0 0 0 0 0 0 0 X 0 0 0 0 X X
X 0 X 0 0 0 0 0 0 0 0 0 0 X 0 0 0 0 X 0 0 X 0 0 0 0 0 0 0 0 0 0 X 0 X X 0 X 0 X X 0 0 0 X 0 0 0 0 0 0 0 0 0 0 X X 0 0 X 0 0 X 0 0 0 0 X 0 X X X 0 0 0 X 0 0 X 0 0 0 0 0 0 0 0 0 0 0 0 0 0 X X 0 0 0 0 0 X 0 0 0 0 0 X 0 0 0 0 0 0 0 0 0 0 0 X 0 X 0 0 0 0 0 0 0 0 0 X X 0 X 0 0 0 0 0 0 X 0 0 X 0 0 0 X 0 0 X 0 0 0 0 X 0 0 0 X 0 X 0 0 X 0 0 0 0 X 0 0 X X 0 0 X 0 0 0 0 0 0 0 X 0 0 X 0 0 0 0 0 0 0 0 0 X X X X 0 0 0 0 0 0 0 X 0 X 0 0 X X 0 0 0 X 0 0 0 0 0 0 0 0 0 0 0 0 0 0 X X 0 X 0 0 X 0 0 X 0 0 0 0 0 0 X 0 0 0 0 X X 0 0 0 0 0 0 0 0 X 0 0 0 0 X X 0 0 0 X 0 0 X X 0 X 0 0 0 0 0 0 0 0 0 0 X 0 0 0 0 0 0 0 X 0 0 0 0 X X 0 0 0 0 X 0 0 X 0 0 X 0 X 0 0 0 0 0 0 0 0 0 0 0 0 0 0 0 0 0 0 0 0 0 X 0 X X 0 0 0 X 0 X X 0 0 0 0 0 0 0 X 0 0 0 0 0 0 0 X 0 0 X 0 0 0 0 0 0 0 0 0 X 0 0 0 0 0 0 0 0 0 0 0 0 0 0 0 0 0 X 0 X
X 0 0 0 X X X 0 0 0 0 0 0 X 0 0 0 X X 0 0 0 0 0 0 0 0 0 0 0 0 0 0 X X 0 0 0 0 X 0 0 0 0 X X 0 0 0 0 0 0 X 0 0 0 0 0 0 X 0 0 0 0 0 0 X 0 X 0 0 0 X 0 X 0 0 0 0 0 0 0 0 0 0 X 0 0 0 0 0 0 0 X 0 X 0 X 0 0 0 0 0 X 0 X X 0 0 0 0 0 0 0 0 0 X 0 0 0 X 0 X 0 0 0 0 0 X 0 0 0 X 0 0 0 0 X 0 0 0 0 0 0 0 0 X 0 0 X 0 0 X 0 0 0 0 0 X 0 0 0 0 0 0 0 0 0 0 0 0 0 0 0 0 0 0 0 0 0 0 0 X 0 0 0 0 0 0 0 0 0 0 0 0 X 0 0 0 0 0 0 0 0 0 0 0 X 0 0 0 X 0 0 0 0 0 0 0 0 X 0 X 0 0 X 0 0 0 0 0 0 X 0 0 0 0 0 X X X X 0 0 0 0 X 0 0 0 0 X X 0 X X 0 0 0 0 X X 0 0 0 X 0 X 0 0 X 0 0 0 0 0 0 X 0 0 0 0 0 0 0 0 0 0 0 0 0 0 0 0 0 0 0 0 0 0 0 0 0 X 0 0 0 0 0 X 0 X 0 0 0 0 0 0 0 0 X 0 0 0 0 0 0 0 0 X 0 0 0 X X 0 0 0 0 0 0 X 0 0 0 X 0 0 0 0 0 0 0 X 0 X 0 0 0 X 0 0 0 0 X 0 0 0 0 X 0 0 X X X 0 X 0 X 0 0 0 0 0 0 0 X 0 0 0 0 0 0 0 0 0 0 0 0 X
X 0 0 X 0 0 0 0 0 0 0 0 0 0 0 X 0 0 X 0 0 X 0 0 0 0 0 0 0 X 0 0 0 0 X 0 0 0 0 0 0 X 0 0 0 X 0 0 X X X X 0 0 X 0 0 0 0 0 0 0 0 0 X 0 0 0 0 0 X 0 0 X 0 0 0 0 0 X 0 0 0 0 X 0 0 0 0 0 0 0 0 0 0 0 0 0 0 0 0 X 0 X 0 0 0 0 X 0 0 0 0 0 0 0 0 0 0 X X 0 X 0 0 X 0 0 0 0 0 X 0 X 0 0 0 0 0 0 X X 0 X 0 0 0 0 X 0 0 0 0 0 0 0 0 0 0 0 0 0 X 0 0 0 0 X 0 0 0 0 0 X X 0 0 0 0 X 0 0 X 0 X 0 0 X X 0 0 X X 0 0 X X X 0 X 0 0 0 0 0 0 0 0 X 0 0 0 0 0 X 0 0 0 X X 0 0 0 0 0 0 0 X X 0 0 0 X 0 0 0 0 0 0 0 0 0 0 X 0 X 0 0 0 0 0 0 0 0 0 0 0 0 0 0 0 0 X X 0 0 0 0 0 0 0 0 0 X 0 X 0 0 0 0 0 X 0 0 0 0 0 X 0 0 0 0 0 X 0 0 X X 0 0 X X 0 0 0 X X 0 0 0 X X X 0 0 0 0 0 0 0 0 0 0 0 0 0 0 0 0 X 0 0 0 0 0 0 0 0 0 0 0 0 0 X 0 0 0 0 0 0 0 0 0 0 0 0 0 0 0 X 0 X 0 0 0 X 0 0 0 0 0 0 0 X 0 0 0 0 0 0 0 0 0 0 0 X 0 X 0 0 0 0 0 X 0 0 0 0 0 X
X X X 0 0 0 0 0 0 0 0 0 0 X X 0 X 0 0 0 0 0 0 0 0 X 0 0 X 0 X 0 0 0 0 0 X 0 0 X 0 X 0 0 0 0 X 0 0 0 0 X 0 0 0 0 0 0 X 0 X X 0 0 0 0 0 0 0 0 X 0 X X 0 0 0 X X 0 0 0 0 X 0 0 0 X X X 0 0 0 0 0 0 0 X 0 0 0 0 0 0 X 0 0 0 0 X 0 0 0 0 0 0 0 0 0 X 0 X 0 0 0 0 0 0 0 0 0 0 0 0 0 0 0 0 0 0 0 0 X X 0 0 0 0 0 0 0 0 0 0 X X 0 0 X 0 X 0 0 0 X X X X 0 0 0 0 0 0 0 0 0 X 0 0 0 0 0 0 0 0 0 0 X 0 X 0 X 0 0 0 0 0 X X 0 X 0 X 0 0 0 X 0 X X 0 0 0 0 0 0 0 0 0 0 0 0 0 0 0 0 0 0 0 0 0 0 0 0 0 0 X 0 X 0 0 0 X 0 0 0 0 0 0 0 0 0 0 0 0 0 0 0 0 0 0 0 0 X X X X 0 0 0 0 X 0 0 0 0 X 0 0 0 0 0 0 0 0 X X 0 0 0 X 0 0 0 0 0 0 0 0 0 0 X 0 0 0 0 0 0 0 0 0 0 0 X 0 0 X 0 0 0 X 0 0 0 0 0 0 0 0 0 0 X X 0 0 0 0 0 X 0 0 0 0 X 0 0 0 0 0 0 0 0 X X 0 0 0 0 0 0 0 0 0 0 X 0 0 0 0 0 0 0 0 0 0 0 0 0 0 0 0 0 0 X 0 0 0 0 0 0 X 0 0 0 0 0 X 0 X
X 0 0 X 0 0 0 0 X 0 0 0 0 X X 0 X X 0 0 X X 0 0 0 0 0 0 0 X 0 X X 0 X 0 0 0 0 0 0 0 0 0 X 0 0 0 0 0 X X 0 0 0 0 0 0 0 0 0 0 X 0 0 0 0 0 0 0 0 0 0 0 0 0 X 0 0 0 0 0 0 0 X 0 0 0 0 0 0 X X 0 0 X 0 0 0 0 0 0 0 0 X 0 0 0 0 0 0 0 X 0 0 0 X X 0 0 0 0 X 0 X 0 0 0 X X 0 0 X 0 X 0 0 0 X 0 0 X 0 0 0 0 X X X 0 0 0 X X X X X 0 0 0 0 0 0 0 0 0 0 0 0 0 0 X 0 0 0 0 X 0 0 0 X X 0 X 0 0 X 0 0 X 0 0 0 0 0 0 0 0 0 0 0 0 0 0 X X 0 0 0 0 0 0 X X X X X 0 0 0 X 0 X X X 0 0 0 0 0 0 X 0 0 0 0 0 0 0 0 0 0 0 0 X X 0 0 0 0 0 0 0 X 0 X X X 0 0 0 0 0 0 0 0 X 0 0 0 X 0 0 0 0 0 0 0 0 0 0 0 0 X 0 X 0 0 X X 0 0 0 X 0 0 0 X X 0 0 X X 0 X X 0 0 0 0 0 0 0 0 0 0 0 0 X 0 0 0 0 0 0 X 0 0 0 0 0 0 X 0 0 X X 0 X 0 0 0 0 X 0 0 0 0 X 0 X X 0 X 0 0 0 0 0 0 0 0 0 0 0 0 0 0 0 X 0 0 0 0 0 X 0 X 0 0 0 0 0 0 X X X 0 0 X 0 0 X 0 0 0 0 0 0 X
X 0 0 X 0 X 0 0 0 0 0 X X 0 0 0 X X 0 0 0 0 0 0 X 0 0 0 0 0 X 0 X X 0 0 X 0 0 0 0 0 X 0 0 0 0 0 0 0 0 0 0 0 0 X 0 0 0 0 0 0 0 X X X 0 0 0 0 0 0 X 0 X 0 X 0 X 0 0 0 0 0 0 0 X 0 0 0 0 0 0 0 0 0 X 0 0 X X X 0 0 0 0 0 X 0 0 0 0 0 0 0 X 0 0 0 X 0 X 0 0 0 0 0 X 0 X 0 0 X 0 X 0 X 0 X 0 0 0 X 0 X 0 X X 0 0 0 0 0 0 0 X 0 0 0 0 0 0 X 0 0 0 X 0 X 0 0 0 0 0 0 0 0 0 0 0 X X 0 0 0 X X 0 0 0 0 0 0 0 0 0 X 0 0 0 0 0 0 0 0 0 0 0 0 0 X 0 0 0 X X 0 0 0 0 X 0 0 X 0 X 0 0 0 0 0 0 0 X 0 0 0 0 X 0 X 0 0 0 X 0 0 0 0 0 X X 0 0 0 0 0 0 0 0 0 0 0 0 0 0 0 X X 0 0 0 0 0 0 0 0 0 0 0 0 X 0 0 0 0 0 0 X 0 X 0 X 0 X 0 X X X 0 0 0 0 0 0 0 0 0 0 0 X 0 0 0 X 0 0 0 0 0 0 0 0 X 0 X 0 0 0 0 0 0 0 0 X 0 0 0 X 0 0 0 0 0 0 0 X 0 X 0 X 0 X 0 0 X X 0 0 X X 0 0 0 0 0 0 X 0 0 0 0 X 0 0 0 0 0 0 0 X 0 0 0 X 0 0 0 0 0 0 0 0 X 0 X 0 X X X
X X 0 0 0 0 0 0 0 0 0 0 X X 0 0 0 X 0 X 0 0 X 0 0 0 X 0 0 0 0 X 0 0 0 0 X 0 0 0 0 0 0 0 0 X 0 X 0 X 0 0 0 0 0 X 0 0 0 0 0 X 0 0 0 0 0 0 X X X 0 0 X 0 X 0 0 0 0 0 0 0 0 0 0 0 X 0 0 0 0 0 0 0 0 X X 0 0 0 0 0 0 0 0 0 0 0 0 X 0 X 0 0 0 0 0 X 0 0 0 0 0 X X 0 X 0 0 0 0 0 0 X 0 0 0 0 0 X X 0 0 0 0 X X 0 0 0 0 X X 0 0 0 0 X 0 0 0 X 0 0 0 0 0 X 0 0 0 0 0 0 X 0 0 0 0 0 0 0 0 0 X 0 X X X 0 0 0 0 0 X 0 0 X 0 0 0 0 0 0 0 0 0 0 X 0 0 0 0 0 0 0 X 0 0 0 0 0 X 0 0 0 0 0 0 0 0 X 0 0 X 0 0 0 0 0 0 0 0 X 0 0 0 X 0 X 0 0 0 X 0 0 0 0 0 X 0 0 0 0 0 0 0 0 0 X 0 0 0 0 0 0 0 X 0 0 0 0 0 0 0 X 0 0 0 0 0 X 0 0 X 0 0 0 0 X 0 0 0 X 0 0 0 0 X 0 0 0 0 0 X 0 0 0 0 0 0 0 0 0 0 0 0 0 0 0 0 0 X 0 X 0 0 X X X 0 0 0 X 0 0 0 0 0 X X 0 X 0 0 0 0 X X 0 X 0 0 X 0 0 0 0 0 0 0 0 0 0 0 X 0 0 0 X X 0 0 0 0 0 0 0 X X 0 0 0 0 X 0 0 X X
X 0 0 0 X 0 X X 0 0 0 0 X 0 0 0 0 0 0 X 0 0 0 0 0 0 0 0 0 0 0 X 0 0 X 0 X 0 X 0 0 0 X 0 X 0 X 0 0 X 0 0 X 0 0 0 X 0 0 0 0 0 0 0 0 0 0 0 0 0 0 0 X X 0 0 0 0 0 X 0 0 X 0 X 0 X 0 X 0 0 0 X 0 X 0 0 0 X 0 0 X 0 0 0 0 0 0 0 0 0 0 0 X 0 0 0 0 0 0 X 0 0 X 0 0 0 0 0 0 X 0 0 0 0 0 0 0 0 0 0 0 0 X 0 0 0 0 0 0 X X 0 0 0 0 X 0 0 X X 0 X 0 0 0 X 0 0 X 0 0 0 X 0 0 0 0 0 X 0 0 X 0 0 0 0 0 0 0 0 0 0 0 0 0 X 0 0 0 0 0 X 0 0 0 0 X X 0 0 0 X 0 0 0 0 0 0 0 0 0 0 0 0 0 0 X 0 0 0 0 0 0 X 0 X 0 X 0 0 X 0 0 0 0 0 0 0 0 0 0 X 0 0 0 0 0 0 0 0 0 0 X 0 0 0 0 0 0 0 0 0 0 X 0 0 0 0 0 0 0 0 0 0 0 0 0 0 0 0 0 0 X 0 0 0 0 0 0 0 0 0 0 X 0 0 0 X 0 0 0 0 0 X X 0 0 0 0 0 X X 0 0 0 0 X 0 X X 0 0 0 0 0 0 0 0 0 X 0 X 0 0 0 X 0 0 0 0 0 0 X 0 0 0 0 0 0 X 0 0 0 0 0 0 0 X 0 X 0 0 0 0 X 0 0 0 X 0 0 0 0 0 X X 0 X 0 0 X X 0 0 0 0 0 0 0
X X X X X X X X X X X X X X X X X X X X X X X X X X X X X X X X X X X X X X X X X X X X X X X X X X X X X X X X X X X X X X X X X X X X X X X X X X X X X X X X X X X X X X X X X X X X X X X X X X X X X X X X X X X X X X X X X X X X X X X X X X X X X X X X X X X X X X X X X X X X X X X X X X X X X X X X X X X X X X X X X X X X X X X X X X X X X X X X X X X X X X X X X X X X X X X X X X X X X X X X X X X X X X X X X X X X X X X X X X X X X X X X X X X X X X X X X X X X X X X X X X X X X X X X X X X X X X X X X X X X X X X X X X X X X X X X X X X X X X X X X X X X X X X X X X X X X X X X X X X X X X X X X X X X X X X X X X X X X X X X X X X X X X X X X X X X X X X X X X X X X X X X X X X X X X X X X X X X X X X X X X X X X X X X X X X X X X X X X X X X X X X X X X X X X X X X X X X X X X S X
Camino encontrado: (1, 0) -> (1, 1) -> (1, 2) -> (1, 3) -> (1, 4) -> (1, 5) -> (2, 5) -> (3, 5) -> (3, 6) -> (3, 7) -> (3, 8) -> (2, 8) -> (1, 8) -> (1, 9) -> (1, 10) -> (1, 11) -> (1, 12) -> (1, 13) -> (1, 14) -> (1, 15) -> (1, 16) -> (1, 17) -> (1, 18) -> (1, 19) -> (1, 20) -> (1, 21) -> (1, 22) -> (1, 23) -> (1, 24) -> (1, 25) -> (1, 26) -> (1, 27) -> (1, 28) -> (2, 28) -> (3, 28) -> (4, 28) -> (5, 28) -> (6, 28) -> (7, 28) -> (8, 28) -> (9, 28) -> (9, 27) -> (9, 26) -> (10, 26) -> (11, 26) -> (12, 26) -> (13, 26) -> (14, 26) -> (15, 26) -> (16, 26) -> (17, 26) -> (18, 26) -> (18, 25) -> (18, 24) -> (18, 23) -> (17, 23) -> (16, 23) -> (15, 23) -> (14, 23) -> (13, 23) -> (12, 23) -> (11, 23) -> (10, 23) -> (9, 23) -> (9, 22) -> (9, 21) -> (8, 21) -> (7, 21) -> (6, 21) -> (6, 20) -> (6, 19) -> (6, 18) -> (6, 17) -> (6, 16) -> (7, 16) -> (8, 16) -> (9, 16) -> (9, 17) -> (9, 18) -> (9, 19) -> (10, 19) -> (11, 19) -> (11, 18) -> (11, 17) -> (12, 17) -> (13, 17) -> (14, 17) -> (15, 17) -> (15, 18) -> (15, 19) -> (16, 19) -> (16, 18) -> (17, 18) -> (18, 18) -> (18, 19) -> (18, 20) -> (19, 20) -> (19, 21) -> (19, 22) -> (20, 22) -> (21, 22) -> (22, 22) -> (23, 22) -> (24, 22) -> (25, 22) -> (25, 23) -> (25, 24) -> (25, 25) -> (25, 26) -> (25, 27) -> (25, 28) -> (26, 28) -> (27, 28) -> (27, 29) -> (27, 30) -> (27, 31) -> (27, 32) -> (27, 33) -> (27, 34) -> (27, 35) -> (27, 36) -> (27, 37) -> (26, 37) -> (25, 37) -> (24, 37) -> (23, 37) -> (22, 37) -> (22, 36) -> (23, 36) -> (24, 36) -> (24, 35) -> (25, 35) -> (26, 35) -> (26, 34) -> (26, 33) -> (25, 33) -> (24, 33) -> (23, 33) -> (22, 33) -> (21, 33) -> (20, 33) -> (19, 33) -> (19, 32) -> (19, 31) -> (18, 31) -> (17, 31) -> (16, 31) -> (15, 31) -> (14, 31) -> (14, 30) -> (14, 29) -> (15, 29) -> (15, 28) -> (15, 27) -> (14, 27) -> (13, 27) -> (12, 27) -> (11, 27) -> (11, 28) -> (11, 29) -> (11, 30) -> (11, 31) -> (11, 32) -> (11, 33) -> (11, 34) -> (11, 35) -> (11, 36) -> (11, 37) -> (11, 38) -> (11, 39) -> (11, 40) -> (11, 41) -> (11, 42) -> (11, 43) -> (11, 44) -> (10, 44) -> (9, 44) -> (8, 44) -> (7, 44) -> (7, 43) -> (7, 42) -> (7, 41) -> (7, 40) -> (7, 39) -> (6, 39) -> (5, 39) -> (4, 39) -> (3, 39) -> (2, 39) -> (2, 40) -> (2, 41) -> (2, 42) -> (2, 43) -> (2, 44) -> (2, 45) -> (2, 46) -> (2, 47) -> (2, 48) -> (3, 48) -> (4, 48) -> (5, 48) -> (5, 49) -> (5, 50) -> (6, 50) -> (7, 50) -> (8, 50) -> (9, 50) -> (9, 51) -> (9, 52) -> (9, 53) -> (10, 53) -> (11, 53) -> (12, 53) -> (13, 53) -> (14, 53) -> (15, 53) -> (16, 53) -> (16, 54) -> (16, 55) -> (16, 56) -> (16, 57) -> (16, 58) -> (16, 59) -> (16, 60) -> (16, 61) -> (16, 62) -> (16, 63) -> (16, 64) -> (16, 65) -> (16, 66) -> (16, 67) -> (15, 67) -> (15, 66) -> (15, 65) -> (15, 64) -> (15, 63) -> (15, 62) -> (15, 61) -> (15, 60) -> (15, 59) -> (15, 58) -> (15, 57) -> (15, 56) -> (15, 55) -> (15, 54) -> (14, 54) -> (13, 54) -> (12, 54) -> (11, 54) -> (11, 55) -> (11, 56) -> (10, 56) -> (9, 56) -> (9, 55) -> (8, 55) -> (7, 55) -> (7, 56) -> (7, 57) -> (6, 57) -> (5, 57) -> (4, 57) -> (4, 56) -> (4, 55) -> (3, 55) -> (2, 55) -> (2, 56) -> (2, 57) -> (2, 58) -> (1, 58) -> (1, 59) -> (1, 60) -> (1, 61) -> (1, 62) -> (1, 63) -> (1, 64) -> (1, 65) -> (1, 66) -> (1, 67) -> (1, 68) -> (1, 69) -> (1, 70) -> (1, 71) -> (1, 72) -> (1, 73) -> (1, 74) -> (1, 75) -> (1, 76) -> (1, 77) -> (1, 78) -> (2, 78) -> (3, 78) -> (4, 78) -> (5, 78) -> (5, 79) -> (5, 80) -> (5, 81) -> (5, 82) -> (5, 83) -> (5, 84) -> (5, 85) -> (5, 86) -> (5, 87) -> (5, 88) -> (5, 89) -> (4, 89) -> (3, 89) -> (3, 90) -> (3, 91) -> (3, 92) -> (3, 93) -> (3, 94) -> (3, 95) -> (3, 96) -> (3, 97) -> (3, 98) -> (3, 99) -> (3, 100) -> (2, 100) -> (1, 100) -> (1, 101) -> (1, 102) -> (1, 103) -> (2, 103) -> (3, 103) -> (4, 103) -> (4, 104) -> (4, 105) -> (4, 106) -> (4, 107) -> (3, 107) -> (2, 107) -> (2, 108) -> (2, 109) -> (2, 110) -> (1, 110) -> (1, 111) -> (1, 112) -> (1, 113) -> (2, 113) -> (3, 113) -> (4, 113) -> (5, 113) -> (6, 113) -> (7, 113) -> (7, 114) -> (6, 114) -> (6, 115) -> (6, 116) -> (5, 116) -> (4, 116) -> (3, 116) -> (2, 116) -> (2, 117) -> (3, 117) -> (3, 118) -> (3, 119) -> (3, 120) -> (3, 121) -> (3, 122) -> (3, 123) -> (3, 124) -> (4, 124) -> (5, 124) -> (6, 124) -> (7, 124) -> (8, 124) -> (9, 124) -> (10, 124) -> (11, 124) -> (12, 124) -> (13, 124) -> (14, 124) -> (15, 124) -> (16, 124) -> (17, 124) -> (18, 124) -> (18, 125) -> (17, 125) -> (16, 125) -> (15, 125) -> (14, 125) -> (14, 126) -> (14, 127) -> (14, 128) -> (14, 129) -> (14, 130) -> (14, 131) -> (14, 132) -> (13, 132) -> (12, 132) -> (11, 132) -> (10, 132) -> (9, 132) -> (8, 132) -> (7, 132) -> (6, 132) -> (6, 131) -> (5, 131) -> (4, 131) -> (3, 131) -> (2, 131) -> (2, 132) -> (2, 133) -> (2, 134) -> (2, 135) -> (2, 136) -> (2, 137) -> (2, 138) -> (2, 139) -> (2, 140) -> (2, 141) -> (2, 142) -> (2, 143) -> (2, 144) -> (2, 145) -> (2, 146) -> (2, 147) -> (2, 148) -> (1, 148) -> (1, 149) -> (1, 150) -> (1, 151) -> (1, 152) -> (1, 153) -> (1, 154) -> (2, 154) -> (3, 154) -> (4, 154) -> (4, 155) -> (4, 156) -> (3, 156) -> (2, 156) -> (1, 156) -> (1, 157) -> (1, 158) -> (2, 158) -> (3, 158) -> (4, 158) -> (5, 158) -> (6, 158) -> (7, 158) -> (8, 158) -> (9, 158) -> (10, 158) -> (10, 157) -> (10, 156) -> (10, 155) -> (10, 154) -> (10, 153) -> (10, 152) -> (10, 151) -> (10, 150) -> (10, 149) -> (11, 149) -> (12, 149) -> (13, 149) -> (14, 149) -> (15, 149) -> (16, 149) -> (17, 149) -> (18, 149) -> (18, 150) -> (18, 151) -> (18, 152) -> (17, 152) -> (16, 152) -> (16, 153) -> (16, 154) -> (16, 155) -> (16, 156) -> (16, 157) -> (16, 158) -> (16, 159) -> (16, 160) -> (16, 161) -> (16, 162) -> (16, 163) -> (16, 164) -> (15, 164) -> (14, 164) -> (13, 164) -> (12, 164) -> (11, 164) -> (10, 164) -> (10, 163) -> (10, 162) -> (9, 162) -> (8, 162) -> (7, 162) -> (6, 162) -> (5, 162) -> (4, 162) -> (4, 161) -> (4, 160) -> (4, 159) -> (3, 159) -> (3, 160) -> (3, 161) -> (2, 161) -> (1, 161) -> (1, 162) -> (1, 163) -> (1, 164) -> (1, 165) -> (1, 166) -> (2, 166) -> (3, 166) -> (4, 166) -> (5, 166) -> (6, 166) -> (7, 166) -> (8, 166) -> (9, 166) -> (9, 167) -> (9, 168) -> (9, 169) -> (8, 169) -> (7, 169) -> (6, 169) -> (5, 169) -> (4, 169) -> (4, 168) -> (3, 168) -> (2, 168) -> (2, 169) -> (2, 170) -> (2, 171) -> (3, 171) -> (4, 171) -> (4, 172) -> (4, 173) -> (4, 174) -> (4, 175) -> (3, 175) -> (2, 175) -> (1, 175) -> (1, 176) -> (1, 177) -> (1, 178) -> (1, 179) -> (1, 180) -> (2, 180) -> (3, 180) -> (3, 179) -> (3, 178) -> (4, 178) -> (5, 178) -> (5, 179) -> (6, 179) -> (7, 179) -> (8, 179) -> (9, 179) -> (9, 180) -> (8, 180) -> (8, 181) -> (8, 182) -> (7, 182) -> (6, 182) -> (5, 182) -> (4, 182) -> (4, 183) -> (4, 184) -> (4, 185) -> (4, 186) -> (4, 187) -> (4, 188) -> (4, 189) -> (4, 190) -> (5, 190) -> (6, 190) -> (7, 190) -> (8, 190) -> (9, 190) -> (10, 190) -> (10, 191) -> (11, 191) -> (11, 192) -> (11, 193) -> (11, 194) -> (11, 195) -> (12, 195) -> (13, 195) -> (13, 196) -> (13, 197) -> (12, 197) -> (12, 198) -> (12, 199) -> (12, 200) -> (12, 201) -> (12, 202) -> (12, 203) -> (12, 204) -> (12, 205) -> (12, 206) -> (12, 207) -> (12, 208) -> (12, 209) -> (12, 210) -> (12, 211) -> (12, 212) -> (12, 213) -> (11, 213) -> (11, 212) -> (11, 211) -> (11, 210) -> (11, 209) -> (11, 208) -> (11, 207) -> (11, 206) -> (10, 206) -> (9, 206) -> (9, 205) -> (9, 204) -> (9, 203) -> (9, 202) -> (9, 201) -> (9, 200) -> (9, 199) -> (8, 199) -> (7, 199) -> (7, 198) -> (7, 197) -> (6, 197) -> (5, 197) -> (4, 197) -> (3, 197) -> (3, 198) -> (3, 199) -> (4, 199) -> (5, 199) -> (5, 200) -> (6, 200) -> (6, 201) -> (6, 202) -> (6, 203) -> (6, 204) -> (5, 204) -> (4, 204) -> (3, 204) -> (2, 204) -> (1, 204) -> (1, 205) -> (1, 206) -> (1, 207) -> (1, 208) -> (1, 209) -> (2, 209) -> (3, 209) -> (4, 209) -> (5, 209) -> (6, 209) -> (7, 209) -> (7, 210) -> (7, 211) -> (7, 212) -> (7, 213) -> (7, 214) -> (6, 214) -> (5, 214) -> (4, 214) -> (3, 214) -> (3, 215) -> (3, 216) -> (3, 217) -> (3, 218) -> (3, 219) -> (3, 220) -> (3, 221) -> (3, 222) -> (3, 223) -> (3, 224) -> (3, 225) -> (3, 226) -> (3, 227) -> (3, 228) -> (3, 229) -> (3, 230) -> (2, 230) -> (1, 230) -> (1, 231) -> (1, 232) -> (1, 233) -> (1, 234) -> (2, 234) -> (3, 234) -> (3, 235) -> (3, 236) -> (3, 237) -> (3, 238) -> (3, 239) -> (3, 240) -> (3, 241) -> (3, 242) -> (3, 243) -> (4, 243) -> (5, 243) -> (6, 243) -> (7, 243) -> (8, 243) -> (9, 243) -> (10, 243) -> (10, 244) -> (11, 244) -> (12, 244) -> (13, 244) -> (14, 244) -> (15, 244) -> (16, 244) -> (17, 244) -> (18, 244) -> (19, 244) -> (19, 243) -> (19, 242) -> (19, 241) -> (19, 240) -> (19, 239) -> (19, 238) -> (19, 237) -> (20, 237) -> (20, 238) -> (20, 239) -> (21, 239) -> (21, 240) -> (22, 240) -> (23, 240) -> (24, 240) -> (25, 240) -> (26, 240) -> (27, 240) -> (28, 240) -> (29, 240) -> (30, 240) -> (31, 240) -> (32, 240) -> (32, 241) -> (32, 242) -> (32, 243) -> (32, 244) -> (31, 244) -> (30, 244) -> (30, 243) -> (29, 243) -> (28, 243) -> (27, 243) -> (26, 243) -> (25, 243) -> (24, 243) -> (24, 242) -> (24, 241) -> (23, 241) -> (22, 241) -> (22, 242) -> (22, 243) -> (22, 244) -> (22, 245) -> (22, 246) -> (22, 247) -> (21, 247) -> (20, 247) -> (20, 248) -> (20, 249) -> (20, 250) -> (20, 251) -> (20, 252) -> (20, 253) -> (20, 254) -> (20, 255) -> (20, 256) -> (20, 257) -> (20, 258) -> (20, 259) -> (21, 259) -> (22, 259) -> (22, 258) -> (23, 258) -> (24, 258) -> (25, 258) -> (25, 259) -> (25, 260) -> (25, 261) -> (25, 262) -> (24, 262) -> (24, 261) -> (24, 260) -> (23, 260) -> (23, 261) -> (22, 261) -> (21, 261) -> (20, 261) -> (19, 261) -> (18, 261) -> (17, 261) -> (16, 261) -> (15, 261) -> (14, 261) -> (13, 261) -> (12, 261) -> (11, 261) -> (11, 260) -> (11, 259) -> (11, 258) -> (11, 257) -> (11, 256) -> (11, 255) -> (11, 254) -> (11, 253) -> (12, 253) -> (13, 253) -> (14, 253) -> (15, 253) -> (15, 254) -> (15, 255) -> (15, 256) -> (15, 257) -> (14, 257) -> (13, 257) -> (12, 257) -> (12, 258) -> (12, 259) -> (12, 260) -> (13, 260) -> (14, 260) -> (15, 260) -> (16, 260) -> (17, 260) -> (18, 260) -> (18, 259) -> (18, 258) -> (18, 257) -> (18, 256) -> (18, 255) -> (18, 254) -> (18, 253) -> (19, 253) -> (19, 252) -> (19, 251) -> (19, 250) -> (19, 249) -> (18, 249) -> (17, 249) -> (16, 249) -> (15, 249) -> (14, 249) -> (13, 249) -> (12, 249) -> (11, 249) -> (10, 249) -> (9, 249) -> (8, 249) -> (7, 249) -> (6, 249) -> (5, 249) -> (5, 250) -> (5, 251) -> (5, 252) -> (5, 253) -> (5, 254) -> (5, 255) -> (5, 256) -> (5, 257) -> (5, 258) -> (5, 259) -> (5, 260) -> (5, 261) -> (5, 262) -> (5, 263) -> (4, 263) -> (3, 263) -> (2, 263) -> (1, 263) -> (1, 264) -> (1, 265) -> (1, 266) -> (1, 267) -> (2, 267) -> (3, 267) -> (3, 266) -> (3, 265) -> (3, 264) -> (4, 264) -> (4, 265) -> (5, 265) -> (6, 265) -> (6, 266) -> (6, 267) -> (7, 267) -> (8, 267) -> (9, 267) -> (9, 268) -> (9, 269) -> (9, 270) -> (9, 271) -> (8, 271) -> (7, 271) -> (6, 271) -> (5, 271) -> (4, 271) -> (3, 271) -> (3, 272) -> (3, 273) -> (4, 273) -> (5, 273) -> (6, 273) -> (7, 273) -> (7, 274) -> (7, 275) -> (8, 275) -> (9, 275) -> (10, 275) -> (11, 275) -> (12, 275) -> (13, 275) -> (14, 275) -> (15, 275) -> (16, 275) -> (17, 275) -> (17, 276) -> (17, 277) -> (17, 278) -> (17, 279) -> (17, 280) -> (17, 281) -> (17, 282) -> (17, 283) -> (17, 284) -> (17, 285) -> (17, 286) -> (17, 287) -> (17, 288) -> (18, 288) -> (19, 288) -> (19, 289) -> (19, 290) -> (19, 291) -> (19, 292) -> (19, 293) -> (19, 294) -> (19, 295) -> (18, 295) -> (17, 295) -> (16, 295) -> (15, 295) -> (14, 295) -> (13, 295) -> (13, 296) -> (13, 297) -> (13, 298) -> (14, 298) -> (15, 298) -> (16, 298) -> (16, 297) -> (16, 296) -> (17, 296) -> (18, 296) -> (18, 297) -> (19, 297) -> (20, 297) -> (21, 297) -> (21, 298) -> (21, 299) -> (20, 299) -> (19, 299) -> (18, 299) -> (17, 299) -> (17, 300) -> (16, 300) -> (15, 300) -> (15, 301) -> (15, 302) -> (14, 302) -> (13, 302) -> (12, 302) -> (12, 301) -> (11, 301) -> (10, 301) -> (9, 301) -> (8, 301) -> (7, 301) -> (6, 301) -> (5, 301) -> (5, 300) -> (4, 300) -> (3, 300) -> (2, 300) -> (2, 301) -> (1, 301) -> (1, 302) -> (1, 303) -> (1, 304) -> (1, 305) -> (1, 306) -> (1, 307) -> (1, 308) -> (1, 309) -> (1, 310) -> (1, 311) -> (1, 312) -> (2, 312) -> (3, 312) -> (4, 312) -> (5, 312) -> (6, 312) -> (7, 312) -> (8, 312) -> (8, 311) -> (8, 310) -> (8, 309) -> (8, 308) -> (8, 307) -> (8, 306) -> (8, 305) -> (8, 304) -> (9, 304) -> (10, 304) -> (11, 304) -> (11, 305) -> (11, 306) -> (11, 307) -> (11, 308) -> (11, 309) -> (10, 309) -> (9, 309) -> (9, 310) -> (9, 311) -> (10, 311) -> (11, 311) -> (12, 311) -> (13, 311) -> (14, 311) -> (15, 311) -> (16, 311) -> (17, 311) -> (18, 311) -> (19, 311) -> (19, 312) -> (19, 313) -> (19, 314) -> (19, 315) -> (19, 316) -> (19, 317) -> (19, 318) -> (19, 319) -> (18, 319) -> (17, 319) -> (16, 319) -> (15, 319) -> (14, 319) -> (13, 319) -> (12, 319) -> (11, 319) -> (10, 319) -> (9, 319) -> (8, 319) -> (7, 319) -> (7, 318) -> (7, 317) -> (7, 316) -> (7, 315) -> (7, 314) -> (7, 313) -> (6, 313) -> (5, 313) -> (5, 314) -> (5, 315) -> (5, 316) -> (5, 317) -> (5, 318) -> (5, 319) -> (5, 320) -> (5, 321) -> (5, 322) -> (5, 323) -> (4, 323) -> (3, 323) -> (2, 323) -> (1, 323) -> (1, 324) -> (1, 325) -> (2, 325) -> (3, 325) -> (4, 325) -> (5, 325) -> (6, 325) -> (7, 325) -> (8, 325) -> (8, 326) -> (7, 326) -> (6, 326) -> (5, 326) -> (5, 327) -> (5, 328) -> (4, 328) -> (3, 328) -> (3, 329) -> (3, 330) -> (3, 331) -> (2, 331) -> (1, 331) -> (1, 332) -> (2, 332) -> (2, 333) -> (2, 334) -> (2, 335) -> (3, 335) -> (4, 335) -> (5, 335) -> (6, 335) -> (7, 335) -> (8, 335) -> (9, 335) -> (10, 335) -> (11, 335) -> (11, 336) -> (11, 337) -> (11, 338) -> (10, 338) -> (10, 339) -> (10, 340) -> (10, 341) -> (9, 341) -> (9, 340) -> (9, 339) -> (8, 339) -> (7, 339) -> (6, 339) -> (5, 339) -> (4, 339) -> (3, 339) -> (2, 339) -> (1, 339) -> (1, 340) -> (1, 341) -> (1, 342) -> (1, 343) -> (1, 344) -> (1, 345) -> (2, 345) -> (3, 345) -> (3, 346) -> (3, 347) -> (3, 348) -> (2, 348) -> (1, 348) -> (1, 349) -> (1, 350) -> (1, 351) -> (1, 352) -> (1, 353) -> (1, 354) -> (1, 355) -> (1, 356) -> (1, 357) -> (1, 358) -> (1, 359) -> (2, 359) -> (3, 359) -> (4, 359) -> (4, 360) -> (4, 361) -> (3, 361) -> (2, 361) -> (1, 361) -> (1, 362) -> (1, 363) -> (1, 364) -> (1, 365) -> (1, 366) -> (1, 367) -> (1, 368) -> (1, 369) -> (1, 370) -> (2, 370) -> (2, 369) -> (2, 368) -> (2, 367) -> (2, 366) -> (3, 366) -> (4, 366) -> (5, 366) -> (6, 366) -> (6, 367) -> (6, 368) -> (6, 369) -> (6, 370) -> (6, 371) -> (6, 372) -> (6, 373) -> (6, 374) -> (6, 375) -> (6, 376) -> (6, 377) -> (6, 378) -> (6, 379) -> (6, 380) -> (5, 380) -> (5, 381) -> (5, 382) -> (5, 383) -> (5, 384) -> (4, 384) -> (3, 384) -> (3, 385) -> (3, 386) -> (2, 386) -> (1, 386) -> (1, 387) -> (1, 388) -> (1, 389) -> (1, 390) -> (1, 391) -> (2, 391) -> (3, 391) -> (3, 392) -> (3, 393) -> (3, 394) -> (4, 394) -> (5, 394) -> (6, 394) -> (7, 394) -> (8, 394) -> (8, 395) -> (8, 396) -> (8, 397) -> (8, 398) -> (9, 398) -> (10, 398) -> (11, 398) -> (12, 398) -> (12, 397) -> (12, 396) -> (12, 395) -> (12, 394) -> (12, 393) -> (12, 392) -> (12, 391) -> (13, 391) -> (14, 391) -> (15, 391) -> (16, 391) -> (17, 391) -> (18, 391) -> (18, 392) -> (18, 393) -> (18, 394) -> (18, 395) -> (19, 395) -> (20, 395) -> (21, 395) -> (21, 396) -> (21, 397) -> (21, 398) -> (22, 398) -> (23, 398) -> (24, 398) -> (24, 397) -> (24, 396) -> (24, 395) -> (24, 394) -> (24, 393) -> (24, 392) -> (24, 391) -> (24, 390) -> (24, 389) -> (24, 388) -> (24, 387) -> (24, 386) -> (24, 385) -> (24, 384) -> (24, 383) -> (24, 382) -> (23, 382) -> (22, 382) -> (21, 382) -> (20, 382) -> (19, 382) -> (18, 382) -> (17, 382) -> (16, 382) -> (16, 381) -> (16, 380) -> (16, 379) -> (16, 378) -> (15, 378) -> (15, 377) -> (15, 376) -> (15, 375) -> (16, 375) -> (17, 375) -> (18, 375) -> (18, 376) -> (18, 377) -> (18, 378) -> (18, 379) -> (18, 380) -> (19, 380) -> (20, 380) -> (21, 380) -> (22, 380) -> (23, 380) -> (24, 380) -> (25, 380) -> (26, 380) -> (26, 381) -> (26, 382) -> (26, 383) -> (26, 384) -> (27, 384) -> (28, 384) -> (28, 385) -> (29, 385) -> (29, 386) -> (29, 387) -> (28, 387) -> (27, 387) -> (26, 387) -> (25, 387) -> (25, 388) -> (25, 389) -> (25, 390) -> (25, 391) -> (25, 392) -> (25, 393) -> (25, 394) -> (25, 395) -> (25, 396) -> (25, 397) -> (26, 397) -> (27, 397) -> (27, 396) -> (27, 395) -> (27, 394) -> (27, 393) -> (28, 393) -> (29, 393) -> (30, 393) -> (31, 393) -> (32, 393) -> (32, 394) -> (32, 395) -> (33, 395) -> (34, 395) -> (34, 396) -> (34, 397) -> (34, 398) -> (35, 398) -> (36, 398) -> (37, 398) -> (38, 398) -> (39, 398) -> (40, 398) -> (41, 398) -> (42, 398) -> (43, 398) -> (44, 398) -> (45, 398) -> (46, 398) -> (47, 398) -> (48, 398) -> (49, 398) -> (50, 398) -> (51, 398) -> (52, 398) -> (52, 397) -> (52, 396) -> (52, 395) -> (52, 394) -> (52, 393) -> (52, 392) -> (53, 392) -> (54, 392) -> (55, 392) -> (56, 392) -> (56, 393) -> (56, 394) -> (56, 395) -> (56, 396) -> (56, 397) -> (56, 398) -> (57, 398) -> (58, 398) -> (59, 398) -> (60, 398) -> (60, 397) -> (60, 396) -> (60, 395) -> (61, 395) -> (62, 395) -> (63, 395) -> (64, 395) -> (65, 395) -> (66, 395) -> (67, 395) -> (68, 395) -> (69, 395) -> (70, 395) -> (70, 396) -> (69, 396) -> (69, 397) -> (69, 398) -> (70, 398) -> (71, 398) -> (72, 398) -> (73, 398) -> (74, 398) -> (75, 398) -> (76, 398) -> (76, 397) -> (76, 396) -> (75, 396) -> (75, 395) -> (75, 394) -> (76, 394) -> (77, 394) -> (78, 394) -> (79, 394) -> (80, 394) -> (81, 394) -> (82, 394) -> (82, 395) -> (82, 396) -> (82, 397) -> (82, 398) -> (83, 398) -> (84, 398) -> (85, 398) -> (86, 398) -> (86, 397) -> (86, 396) -> (87, 396) -> (88, 396) -> (88, 397) -> (89, 397) -> (90, 397) -> (90, 396) -> (90, 395) -> (91, 395) -> (92, 395) -> (93, 395) -> (94, 395) -> (95, 395) -> (96, 395) -> (97, 395) -> (97, 394) -> (97, 393) -> (97, 392) -> (97, 391) -> (97, 390) -> (97, 389) -> (97, 388) -> (97, 387) -> (97, 386) -> (98, 386) -> (99, 386) -> (100, 386) -> (101, 386) -> (102, 386) -> (103, 386) -> (104, 386) -> (105, 386) -> (106, 386) -> (107, 386) -> (108, 386) -> (109, 386) -> (110, 386) -> (110, 387) -> (110, 388) -> (110, 389) -> (110, 390) -> (110, 391) -> (110, 392) -> (110, 393) -> (110, 394) -> (111, 394) -> (112, 394) -> (113, 394) -> (114, 394) -> (115, 394) -> (115, 395) -> (115, 396) -> (115, 397) -> (115, 398) -> (116, 398) -> (117, 398) -> (118, 398) -> (119, 398) -> (120, 398) -> (121, 398) -> (122, 398) -> (122, 397) -> (122, 396) -> (122, 395) -> (122, 394) -> (123, 394) -> (124, 394) -> (125, 394) -> (126, 394) -> (127, 394) -> (128, 394) -> (129, 394) -> (130, 394) -> (131, 394) -> (132, 394) -> (133, 394) -> (134, 394) -> (135, 394) -> (136, 394) -> (137, 394) -> (138, 394) -> (139, 394) -> (140, 394) -> (141, 394) -> (142, 394) -> (142, 395) -> (142, 396) -> (142, 397) -> (142, 398) -> (143, 398) -> (144, 398) -> (145, 398) -> (146, 398) -> (147, 398) -> (148, 398) -> (149, 398) -> (150, 398) -> (151, 398) -> (152, 398) -> (153, 398) -> (154, 398) -> (155, 398) -> (156, 398) -> (157, 398) -> (157, 397) -> (157, 396) -> (157, 395) -> (157, 394) -> (157, 393) -> (157, 392) -> (157, 391) -> (157, 390) -> (158, 390) -> (159, 390) -> (160, 390) -> (161, 390) -> (162, 390) -> (163, 390) -> (164, 390) -> (165, 390) -> (166, 390) -> (167, 390) -> (168, 390) -> (169, 390) -> (170, 390) -> (171, 390) -> (172, 390) -> (173, 390) -> (174, 390) -> (175, 390) -> (176, 390) -> (177, 390) -> (178, 390) -> (179, 390) -> (179, 391) -> (179, 392) -> (179, 393) -> (180, 393) -> (181, 393) -> (181, 394) -> (181, 395) -> (180, 395) -> (179, 395) -> (179, 396) -> (179, 397) -> (179, 398) -> (180, 398) -> (181, 398) -> (182, 398) -> (183, 398) -> (184, 398) -> (185, 398) -> (186, 398) -> (187, 398) -> (187, 397) -> (187, 396) -> (187, 395) -> (187, 394) -> (188, 394) -> (189, 394) -> (190, 394) -> (191, 394) -> (192, 394) -> (193, 394) -> (194, 394) -> (195, 394) -> (196, 394) -> (197, 394) -> (198, 394) -> (199, 394) -> (200, 394) -> (201, 394) -> (202, 394) -> (203, 394) -> (204, 394) -> (205, 394) -> (206, 394) -> (207, 394) -> (208, 394) -> (209, 394) -> (210, 394) -> (210, 395) -> (210, 396) -> (210, 397) -> (211, 397) -> (211, 398) -> (212, 398) -> (213, 398) -> (214, 398) -> (215, 398) -> (215, 397) -> (215, 396) -> (215, 395) -> (215, 394) -> (215, 393) -> (215, 392) -> (215, 391) -> (215, 390) -> (216, 390) -> (217, 390) -> (218, 390) -> (218, 391) -> (218, 392) -> (218, 393) -> (218, 394) -> (218, 395) -> (218, 396) -> (218, 397) -> (219, 397) -> (220, 397) -> (220, 396) -> (220, 395) -> (220, 394) -> (220, 393) -> (221, 393) -> (222, 393) -> (223, 393) -> (224, 393) -> (224, 394) -> (225, 394) -> (226, 394) -> (227, 394) -> (228, 394) -> (228, 395) -> (229, 395) -> (230, 395) -> (231, 395) -> (232, 395) -> (233, 395) -> (234, 395) -> (235, 395) -> (236, 395) -> (237, 395) -> (238, 395) -> (239, 395) -> (240, 395) -> (240, 394) -> (240, 393) -> (239, 393) -> (238, 393) -> (238, 392) -> (239, 392) -> (239, 391) -> (239, 390) -> (239, 389) -> (239, 388) -> (239, 387) -> (239, 386) -> (239, 385) -> (239, 384) -> (239, 383) -> (239, 382) -> (239, 381) -> (239, 380) -> (239, 379) -> (239, 378) -> (239, 377) -> (240, 377) -> (241, 377) -> (241, 378) -> (241, 379) -> (241, 380) -> (242, 380) -> (242, 381) -> (243, 381) -> (244, 381) -> (245, 381) -> (246, 381) -> (247, 381) -> (248, 381) -> (249, 381) -> (250, 381) -> (251, 381) -> (252, 381) -> (253, 381) -> (253, 380) -> (253, 379) -> (253, 378) -> (253, 377) -> (253, 376) -> (253, 375) -> (253, 374) -> (253, 373) -> (253, 372) -> (253, 371) -> (253, 370) -> (254, 370) -> (255, 370) -> (256, 370) -> (257, 370) -> (257, 369) -> (257, 368) -> (257, 367) -> (257, 366) -> (257, 365) -> (257, 364) -> (257, 363) -> (257, 362) -> (257, 361) -> (258, 361) -> (259, 361) -> (259, 362) -> (258, 362) -> (258, 363) -> (258, 364) -> (258, 365) -> (259, 365) -> (259, 366) -> (259, 367) -> (259, 368) -> (259, 369) -> (259, 370) -> (260, 370) -> (261, 370) -> (261, 371) -> (262, 371) -> (262, 372) -> (262, 373) -> (262, 374) -> (262, 375) -> (261, 375) -> (260, 375) -> (259, 375) -> (258, 375) -> (257, 375) -> (256, 375) -> (256, 376) -> (256, 377) -> (256, 378) -> (256, 379) -> (256, 380) -> (256, 381) -> (256, 382) -> (256, 383) -> (255, 383) -> (254, 383) -> (253, 383) -> (252, 383) -> (252, 384) -> (252, 385) -> (252, 386) -> (252, 387) -> (251, 387) -> (251, 386) -> (251, 385) -> (250, 385) -> (249, 385) -> (248, 385) -> (247, 385) -> (246, 385) -> (245, 385) -> (244, 385) -> (244, 386) -> (244, 387) -> (244, 388) -> (245, 388) -> (246, 388) -> (247, 388) -> (248, 388) -> (249, 388) -> (249, 389) -> (249, 390) -> (249, 391) -> (249, 392) -> (249, 393) -> (249, 394) -> (249, 395) -> (249, 396) -> (249, 397) -> (249, 398) -> (250, 398) -> (251, 398) -> (252, 398) -> (253, 398) -> (254, 398) -> (254, 397) -> (254, 396) -> (254, 395) -> (254, 394) -> (254, 393) -> (254, 392) -> (254, 391) -> (254, 390) -> (254, 389) -> (254, 388) -> (254, 387) -> (254, 386) -> (254, 385) -> (254, 384) -> (255, 384) -> (255, 385) -> (255, 386) -> (255, 387) -> (255, 388) -> (255, 389) -> (255, 390) -> (255, 391) -> (255, 392) -> (255, 393) -> (255, 394) -> (255, 395) -> (255, 396) -> (255, 397) -> (256, 397) -> (257, 397) -> (258, 397) -> (259, 397) -> (260, 397) -> (261, 397) -> (262, 397) -> (263, 397) -> (264, 397) -> (265, 397) -> (266, 397) -> (267, 397) -> (268, 397) -> (269, 397) -> (269, 398) -> (270, 398) -> (271, 398) -> (272, 398) -> (273, 398) -> (274, 398) -> (274, 397) -> (274, 396) -> (275, 396) -> (276, 396) -> (276, 397) -> (277, 397) -> (278, 397) -> (279, 397) -> (280, 397) -> (281, 397) -> (282, 397) -> (282, 396) -> (281, 396) -> (280, 396) -> (279, 396) -> (278, 396) -> (278, 395) -> (278, 394) -> (278, 393) -> (278, 392) -> (279, 392) -> (280, 392) -> (281, 392) -> (281, 393) -> (281, 394) -> (282, 394) -> (283, 394) -> (284, 394) -> (285, 394) -> (286, 394) -> (287, 394) -> (287, 393) -> (287, 392) -> (288, 392) -> (288, 393) -> (289, 393) -> (290, 393) -> (291, 393) -> (292, 393) -> (293, 393) -> (294, 393) -> (295, 393) -> (295, 394) -> (295, 395) -> (295, 396) -> (294, 396) -> (293, 396) -> (292, 396) -> (291, 396) -> (291, 397) -> (292, 397) -> (293, 397) -> (294, 397) -> (294, 398) -> (295, 398) -> (296, 398) -> (297, 398) -> (298, 398) -> (299, 398) -> (300, 398) -> (301, 398) -> (302, 398) -> (302, 397) -> (302, 396) -> (302, 395) -> (302, 394) -> (302, 393) -> (302, 392) -> (302, 391) -> (302, 390) -> (302, 389) -> (302, 388) -> (302, 387) -> (302, 386) -> (303, 386) -> (304, 386) -> (305, 386) -> (306, 386) -> (306, 387) -> (306, 388) -> (306, 389) -> (307, 389) -> (308, 389) -> (309, 389) -> (310, 389) -> (311, 389) -> (312, 389) -> (313, 389) -> (314, 389) -> (315, 389) -> (316, 389) -> (317, 389) -> (318, 389) -> (319, 389) -> (320, 389) -> (321, 389) -> (322, 389) -> (322, 390) -> (322, 391) -> (322, 392) -> (322, 393) -> (322, 394) -> (322, 395) -> (322, 396) -> (322, 397) -> (323, 397) -> (324, 397) -> (325, 397) -> (326, 397) -> (327, 397) -> (328, 397) -> (329, 397) -> (330, 397) -> (331, 397) -> (332, 397) -> (333, 397) -> (334, 397) -> (335, 397) -> (336, 397) -> (337, 397) -> (337, 398) -> (338, 398) -> (339, 398) -> (339, 397) -> (339, 396) -> (338, 396) -> (337, 396) -> (336, 396) -> (335, 396) -> (335, 395) -> (335, 394) -> (335, 393) -> (336, 393) -> (337, 393) -> (337, 392) -> (337, 391) -> (337, 390) -> (337, 389) -> (337, 388) -> (337, 387) -> (338, 387) -> (338, 388) -> (338, 389) -> (338, 390) -> (338, 391) -> (339, 391) -> (340, 391) -> (341, 391) -> (342, 391) -> (343, 391) -> (344, 391) -> (345, 391) -> (346, 391) -> (347, 391) -> (347, 390) -> (347, 389) -> (347, 388) -> (347, 387) -> (347, 386) -> (347, 385) -> (347, 384) -> (347, 383) -> (347, 382) -> (347, 381) -> (347, 380) -> (347, 379) -> (347, 378) -> (347, 377) -> (347, 376) -> (347, 375) -> (347, 374) -> (347, 373) -> (348, 373) -> (348, 372) -> (348, 371) -> (348, 370) -> (349, 370) -> (350, 370) -> (350, 371) -> (350, 372) -> (350, 373) -> (350, 374) -> (350, 375) -> (351, 375) -> (352, 375) -> (353, 375) -> (354, 375) -> (355, 375) -> (356, 375) -> (357, 375) -> (358, 375) -> (359, 375) -> (360, 375) -> (360, 376) -> (359, 376) -> (358, 376) -> (357, 376) -> (356, 376) -> (356, 377) -> (356, 378) -> (356, 379) -> (356, 380) -> (356, 381) -> (356, 382) -> (356, 383) -> (356, 384) -> (357, 384) -> (357, 385) -> (357, 386) -> (356, 386) -> (355, 386) -> (355, 385) -> (354, 385) -> (353, 385) -> (353, 384) -> (353, 383) -> (353, 382) -> (353, 381) -> (354, 381) -> (355, 381) -> (355, 380) -> (355, 379) -> (355, 378) -> (354, 378) -> (353, 378) -> (352, 378) -> (351, 378) -> (350, 378) -> (349, 378) -> (349, 379) -> (349, 380) -> (349, 381) -> (349, 382) -> (349, 383) -> (350, 383) -> (350, 384) -> (350, 385) -> (350, 386) -> (350, 387) -> (350, 388) -> (350, 389) -> (350, 390) -> (349, 390) -> (349, 391) -> (349, 392) -> (349, 393) -> (349, 394) -> (349, 395) -> (349, 396) -> (349, 397) -> (349, 398) -> (350, 398) -> (351, 398) -> (352, 398) -> (353, 398) -> (353, 397) -> (353, 396) -> (353, 395) -> (353, 394) -> (353, 393) -> (353, 392) -> (353, 391) -> (353, 390) -> (353, 389) -> (354, 389) -> (355, 389) -> (356, 389) -> (357, 389) -> (358, 389) -> (359, 389) -> (360, 389) -> (360, 390) -> (359, 390) -> (358, 390) -> (357, 390) -> (356, 390) -> (356, 391) -> (356, 392) -> (356, 393) -> (356, 394) -> (356, 395) -> (355, 395) -> (354, 395) -> (354, 396) -> (354, 397) -> (355, 397) -> (355, 398) -> (356, 398) -> (357, 398) -> (358, 398) -> (359, 398) -> (360, 398) -> (361, 398) -> (362, 398) -> (363, 398) -> (364, 398) -> (365, 398) -> (366, 398) -> (366, 397) -> (366, 396) -> (366, 395) -> (366, 394) -> (366, 393) -> (366, 392) -> (366, 391) -> (367, 391) -> (368, 391) -> (369, 391) -> (370, 391) -> (371, 391) -> (372, 391) -> (373, 391) -> (374, 391) -> (375, 391) -> (375, 392) -> (375, 393) -> (375, 394) -> (375, 395) -> (375, 396) -> (376, 396) -> (377, 396) -> (378, 396) -> (379, 396) -> (380, 396) -> (381, 396) -> (382, 396) -> (383, 396) -> (384, 396) -> (385, 396) -> (386, 396) -> (387, 396) -> (388, 396) -> (389, 396) -> (390, 396) -> (391, 396) -> (392, 396) -> (393, 396) -> (394, 396) -> (395, 396) -> (396, 396) -> (397, 396) -> (398, 396) -> (398, 397) -> (398, 398) -> (399, 398)
Tiempo de ejecución: 7.8201 milisegundos
